[2026-06-27 01:31:25] START window=跃马扬鞭 site=BR
[2026-06-27 01:32:23] COLLECTED ids=57 groups=19
[2026-06-27 01:32:35] SENT group=1/19 ids=5432591422,5433043278,5431591036 method=shadow-button typed=True screenshot=C:\Users\Admin\PycharmProjects\MercadoApp\bit\跃马扬鞭_BR_loop_20260627_013223_ai_group_1.png
[2026-06-27 01:32:43] SENT group=2/19 ids=5431668770,5432253796,5090038906 method=enter-fallback typed=True screenshot=C:\Users\Admin\PycharmProjects\MercadoApp\bit\跃马扬鞭_BR_loop_20260627_013223_ai_group_2.png
[2026-06-27 01:32:51] SENT group=3/19 ids=2691725929,4811448042,4788933476 method=enter-fallback typed=True screenshot=C:\Users\Admin\PycharmProjects\MercadoApp\bit\跃马扬鞭_BR_loop_20260627_013223_ai_group_3.png
[2026-06-27 01:32:58] SENT group=4/19 ids=5170326532,2872391137,5204725252 method=enter-fallback typed=True screenshot=C:\Users\Admin\PycharmProjects\MercadoApp\bit\跃马扬鞭_BR_loop_20260627_013223_ai_group_4.png
[2026-06-27 01:33:06] SENT group=5/19 ids=2872391079,2872391011,2872380655 method=enter-fallback typed=True screenshot=C:\Users\Admin\PycharmProjects\MercadoApp\bit\跃马扬鞭_BR_loop_20260627_013223_ai_group_5.png
[2026-06-27 01:33:14] SENT group=6/19 ids=2870098759,5199395742,2870050781 method=enter-fallback typed=True screenshot=C:\Users\Admin\PycharmProjects\MercadoApp\bit\跃马扬鞭_BR_loop_20260627_013223_ai_group_6.png
[2026-06-27 01:33:22] SENT group=7/19 ids=2870045999,2870045909,5199257236 method=enter-fallback typed=True screenshot=C:\Users\Admin\PycharmProjects\MercadoApp\bit\跃马扬鞭_BR_loop_20260627_013223_ai_group_7.png
[2026-06-27 01:33:30] SENT group=8/19 ids=2870042347,2870042321,2870042223 method=enter-fallback typed=True screenshot=C:\Users\Admin\PycharmProjects\MercadoApp\bit\跃马扬鞭_BR_loop_20260627_013223_ai_group_8.png
[2026-06-27 01:33:37] SENT group=9/19 ids=5199196500,5199215060,2747383539 method=enter-fallback typed=True screenshot=C:\Users\Admin\PycharmProjects\MercadoApp\bit\跃马扬鞭_BR_loop_20260627_013223_ai_group_9.png
[2026-06-27 01:33:45] SENT group=10/19 ids=2747331653,2747370331,2826453319 method=enter-fallback typed=True screenshot=C:\Users\Admin\PycharmProjects\MercadoApp\bit\跃马扬鞭_BR_loop_20260627_013223_ai_group_10.png
[2026-06-27 01:33:53] SENT group=11/19 ids=2826388241,2826388199,2826388131 method=enter-fallback typed=True screenshot=C:\Users\Admin\PycharmProjects\MercadoApp\bit\跃马扬鞭_BR_loop_20260627_013223_ai_group_11.png
[2026-06-27 01:34:01] SENT group=12/19 ids=4586612416,4863203426,4811149116 method=enter-fallback typed=True screenshot=C:\Users\Admin\PycharmProjects\MercadoApp\bit\跃马扬鞭_BR_loop_20260627_013223_ai_group_12.png
[2026-06-27 01:34:09] SENT group=13/19 ids=2654806805,4601507614,2654815957 method=enter-fallback typed=True screenshot=C:\Users\Admin\PycharmProjects\MercadoApp\bit\跃马扬鞭_BR_loop_20260627_013223_ai_group_13.png
[2026-06-27 01:34:18] SENT group=14/19 ids=4587564832,4862605974,2665571549 method=enter-fallback typed=True screenshot=C:\Users\Admin\PycharmProjects\MercadoApp\bit\跃马扬鞭_BR_loop_20260627_013223_ai_group_14.png
[2026-06-27 01:34:27] SENT group=15/19 ids=2641211853,2736575857,5004877686 method=enter-fallback typed=True screenshot=C:\Users\Admin\PycharmProjects\MercadoApp\bit\跃马扬鞭_BR_loop_20260627_013223_ai_group_15.png
[2026-06-27 01:34:35] SENT group=16/19 ids=4571260806,4990453076,4990566930 method=enter-fallback typed=True screenshot=C:\Users\Admin\PycharmProjects\MercadoApp\bit\跃马扬鞭_BR_loop_20260627_013223_ai_group_16.png
[2026-06-27 01:34:44] SENT group=17/19 ids=2771676271,4948187908,2678401897 method=enter-fallback typed=True screenshot=C:\Users\Admin\PycharmProjects\MercadoApp\bit\跃马扬鞭_BR_loop_20260627_013223_ai_group_17.png
[2026-06-27 01:34:53] SENT group=18/19 ids=4808930954,2661960953,2716631901 method=enter-fallback typed=True screenshot=C:\Users\Admin\PycharmProjects\MercadoApp\bit\跃马扬鞭_BR_loop_20260627_013223_ai_group_18.png
[2026-06-27 01:35:03] SENT group=19/19 ids=2711733759,4605190062,2641274057 method=enter-fallback typed=True screenshot=C:\Users\Admin\PycharmProjects\MercadoApp\bit\跃马扬鞭_BR_loop_20260627_013223_ai_group_19.png
[2026-06-27 01:35:03] DONE ids=57 sent_groups=19
[2026-06-27 01:37:44] START window=跃马扬鞭 site=BR
[2026-06-27 01:38:42] COLLECTED ids=81 groups=27
[2026-06-27 01:38:54] SENT group=1/27 ids=6096510794,6782142216,6782116756 method=enter-fallback typed=True screenshot=C:\Users\Admin\PycharmProjects\MercadoApp\bit\跃马扬鞭_BR_loop_20260627_013842_ai_group_1.png
[2026-06-27 01:39:02] SENT group=2/27 ids=6158241752,4500278569,4566672579 method=enter-fallback typed=True screenshot=C:\Users\Admin\PycharmProjects\MercadoApp\bit\跃马扬鞭_BR_loop_20260627_013842_ai_group_2.png
[2026-06-27 01:39:10] SENT group=3/27 ids=6103901564,6871324606,6870544688 method=enter-fallback typed=True screenshot=C:\Users\Admin\PycharmProjects\MercadoApp\bit\跃马扬鞭_BR_loop_20260627_013842_ai_group_3.png
[2026-06-27 01:39:18] SENT group=4/27 ids=6247651816,6823523342,6275596542 method=enter-fallback typed=True screenshot=C:\Users\Admin\PycharmProjects\MercadoApp\bit\跃马扬鞭_BR_loop_20260627_013842_ai_group_4.png
[2026-06-27 01:39:26] SENT group=5/27 ids=6816324084,6816092368,6782108752 method=enter-fallback typed=True screenshot=C:\Users\Admin\PycharmProjects\MercadoApp\bit\跃马扬鞭_BR_loop_20260627_013842_ai_group_5.png
[2026-06-27 01:39:34] SENT group=6/27 ids=6782086038,6782075896,6107792912 method=enter-fallback typed=True screenshot=C:\Users\Admin\PycharmProjects\MercadoApp\bit\跃马扬鞭_BR_loop_20260627_013842_ai_group_6.png
[2026-06-27 01:39:42] SENT group=7/27 ids=6256291768,4385863883,6221601498 method=enter-fallback typed=True screenshot=C:\Users\Admin\PycharmProjects\MercadoApp\bit\跃马扬鞭_BR_loop_20260627_013842_ai_group_7.png
[2026-06-27 01:39:50] SENT group=8/27 ids=6207099882,4529976111,6636102802 method=enter-fallback typed=True screenshot=C:\Users\Admin\PycharmProjects\MercadoApp\bit\跃马扬鞭_BR_loop_20260627_013842_ai_group_8.png
[2026-06-27 01:39:58] SENT group=9/27 ids=6635994752,6636102844,6636102812 method=enter-fallback typed=True screenshot=C:\Users\Admin\PycharmProjects\MercadoApp\bit\跃马扬鞭_BR_loop_20260627_013842_ai_group_9.png
[2026-06-27 01:40:06] SENT group=10/27 ids=6635994722,6636077666,6635994660 method=enter-fallback typed=True screenshot=C:\Users\Admin\PycharmProjects\MercadoApp\bit\跃马扬鞭_BR_loop_20260627_013842_ai_group_10.png
[2026-06-27 01:40:14] SENT group=11/27 ids=6636090270,6635994668,6631312950 method=enter-fallback typed=True screenshot=C:\Users\Admin\PycharmProjects\MercadoApp\bit\跃马扬鞭_BR_loop_20260627_013842_ai_group_11.png
[2026-06-27 01:40:23] SENT group=12/27 ids=6631421766,4612951769,6631248858 method=enter-fallback typed=True screenshot=C:\Users\Admin\PycharmProjects\MercadoApp\bit\跃马扬鞭_BR_loop_20260627_013842_ai_group_12.png
[2026-06-27 01:40:31] SENT group=13/27 ids=6631308762,6631247728,6631308332 method=enter-fallback typed=True screenshot=C:\Users\Admin\PycharmProjects\MercadoApp\bit\跃马扬鞭_BR_loop_20260627_013842_ai_group_13.png
[2026-06-27 01:40:39] SENT group=14/27 ids=6631308288,6631247700,6631308208 method=enter-fallback typed=True screenshot=C:\Users\Admin\PycharmProjects\MercadoApp\bit\跃马扬鞭_BR_loop_20260627_013842_ai_group_14.png
[2026-06-27 01:40:47] SENT group=15/27 ids=6631144870,4612866923,6631246670 method=enter-fallback typed=True screenshot=C:\Users\Admin\PycharmProjects\MercadoApp\bit\跃马扬鞭_BR_loop_20260627_013842_ai_group_15.png
[2026-06-27 01:40:55] SENT group=16/27 ids=4612866887,6631143318,4612866205 method=enter-fallback typed=True screenshot=C:\Users\Admin\PycharmProjects\MercadoApp\bit\跃马扬鞭_BR_loop_20260627_013842_ai_group_16.png
[2026-06-27 01:41:03] SENT group=17/27 ids=6631143200,4476953283,4500329799 method=enter-fallback typed=True screenshot=C:\Users\Admin\PycharmProjects\MercadoApp\bit\跃马扬鞭_BR_loop_20260627_013842_ai_group_17.png
[2026-06-27 01:41:11] SENT group=18/27 ids=6127671802,6177861432,6107767296 method=enter-fallback typed=True screenshot=C:\Users\Admin\PycharmProjects\MercadoApp\bit\跃马扬鞭_BR_loop_20260627_013842_ai_group_18.png
[2026-06-27 01:41:19] SENT group=19/27 ids=6107767340,6120906798,4447701763 method=enter-fallback typed=True screenshot=C:\Users\Admin\PycharmProjects\MercadoApp\bit\跃马扬鞭_BR_loop_20260627_013842_ai_group_19.png
[2026-06-27 01:41:28] SENT group=20/27 ids=4381937041,6273419292,6107792788 method=enter-fallback typed=True screenshot=C:\Users\Admin\PycharmProjects\MercadoApp\bit\跃马扬鞭_BR_loop_20260627_013842_ai_group_20.png
[2026-06-27 01:41:37] SENT group=21/27 ids=6328307078,4385901999,6107525314 method=enter-fallback typed=True screenshot=C:\Users\Admin\PycharmProjects\MercadoApp\bit\跃马扬鞭_BR_loop_20260627_013842_ai_group_21.png
[2026-06-27 01:41:49] SENT group=22/27 ids=4392218123,4447520625,4566699745 method=enter-fallback typed=True screenshot=C:\Users\Admin\PycharmProjects\MercadoApp\bit\跃马扬鞭_BR_loop_20260627_013842_ai_group_22.png
[2026-06-27 01:41:56] SENT group=23/27 ids=6530755390,6530656488,4566660187 method=enter-fallback typed=True screenshot=C:\Users\Admin\PycharmProjects\MercadoApp\bit\跃马扬鞭_BR_loop_20260627_013842_ai_group_23.png
[2026-06-27 01:43:15] START window=跃马扬鞭 site=BR
[2026-06-27 01:44:02] COLLECTED ids=81 groups=27
[2026-06-27 01:44:13] SENT group=1/27 ids=6096510794,6782142216,6782116756 method=enter-fallback typed=True screenshot=C:\Users\Admin\PycharmProjects\MercadoApp\bit\跃马扬鞭_BR_loop_20260627_014402_ai_group_1.png
[2026-06-27 01:44:21] SENT group=2/27 ids=6158241752,4500278569,4566672579 method=enter-fallback typed=True screenshot=C:\Users\Admin\PycharmProjects\MercadoApp\bit\跃马扬鞭_BR_loop_20260627_014402_ai_group_2.png
[2026-06-27 01:44:29] SENT group=3/27 ids=6103901564,6871324606,6870544688 method=enter-fallback typed=True screenshot=C:\Users\Admin\PycharmProjects\MercadoApp\bit\跃马扬鞭_BR_loop_20260627_014402_ai_group_3.png
[2026-06-27 01:44:37] SENT group=4/27 ids=6247651816,6823523342,6275596542 method=enter-fallback typed=True screenshot=C:\Users\Admin\PycharmProjects\MercadoApp\bit\跃马扬鞭_BR_loop_20260627_014402_ai_group_4.png
[2026-06-27 01:44:45] SENT group=5/27 ids=6816324084,6816092368,6782108752 method=enter-fallback typed=True screenshot=C:\Users\Admin\PycharmProjects\MercadoApp\bit\跃马扬鞭_BR_loop_20260627_014402_ai_group_5.png
[2026-06-27 01:44:53] SENT group=6/27 ids=6782086038,6782075896,6107792912 method=enter-fallback typed=True screenshot=C:\Users\Admin\PycharmProjects\MercadoApp\bit\跃马扬鞭_BR_loop_20260627_014402_ai_group_6.png
[2026-06-27 01:45:01] SENT group=7/27 ids=6256291768,4385863883,6221601498 method=enter-fallback typed=True screenshot=C:\Users\Admin\PycharmProjects\MercadoApp\bit\跃马扬鞭_BR_loop_20260627_014402_ai_group_7.png
[2026-06-27 01:45:09] SENT group=8/27 ids=6207099882,4529976111,6636102802 method=enter-fallback typed=True screenshot=C:\Users\Admin\PycharmProjects\MercadoApp\bit\跃马扬鞭_BR_loop_20260627_014402_ai_group_8.png
[2026-06-27 01:45:17] SENT group=9/27 ids=6635994752,6636102844,6636102812 method=enter-fallback typed=True screenshot=C:\Users\Admin\PycharmProjects\MercadoApp\bit\跃马扬鞭_BR_loop_20260627_014402_ai_group_9.png
[2026-06-27 01:45:24] SENT group=10/27 ids=6635994722,6636077666,6635994660 method=enter-fallback typed=True screenshot=C:\Users\Admin\PycharmProjects\MercadoApp\bit\跃马扬鞭_BR_loop_20260627_014402_ai_group_10.png
[2026-06-27 01:45:32] SENT group=11/27 ids=6636090270,6635994668,6631312950 method=enter-fallback typed=True screenshot=C:\Users\Admin\PycharmProjects\MercadoApp\bit\跃马扬鞭_BR_loop_20260627_014402_ai_group_11.png
[2026-06-27 01:45:40] SENT group=12/27 ids=6631421766,4612951769,6631248858 method=enter-fallback typed=True screenshot=C:\Users\Admin\PycharmProjects\MercadoApp\bit\跃马扬鞭_BR_loop_20260627_014402_ai_group_12.png
[2026-06-27 01:45:48] SENT group=13/27 ids=6631308762,6631247728,6631308332 method=enter-fallback typed=True screenshot=C:\Users\Admin\PycharmProjects\MercadoApp\bit\跃马扬鞭_BR_loop_20260627_014402_ai_group_13.png
[2026-06-27 01:45:56] SENT group=14/27 ids=6631308288,6631247700,6631308208 method=enter-fallback typed=True screenshot=C:\Users\Admin\PycharmProjects\MercadoApp\bit\跃马扬鞭_BR_loop_20260627_014402_ai_group_14.png
[2026-06-27 01:46:04] SENT group=15/27 ids=6631144870,4612866923,6631246670 method=enter-fallback typed=True screenshot=C:\Users\Admin\PycharmProjects\MercadoApp\bit\跃马扬鞭_BR_loop_20260627_014402_ai_group_15.png
[2026-06-27 01:46:12] SENT group=16/27 ids=4612866887,6631143318,4612866205 method=enter-fallback typed=True screenshot=C:\Users\Admin\PycharmProjects\MercadoApp\bit\跃马扬鞭_BR_loop_20260627_014402_ai_group_16.png
[2026-06-27 01:46:19] SENT group=17/27 ids=6631143200,4476953283,4500329799 method=enter-fallback typed=True screenshot=C:\Users\Admin\PycharmProjects\MercadoApp\bit\跃马扬鞭_BR_loop_20260627_014402_ai_group_17.png
[2026-06-27 01:46:27] SENT group=18/27 ids=6127671802,6177861432,6107767296 method=enter-fallback typed=True screenshot=C:\Users\Admin\PycharmProjects\MercadoApp\bit\跃马扬鞭_BR_loop_20260627_014402_ai_group_18.png
[2026-06-27 01:46:35] SENT group=19/27 ids=6107767340,6120906798,4447701763 method=enter-fallback typed=True screenshot=C:\Users\Admin\PycharmProjects\MercadoApp\bit\跃马扬鞭_BR_loop_20260627_014402_ai_group_19.png
[2026-06-27 01:46:43] SENT group=20/27 ids=4381937041,6273419292,6107792788 method=enter-fallback typed=True screenshot=C:\Users\Admin\PycharmProjects\MercadoApp\bit\跃马扬鞭_BR_loop_20260627_014402_ai_group_20.png
[2026-06-27 01:46:51] SENT group=21/27 ids=6328307078,4385901999,6107525314 method=enter-fallback typed=True screenshot=C:\Users\Admin\PycharmProjects\MercadoApp\bit\跃马扬鞭_BR_loop_20260627_014402_ai_group_21.png
[2026-06-27 01:46:59] SENT group=22/27 ids=4392218123,4447520625,4566699745 method=enter-fallback typed=True screenshot=C:\Users\Admin\PycharmProjects\MercadoApp\bit\跃马扬鞭_BR_loop_20260627_014402_ai_group_22.png
[2026-06-27 01:47:06] SENT group=23/27 ids=6530755390,6530656488,4566660187 method=enter-fallback typed=True screenshot=C:\Users\Admin\PycharmProjects\MercadoApp\bit\跃马扬鞭_BR_loop_20260627_014402_ai_group_23.png
[2026-06-27 01:47:14] SENT group=24/27 ids=4379405861,4530001545,6275609532 method=enter-fallback typed=True screenshot=C:\Users\Admin\PycharmProjects\MercadoApp\bit\跃马扬鞭_BR_loop_20260627_014402_ai_group_24.png
[2026-06-27 01:47:22] SENT group=25/27 ids=6444077292,6443865202,6426073740 method=enter-fallback typed=True screenshot=C:\Users\Admin\PycharmProjects\MercadoApp\bit\跃马扬鞭_BR_loop_20260627_014402_ai_group_25.png
[2026-06-27 01:47:30] SENT group=26/27 ids=6087035048,4432416123,4443240057 method=enter-fallback typed=True screenshot=C:\Users\Admin\PycharmProjects\MercadoApp\bit\跃马扬鞭_BR_loop_20260627_014402_ai_group_26.png
[2026-06-27 01:47:38] SENT group=27/27 ids=6158192696,4421876747,6120674468 method=enter-fallback typed=True screenshot=C:\Users\Admin\PycharmProjects\MercadoApp\bit\跃马扬鞭_BR_loop_20260627_014402_ai_group_27.png
[2026-06-27 01:47:38] DONE ids=81 sent_groups=27
[2026-06-27 01:53:13] START window=跃马扬鞭 site=BR
[2026-06-27 01:54:13] COLLECTED ids=81 groups=27
[2026-06-27 01:54:25] SENT group=1/27 ids=6096510794,6782142216,6782116756 method=shadow-button typed=True screenshot=C:\Users\Admin\PycharmProjects\MercadoApp\bit\跃马扬鞭_BR_loop_20260627_015413_ai_group_1.png
[2026-06-27 01:54:33] SENT group=2/27 ids=6158241752,4500278569,4566672579 method=shadow-button typed=True screenshot=C:\Users\Admin\PycharmProjects\MercadoApp\bit\跃马扬鞭_BR_loop_20260627_015413_ai_group_2.png
[2026-06-27 01:54:41] SENT group=3/27 ids=6103901564,6871324606,6870544688 method=shadow-button typed=True screenshot=C:\Users\Admin\PycharmProjects\MercadoApp\bit\跃马扬鞭_BR_loop_20260627_015413_ai_group_3.png
[2026-06-27 01:54:49] SENT group=4/27 ids=6247651816,6823523342,6275596542 method=shadow-button typed=True screenshot=C:\Users\Admin\PycharmProjects\MercadoApp\bit\跃马扬鞭_BR_loop_20260627_015413_ai_group_4.png
[2026-06-27 01:54:57] SENT group=5/27 ids=6816324084,6816092368,6782108752 method=shadow-button typed=True screenshot=C:\Users\Admin\PycharmProjects\MercadoApp\bit\跃马扬鞭_BR_loop_20260627_015413_ai_group_5.png
[2026-06-27 01:55:04] SENT group=6/27 ids=6782086038,6782075896,6107792912 method=shadow-button typed=True screenshot=C:\Users\Admin\PycharmProjects\MercadoApp\bit\跃马扬鞭_BR_loop_20260627_015413_ai_group_6.png
[2026-06-27 01:55:12] SENT group=7/27 ids=6256291768,4385863883,6221601498 method=shadow-button typed=True screenshot=C:\Users\Admin\PycharmProjects\MercadoApp\bit\跃马扬鞭_BR_loop_20260627_015413_ai_group_7.png
[2026-06-27 01:55:20] SENT group=8/27 ids=6207099882,4529976111,6636102802 method=shadow-button typed=True screenshot=C:\Users\Admin\PycharmProjects\MercadoApp\bit\跃马扬鞭_BR_loop_20260627_015413_ai_group_8.png
[2026-06-27 01:55:28] SENT group=9/27 ids=6635994752,6636102844,6636102812 method=shadow-button typed=True screenshot=C:\Users\Admin\PycharmProjects\MercadoApp\bit\跃马扬鞭_BR_loop_20260627_015413_ai_group_9.png
[2026-06-27 01:55:36] SENT group=10/27 ids=6635994722,6636077666,6635994660 method=shadow-button typed=True screenshot=C:\Users\Admin\PycharmProjects\MercadoApp\bit\跃马扬鞭_BR_loop_20260627_015413_ai_group_10.png
[2026-06-27 01:55:43] SENT group=11/27 ids=6636090270,6635994668,6631312950 method=shadow-button typed=True screenshot=C:\Users\Admin\PycharmProjects\MercadoApp\bit\跃马扬鞭_BR_loop_20260627_015413_ai_group_11.png
[2026-06-27 01:55:51] SENT group=12/27 ids=6631421766,4612951769,6631248858 method=shadow-button typed=True screenshot=C:\Users\Admin\PycharmProjects\MercadoApp\bit\跃马扬鞭_BR_loop_20260627_015413_ai_group_12.png
[2026-06-27 01:55:59] SENT group=13/27 ids=6631308762,6631247728,6631308332 method=shadow-button typed=True screenshot=C:\Users\Admin\PycharmProjects\MercadoApp\bit\跃马扬鞭_BR_loop_20260627_015413_ai_group_13.png
[2026-06-27 01:56:07] SENT group=14/27 ids=6631308288,6631247700,6631308208 method=shadow-button typed=True screenshot=C:\Users\Admin\PycharmProjects\MercadoApp\bit\跃马扬鞭_BR_loop_20260627_015413_ai_group_14.png
[2026-06-27 01:56:15] SENT group=15/27 ids=6631144870,4612866923,6631246670 method=shadow-button typed=True screenshot=C:\Users\Admin\PycharmProjects\MercadoApp\bit\跃马扬鞭_BR_loop_20260627_015413_ai_group_15.png
[2026-06-27 01:56:22] SENT group=16/27 ids=4612866887,6631143318,4612866205 method=shadow-button typed=True screenshot=C:\Users\Admin\PycharmProjects\MercadoApp\bit\跃马扬鞭_BR_loop_20260627_015413_ai_group_16.png
[2026-06-27 01:56:30] SENT group=17/27 ids=6631143200,4476953283,4500329799 method=shadow-button typed=True screenshot=C:\Users\Admin\PycharmProjects\MercadoApp\bit\跃马扬鞭_BR_loop_20260627_015413_ai_group_17.png
[2026-06-27 01:56:38] SENT group=18/27 ids=6127671802,6177861432,6107767296 method=shadow-button typed=True screenshot=C:\Users\Admin\PycharmProjects\MercadoApp\bit\跃马扬鞭_BR_loop_20260627_015413_ai_group_18.png
[2026-06-27 01:56:46] SENT group=19/27 ids=6107767340,6120906798,4447701763 method=shadow-button typed=True screenshot=C:\Users\Admin\PycharmProjects\MercadoApp\bit\跃马扬鞭_BR_loop_20260627_015413_ai_group_19.png
[2026-06-27 01:56:54] SENT group=20/27 ids=4381937041,6273419292,6107792788 method=shadow-button typed=True screenshot=C:\Users\Admin\PycharmProjects\MercadoApp\bit\跃马扬鞭_BR_loop_20260627_015413_ai_group_20.png
[2026-06-27 01:57:02] SENT group=21/27 ids=6328307078,4385901999,6107525314 method=shadow-button typed=True screenshot=C:\Users\Admin\PycharmProjects\MercadoApp\bit\跃马扬鞭_BR_loop_20260627_015413_ai_group_21.png
[2026-06-27 01:57:09] SENT group=22/27 ids=4392218123,4447520625,4566699745 method=shadow-button typed=True screenshot=C:\Users\Admin\PycharmProjects\MercadoApp\bit\跃马扬鞭_BR_loop_20260627_015413_ai_group_22.png
[2026-06-27 01:57:17] SENT group=23/27 ids=6530755390,6530656488,4566660187 method=shadow-button typed=True screenshot=C:\Users\Admin\PycharmProjects\MercadoApp\bit\跃马扬鞭_BR_loop_20260627_015413_ai_group_23.png
[2026-06-27 01:57:25] SENT group=24/27 ids=4379405861,4530001545,6275609532 method=shadow-button typed=True screenshot=C:\Users\Admin\PycharmProjects\MercadoApp\bit\跃马扬鞭_BR_loop_20260627_015413_ai_group_24.png
[2026-06-27 01:57:33] SENT group=25/27 ids=6444077292,6443865202,6426073740 method=shadow-button typed=True screenshot=C:\Users\Admin\PycharmProjects\MercadoApp\bit\跃马扬鞭_BR_loop_20260627_015413_ai_group_25.png
[2026-06-27 01:57:41] SENT group=26/27 ids=6087035048,4432416123,4443240057 method=shadow-button typed=True screenshot=C:\Users\Admin\PycharmProjects\MercadoApp\bit\跃马扬鞭_BR_loop_20260627_015413_ai_group_26.png
[2026-06-27 01:57:49] SENT group=27/27 ids=6158192696,4421876747,6120674468 method=shadow-button typed=True screenshot=C:\Users\Admin\PycharmProjects\MercadoApp\bit\跃马扬鞭_BR_loop_20260627_015413_ai_group_27.png
[2026-06-27 01:57:49] DONE ids=81 sent_groups=27
[2026-06-27 02:03:11] START window=跃马扬鞭 site=BR
[2026-06-27 02:04:12] COLLECTED ids=81 groups=27
[2026-06-27 02:04:24] SENT group=1/27 ids=6096510794,6782142216,6782116756 method=shadow-button typed=True screenshot=C:\Users\Admin\PycharmProjects\MercadoApp\bit\跃马扬鞭_BR_loop_20260627_020412_ai_group_1.png
[2026-06-27 02:04:31] SENT group=2/27 ids=6158241752,4500278569,4566672579 method=shadow-button typed=True screenshot=C:\Users\Admin\PycharmProjects\MercadoApp\bit\跃马扬鞭_BR_loop_20260627_020412_ai_group_2.png
[2026-06-27 02:04:39] SENT group=3/27 ids=6103901564,6871324606,6870544688 method=shadow-button typed=True screenshot=C:\Users\Admin\PycharmProjects\MercadoApp\bit\跃马扬鞭_BR_loop_20260627_020412_ai_group_3.png
[2026-06-27 02:04:47] SENT group=4/27 ids=6247651816,6823523342,6275596542 method=shadow-button typed=True screenshot=C:\Users\Admin\PycharmProjects\MercadoApp\bit\跃马扬鞭_BR_loop_20260627_020412_ai_group_4.png
[2026-06-27 02:04:55] SENT group=5/27 ids=6816324084,6816092368,6782108752 method=shadow-button typed=True screenshot=C:\Users\Admin\PycharmProjects\MercadoApp\bit\跃马扬鞭_BR_loop_20260627_020412_ai_group_5.png
[2026-06-27 02:05:03] SENT group=6/27 ids=6782086038,6782075896,6107792912 method=shadow-button typed=True screenshot=C:\Users\Admin\PycharmProjects\MercadoApp\bit\跃马扬鞭_BR_loop_20260627_020412_ai_group_6.png
[2026-06-27 02:05:10] SENT group=7/27 ids=6256291768,4385863883,6221601498 method=shadow-button typed=True screenshot=C:\Users\Admin\PycharmProjects\MercadoApp\bit\跃马扬鞭_BR_loop_20260627_020412_ai_group_7.png
[2026-06-27 02:05:18] SENT group=8/27 ids=6207099882,4529976111,6636102802 method=shadow-button typed=True screenshot=C:\Users\Admin\PycharmProjects\MercadoApp\bit\跃马扬鞭_BR_loop_20260627_020412_ai_group_8.png
[2026-06-27 02:05:26] SENT group=9/27 ids=6635994752,6636102844,6636102812 method=shadow-button typed=True screenshot=C:\Users\Admin\PycharmProjects\MercadoApp\bit\跃马扬鞭_BR_loop_20260627_020412_ai_group_9.png
[2026-06-27 02:05:34] SENT group=10/27 ids=6635994722,6636077666,6635994660 method=shadow-button typed=True screenshot=C:\Users\Admin\PycharmProjects\MercadoApp\bit\跃马扬鞭_BR_loop_20260627_020412_ai_group_10.png
[2026-06-27 02:05:42] SENT group=11/27 ids=6636090270,6635994668,6631312950 method=shadow-button typed=True screenshot=C:\Users\Admin\PycharmProjects\MercadoApp\bit\跃马扬鞭_BR_loop_20260627_020412_ai_group_11.png
[2026-06-27 02:05:49] SENT group=12/27 ids=6631421766,4612951769,6631248858 method=shadow-button typed=True screenshot=C:\Users\Admin\PycharmProjects\MercadoApp\bit\跃马扬鞭_BR_loop_20260627_020412_ai_group_12.png
[2026-06-27 02:05:57] SENT group=13/27 ids=6631308762,6631247728,6631308332 method=shadow-button typed=True screenshot=C:\Users\Admin\PycharmProjects\MercadoApp\bit\跃马扬鞭_BR_loop_20260627_020412_ai_group_13.png
[2026-06-27 02:06:05] SENT group=14/27 ids=6631308288,6631247700,6631308208 method=shadow-button typed=True screenshot=C:\Users\Admin\PycharmProjects\MercadoApp\bit\跃马扬鞭_BR_loop_20260627_020412_ai_group_14.png
[2026-06-27 02:06:13] SENT group=15/27 ids=6631144870,4612866923,6631246670 method=shadow-button typed=True screenshot=C:\Users\Admin\PycharmProjects\MercadoApp\bit\跃马扬鞭_BR_loop_20260627_020412_ai_group_15.png
[2026-06-27 02:06:20] SENT group=16/27 ids=4612866887,6631143318,4612866205 method=shadow-button typed=True screenshot=C:\Users\Admin\PycharmProjects\MercadoApp\bit\跃马扬鞭_BR_loop_20260627_020412_ai_group_16.png
[2026-06-27 02:06:28] SENT group=17/27 ids=6631143200,4476953283,4500329799 method=shadow-button typed=True screenshot=C:\Users\Admin\PycharmProjects\MercadoApp\bit\跃马扬鞭_BR_loop_20260627_020412_ai_group_17.png
[2026-06-27 02:06:36] SENT group=18/27 ids=6127671802,6177861432,6107767296 method=shadow-button typed=True screenshot=C:\Users\Admin\PycharmProjects\MercadoApp\bit\跃马扬鞭_BR_loop_20260627_020412_ai_group_18.png
[2026-06-27 02:06:44] SENT group=19/27 ids=6107767340,6120906798,4447701763 method=shadow-button typed=True screenshot=C:\Users\Admin\PycharmProjects\MercadoApp\bit\跃马扬鞭_BR_loop_20260627_020412_ai_group_19.png
[2026-06-27 02:06:51] SENT group=20/27 ids=4381937041,6273419292,6107792788 method=shadow-button typed=True screenshot=C:\Users\Admin\PycharmProjects\MercadoApp\bit\跃马扬鞭_BR_loop_20260627_020412_ai_group_20.png
[2026-06-27 02:06:59] SENT group=21/27 ids=6328307078,4385901999,6107525314 method=shadow-button typed=True screenshot=C:\Users\Admin\PycharmProjects\MercadoApp\bit\跃马扬鞭_BR_loop_20260627_020412_ai_group_21.png
[2026-06-27 02:07:07] SENT group=22/27 ids=4392218123,4447520625,4566699745 method=shadow-button typed=True screenshot=C:\Users\Admin\PycharmProjects\MercadoApp\bit\跃马扬鞭_BR_loop_20260627_020412_ai_group_22.png
[2026-06-27 02:07:15] SENT group=23/27 ids=6530755390,6530656488,4566660187 method=shadow-button typed=True screenshot=C:\Users\Admin\PycharmProjects\MercadoApp\bit\跃马扬鞭_BR_loop_20260627_020412_ai_group_23.png
[2026-06-27 02:07:22] SENT group=24/27 ids=4379405861,4530001545,6275609532 method=shadow-button typed=True screenshot=C:\Users\Admin\PycharmProjects\MercadoApp\bit\跃马扬鞭_BR_loop_20260627_020412_ai_group_24.png
[2026-06-27 02:07:30] SENT group=25/27 ids=6444077292,6443865202,6426073740 method=shadow-button typed=True screenshot=C:\Users\Admin\PycharmProjects\MercadoApp\bit\跃马扬鞭_BR_loop_20260627_020412_ai_group_25.png
[2026-06-27 02:07:38] SENT group=26/27 ids=6087035048,4432416123,4443240057 method=shadow-button typed=True screenshot=C:\Users\Admin\PycharmProjects\MercadoApp\bit\跃马扬鞭_BR_loop_20260627_020412_ai_group_26.png
[2026-06-27 02:07:46] SENT group=27/27 ids=6158192696,4421876747,6120674468 method=shadow-button typed=True screenshot=C:\Users\Admin\PycharmProjects\MercadoApp\bit\跃马扬鞭_BR_loop_20260627_020412_ai_group_27.png
[2026-06-27 02:07:46] DONE ids=81 sent_groups=27
[2026-06-27 02:13:21] START window=跃马扬鞭 site=BR
[2026-06-27 02:14:20] COLLECTED ids=81 groups=27
[2026-06-27 02:14:32] SENT group=1/27 ids=6096510794,6782142216,6782116756 method=shadow-button typed=True screenshot=C:\Users\Admin\PycharmProjects\MercadoApp\bit\跃马扬鞭_BR_loop_20260627_021420_ai_group_1.png
[2026-06-27 02:14:40] SENT group=2/27 ids=6158241752,4500278569,4566672579 method=shadow-button typed=True screenshot=C:\Users\Admin\PycharmProjects\MercadoApp\bit\跃马扬鞭_BR_loop_20260627_021420_ai_group_2.png
[2026-06-27 02:14:48] SENT group=3/27 ids=6103901564,6871324606,6870544688 method=shadow-button typed=True screenshot=C:\Users\Admin\PycharmProjects\MercadoApp\bit\跃马扬鞭_BR_loop_20260627_021420_ai_group_3.png
[2026-06-27 02:14:55] SENT group=4/27 ids=6247651816,6823523342,6275596542 method=shadow-button typed=True screenshot=C:\Users\Admin\PycharmProjects\MercadoApp\bit\跃马扬鞭_BR_loop_20260627_021420_ai_group_4.png
[2026-06-27 02:15:03] SENT group=5/27 ids=6816324084,6816092368,6782108752 method=shadow-button typed=True screenshot=C:\Users\Admin\PycharmProjects\MercadoApp\bit\跃马扬鞭_BR_loop_20260627_021420_ai_group_5.png
[2026-06-27 02:15:11] SENT group=6/27 ids=6782086038,6782075896,6107792912 method=shadow-button typed=True screenshot=C:\Users\Admin\PycharmProjects\MercadoApp\bit\跃马扬鞭_BR_loop_20260627_021420_ai_group_6.png
[2026-06-27 02:15:19] SENT group=7/27 ids=6256291768,4385863883,6221601498 method=shadow-button typed=True screenshot=C:\Users\Admin\PycharmProjects\MercadoApp\bit\跃马扬鞭_BR_loop_20260627_021420_ai_group_7.png
[2026-06-27 02:15:27] SENT group=8/27 ids=6207099882,4529976111,6636102802 method=shadow-button typed=True screenshot=C:\Users\Admin\PycharmProjects\MercadoApp\bit\跃马扬鞭_BR_loop_20260627_021420_ai_group_8.png
[2026-06-27 02:15:34] SENT group=9/27 ids=6635994752,6636102844,6636102812 method=shadow-button typed=True screenshot=C:\Users\Admin\PycharmProjects\MercadoApp\bit\跃马扬鞭_BR_loop_20260627_021420_ai_group_9.png
[2026-06-27 02:15:42] SENT group=10/27 ids=6635994722,6636077666,6635994660 method=shadow-button typed=True screenshot=C:\Users\Admin\PycharmProjects\MercadoApp\bit\跃马扬鞭_BR_loop_20260627_021420_ai_group_10.png
[2026-06-27 02:15:50] SENT group=11/27 ids=6636090270,6635994668,6631312950 method=shadow-button typed=True screenshot=C:\Users\Admin\PycharmProjects\MercadoApp\bit\跃马扬鞭_BR_loop_20260627_021420_ai_group_11.png
[2026-06-27 02:15:58] SENT group=12/27 ids=6631421766,4612951769,6631248858 method=shadow-button typed=True screenshot=C:\Users\Admin\PycharmProjects\MercadoApp\bit\跃马扬鞭_BR_loop_20260627_021420_ai_group_12.png
[2026-06-27 02:16:05] SENT group=13/27 ids=6631308762,6631247728,6631308332 method=shadow-button typed=True screenshot=C:\Users\Admin\PycharmProjects\MercadoApp\bit\跃马扬鞭_BR_loop_20260627_021420_ai_group_13.png
[2026-06-27 02:16:13] SENT group=14/27 ids=6631308288,6631247700,6631308208 method=shadow-button typed=True screenshot=C:\Users\Admin\PycharmProjects\MercadoApp\bit\跃马扬鞭_BR_loop_20260627_021420_ai_group_14.png
[2026-06-27 02:16:21] SENT group=15/27 ids=6631144870,4612866923,6631246670 method=shadow-button typed=True screenshot=C:\Users\Admin\PycharmProjects\MercadoApp\bit\跃马扬鞭_BR_loop_20260627_021420_ai_group_15.png
[2026-06-27 02:16:29] SENT group=16/27 ids=4612866887,6631143318,4612866205 method=shadow-button typed=True screenshot=C:\Users\Admin\PycharmProjects\MercadoApp\bit\跃马扬鞭_BR_loop_20260627_021420_ai_group_16.png
[2026-06-27 02:16:37] SENT group=17/27 ids=6631143200,4476953283,4500329799 method=shadow-button typed=True screenshot=C:\Users\Admin\PycharmProjects\MercadoApp\bit\跃马扬鞭_BR_loop_20260627_021420_ai_group_17.png
[2026-06-27 02:16:44] SENT group=18/27 ids=6127671802,6177861432,6107767296 method=shadow-button typed=True screenshot=C:\Users\Admin\PycharmProjects\MercadoApp\bit\跃马扬鞭_BR_loop_20260627_021420_ai_group_18.png
[2026-06-27 02:16:52] SENT group=19/27 ids=6107767340,6120906798,4447701763 method=shadow-button typed=True screenshot=C:\Users\Admin\PycharmProjects\MercadoApp\bit\跃马扬鞭_BR_loop_20260627_021420_ai_group_19.png
[2026-06-27 02:17:00] SENT group=20/27 ids=4381937041,6273419292,6107792788 method=shadow-button typed=True screenshot=C:\Users\Admin\PycharmProjects\MercadoApp\bit\跃马扬鞭_BR_loop_20260627_021420_ai_group_20.png
[2026-06-27 02:17:08] SENT group=21/27 ids=6328307078,4385901999,6107525314 method=shadow-button typed=True screenshot=C:\Users\Admin\PycharmProjects\MercadoApp\bit\跃马扬鞭_BR_loop_20260627_021420_ai_group_21.png
[2026-06-27 02:17:15] SENT group=22/27 ids=4392218123,4447520625,4566699745 method=shadow-button typed=True screenshot=C:\Users\Admin\PycharmProjects\MercadoApp\bit\跃马扬鞭_BR_loop_20260627_021420_ai_group_22.png
[2026-06-27 02:17:23] SENT group=23/27 ids=6530755390,6530656488,4566660187 method=shadow-button typed=True screenshot=C:\Users\Admin\PycharmProjects\MercadoApp\bit\跃马扬鞭_BR_loop_20260627_021420_ai_group_23.png
[2026-06-27 02:17:31] SENT group=24/27 ids=4379405861,4530001545,6275609532 method=shadow-button typed=True screenshot=C:\Users\Admin\PycharmProjects\MercadoApp\bit\跃马扬鞭_BR_loop_20260627_021420_ai_group_24.png
[2026-06-27 02:17:39] SENT group=25/27 ids=6444077292,6443865202,6426073740 method=shadow-button typed=True screenshot=C:\Users\Admin\PycharmProjects\MercadoApp\bit\跃马扬鞭_BR_loop_20260627_021420_ai_group_25.png
[2026-06-27 02:17:46] SENT group=26/27 ids=6087035048,4432416123,4443240057 method=shadow-button typed=True screenshot=C:\Users\Admin\PycharmProjects\MercadoApp\bit\跃马扬鞭_BR_loop_20260627_021420_ai_group_26.png
[2026-06-27 02:17:54] SENT group=27/27 ids=6158192696,4421876747,6120674468 method=shadow-button typed=True screenshot=C:\Users\Admin\PycharmProjects\MercadoApp\bit\跃马扬鞭_BR_loop_20260627_021420_ai_group_27.png
[2026-06-27 02:17:54] DONE ids=81 sent_groups=27
[2026-06-27 02:23:11] START window=跃马扬鞭 site=BR
[2026-06-27 02:24:11] COLLECTED ids=81 groups=27
[2026-06-27 02:24:23] SENT group=1/27 ids=6096510794,6782142216,6782116756 method=shadow-button typed=True screenshot=C:\Users\Admin\PycharmProjects\MercadoApp\bit\跃马扬鞭_BR_loop_20260627_022411_ai_group_1.png
[2026-06-27 02:24:30] SENT group=2/27 ids=6158241752,4500278569,4566672579 method=shadow-button typed=True screenshot=C:\Users\Admin\PycharmProjects\MercadoApp\bit\跃马扬鞭_BR_loop_20260627_022411_ai_group_2.png
[2026-06-27 02:24:38] SENT group=3/27 ids=6103901564,6871324606,6870544688 method=shadow-button typed=True screenshot=C:\Users\Admin\PycharmProjects\MercadoApp\bit\跃马扬鞭_BR_loop_20260627_022411_ai_group_3.png
[2026-06-27 02:24:46] SENT group=4/27 ids=6247651816,6823523342,6275596542 method=shadow-button typed=True screenshot=C:\Users\Admin\PycharmProjects\MercadoApp\bit\跃马扬鞭_BR_loop_20260627_022411_ai_group_4.png
[2026-06-27 02:24:54] SENT group=5/27 ids=6816324084,6816092368,6782108752 method=shadow-button typed=True screenshot=C:\Users\Admin\PycharmProjects\MercadoApp\bit\跃马扬鞭_BR_loop_20260627_022411_ai_group_5.png
[2026-06-27 02:25:02] SENT group=6/27 ids=6782086038,6782075896,6107792912 method=shadow-button typed=True screenshot=C:\Users\Admin\PycharmProjects\MercadoApp\bit\跃马扬鞭_BR_loop_20260627_022411_ai_group_6.png
[2026-06-27 02:25:09] SENT group=7/27 ids=6256291768,4385863883,6221601498 method=shadow-button typed=True screenshot=C:\Users\Admin\PycharmProjects\MercadoApp\bit\跃马扬鞭_BR_loop_20260627_022411_ai_group_7.png
[2026-06-27 02:25:17] SENT group=8/27 ids=6207099882,4529976111,6636102802 method=shadow-button typed=True screenshot=C:\Users\Admin\PycharmProjects\MercadoApp\bit\跃马扬鞭_BR_loop_20260627_022411_ai_group_8.png
[2026-06-27 02:25:25] SENT group=9/27 ids=6635994752,6636102844,6636102812 method=shadow-button typed=True screenshot=C:\Users\Admin\PycharmProjects\MercadoApp\bit\跃马扬鞭_BR_loop_20260627_022411_ai_group_9.png
[2026-06-27 02:25:33] SENT group=10/27 ids=6635994722,6636077666,6635994660 method=shadow-button typed=True screenshot=C:\Users\Admin\PycharmProjects\MercadoApp\bit\跃马扬鞭_BR_loop_20260627_022411_ai_group_10.png
[2026-06-27 02:25:41] SENT group=11/27 ids=6636090270,6635994668,6631312950 method=shadow-button typed=True screenshot=C:\Users\Admin\PycharmProjects\MercadoApp\bit\跃马扬鞭_BR_loop_20260627_022411_ai_group_11.png
[2026-06-27 02:25:49] SENT group=12/27 ids=6631421766,4612951769,6631248858 method=shadow-button typed=True screenshot=C:\Users\Admin\PycharmProjects\MercadoApp\bit\跃马扬鞭_BR_loop_20260627_022411_ai_group_12.png
[2026-06-27 02:25:59] SENT group=13/27 ids=6631308762,6631247728,6631308332 method=shadow-button typed=True screenshot=C:\Users\Admin\PycharmProjects\MercadoApp\bit\跃马扬鞭_BR_loop_20260627_022411_ai_group_13.png
[2026-06-27 02:26:07] SENT group=14/27 ids=6631308288,6631247700,6631308208 method=shadow-button typed=True screenshot=C:\Users\Admin\PycharmProjects\MercadoApp\bit\跃马扬鞭_BR_loop_20260627_022411_ai_group_14.png
[2026-06-27 02:26:15] SENT group=15/27 ids=6631144870,4612866923,6631246670 method=shadow-button typed=True screenshot=C:\Users\Admin\PycharmProjects\MercadoApp\bit\跃马扬鞭_BR_loop_20260627_022411_ai_group_15.png
[2026-06-27 02:26:24] SENT group=16/27 ids=4612866887,6631143318,4612866205 method=shadow-button typed=True screenshot=C:\Users\Admin\PycharmProjects\MercadoApp\bit\跃马扬鞭_BR_loop_20260627_022411_ai_group_16.png
[2026-06-27 02:26:35] SENT group=17/27 ids=6631143200,4476953283,4500329799 method=enter-fallback typed=True screenshot=C:\Users\Admin\PycharmProjects\MercadoApp\bit\跃马扬鞭_BR_loop_20260627_022411_ai_group_17.png
[2026-06-27 02:26:43] SENT group=18/27 ids=6127671802,6177861432,6107767296 method=enter-fallback typed=True screenshot=C:\Users\Admin\PycharmProjects\MercadoApp\bit\跃马扬鞭_BR_loop_20260627_022411_ai_group_18.png
[2026-06-27 02:26:51] SENT group=19/27 ids=6107767340,6120906798,4447701763 method=enter-fallback typed=True screenshot=C:\Users\Admin\PycharmProjects\MercadoApp\bit\跃马扬鞭_BR_loop_20260627_022411_ai_group_19.png
[2026-06-27 02:26:59] SENT group=20/27 ids=4381937041,6273419292,6107792788 method=enter-fallback typed=True screenshot=C:\Users\Admin\PycharmProjects\MercadoApp\bit\跃马扬鞭_BR_loop_20260627_022411_ai_group_20.png
[2026-06-27 02:27:08] SENT group=21/27 ids=6328307078,4385901999,6107525314 method=enter-fallback typed=True screenshot=C:\Users\Admin\PycharmProjects\MercadoApp\bit\跃马扬鞭_BR_loop_20260627_022411_ai_group_21.png
[2026-06-27 02:27:16] SENT group=22/27 ids=4392218123,4447520625,4566699745 method=enter-fallback typed=True screenshot=C:\Users\Admin\PycharmProjects\MercadoApp\bit\跃马扬鞭_BR_loop_20260627_022411_ai_group_22.png
[2026-06-27 02:27:24] SENT group=23/27 ids=6530755390,6530656488,4566660187 method=enter-fallback typed=True screenshot=C:\Users\Admin\PycharmProjects\MercadoApp\bit\跃马扬鞭_BR_loop_20260627_022411_ai_group_23.png
[2026-06-27 02:27:29] START window=跃马扬鞭 site=BR
[2026-06-27 02:27:33] SENT group=24/27 ids=4379405861,4530001545,6275609532 method=enter-fallback typed=True screenshot=C:\Users\Admin\PycharmProjects\MercadoApp\bit\跃马扬鞭_BR_loop_20260627_022411_ai_group_24.png
[2026-06-27 02:27:41] SENT group=25/27 ids=6444077292,6443865202,6426073740 method=enter-fallback typed=True screenshot=C:\Users\Admin\PycharmProjects\MercadoApp\bit\跃马扬鞭_BR_loop_20260627_022411_ai_group_25.png
[2026-06-27 02:27:49] SENT group=26/27 ids=6087035048,4432416123,4443240057 method=enter-fallback typed=True screenshot=C:\Users\Admin\PycharmProjects\MercadoApp\bit\跃马扬鞭_BR_loop_20260627_022411_ai_group_26.png
[2026-06-27 02:27:57] SENT group=27/27 ids=6158192696,4421876747,6120674468 method=enter-fallback typed=True screenshot=C:\Users\Admin\PycharmProjects\MercadoApp\bit\跃马扬鞭_BR_loop_20260627_022411_ai_group_27.png
[2026-06-27 02:27:57] DONE ids=81 sent_groups=27
[2026-06-27 02:28:11] COLLECTED ids=81 groups=27
[2026-06-27 02:28:23] SENT group=1/27 ids=6096510794,6782142216,6782116756 method=enter-fallback typed=True screenshot=C:\Users\Admin\PycharmProjects\MercadoApp\bit\跃马扬鞭_BR_loop_20260627_022811_ai_group_1.png
[2026-06-27 02:28:31] SENT group=2/27 ids=6158241752,4500278569,4566672579 method=enter-fallback typed=True screenshot=C:\Users\Admin\PycharmProjects\MercadoApp\bit\跃马扬鞭_BR_loop_20260627_022811_ai_group_2.png
[2026-06-27 02:28:39] SENT group=3/27 ids=6103901564,6871324606,6870544688 method=enter-fallback typed=True screenshot=C:\Users\Admin\PycharmProjects\MercadoApp\bit\跃马扬鞭_BR_loop_20260627_022811_ai_group_3.png
[2026-06-27 02:28:46] SENT group=4/27 ids=6247651816,6823523342,6275596542 method=enter-fallback typed=True screenshot=C:\Users\Admin\PycharmProjects\MercadoApp\bit\跃马扬鞭_BR_loop_20260627_022811_ai_group_4.png
[2026-06-27 02:28:54] SENT group=5/27 ids=6816324084,6816092368,6782108752 method=enter-fallback typed=True screenshot=C:\Users\Admin\PycharmProjects\MercadoApp\bit\跃马扬鞭_BR_loop_20260627_022811_ai_group_5.png
[2026-06-27 02:29:02] SENT group=6/27 ids=6782086038,6782075896,6107792912 method=enter-fallback typed=True screenshot=C:\Users\Admin\PycharmProjects\MercadoApp\bit\跃马扬鞭_BR_loop_20260627_022811_ai_group_6.png
[2026-06-27 02:29:10] SENT group=7/27 ids=6256291768,4385863883,6221601498 method=enter-fallback typed=True screenshot=C:\Users\Admin\PycharmProjects\MercadoApp\bit\跃马扬鞭_BR_loop_20260627_022811_ai_group_7.png
[2026-06-27 02:29:18] SENT group=8/27 ids=6207099882,4529976111,6636102802 method=enter-fallback typed=True screenshot=C:\Users\Admin\PycharmProjects\MercadoApp\bit\跃马扬鞭_BR_loop_20260627_022811_ai_group_8.png
[2026-06-27 02:29:25] SENT group=9/27 ids=6635994752,6636102844,6636102812 method=enter-fallback typed=True screenshot=C:\Users\Admin\PycharmProjects\MercadoApp\bit\跃马扬鞭_BR_loop_20260627_022811_ai_group_9.png
[2026-06-27 02:29:33] SENT group=10/27 ids=6635994722,6636077666,6635994660 method=enter-fallback typed=True screenshot=C:\Users\Admin\PycharmProjects\MercadoApp\bit\跃马扬鞭_BR_loop_20260627_022811_ai_group_10.png
[2026-06-27 02:29:41] SENT group=11/27 ids=6636090270,6635994668,6631312950 method=enter-fallback typed=True screenshot=C:\Users\Admin\PycharmProjects\MercadoApp\bit\跃马扬鞭_BR_loop_20260627_022811_ai_group_11.png
[2026-06-27 02:29:49] SENT group=12/27 ids=6631421766,4612951769,6631248858 method=enter-fallback typed=True screenshot=C:\Users\Admin\PycharmProjects\MercadoApp\bit\跃马扬鞭_BR_loop_20260627_022811_ai_group_12.png
[2026-06-27 02:29:57] SENT group=13/27 ids=6631308762,6631247728,6631308332 method=enter-fallback typed=True screenshot=C:\Users\Admin\PycharmProjects\MercadoApp\bit\跃马扬鞭_BR_loop_20260627_022811_ai_group_13.png
[2026-06-27 02:30:04] SENT group=14/27 ids=6631308288,6631247700,6631308208 method=enter-fallback typed=True screenshot=C:\Users\Admin\PycharmProjects\MercadoApp\bit\跃马扬鞭_BR_loop_20260627_022811_ai_group_14.png
[2026-06-27 02:30:12] SENT group=15/27 ids=6631144870,4612866923,6631246670 method=enter-fallback typed=True screenshot=C:\Users\Admin\PycharmProjects\MercadoApp\bit\跃马扬鞭_BR_loop_20260627_022811_ai_group_15.png
[2026-06-27 02:30:20] SENT group=16/27 ids=4612866887,6631143318,4612866205 method=enter-fallback typed=True screenshot=C:\Users\Admin\PycharmProjects\MercadoApp\bit\跃马扬鞭_BR_loop_20260627_022811_ai_group_16.png
[2026-06-27 02:30:28] SENT group=17/27 ids=6631143200,4476953283,4500329799 method=enter-fallback typed=True screenshot=C:\Users\Admin\PycharmProjects\MercadoApp\bit\跃马扬鞭_BR_loop_20260627_022811_ai_group_17.png
[2026-06-27 02:30:36] SENT group=18/27 ids=6127671802,6177861432,6107767296 method=enter-fallback typed=True screenshot=C:\Users\Admin\PycharmProjects\MercadoApp\bit\跃马扬鞭_BR_loop_20260627_022811_ai_group_18.png
[2026-06-27 02:30:43] SENT group=19/27 ids=6107767340,6120906798,4447701763 method=enter-fallback typed=True screenshot=C:\Users\Admin\PycharmProjects\MercadoApp\bit\跃马扬鞭_BR_loop_20260627_022811_ai_group_19.png
[2026-06-27 02:30:51] SENT group=20/27 ids=4381937041,6273419292,6107792788 method=enter-fallback typed=True screenshot=C:\Users\Admin\PycharmProjects\MercadoApp\bit\跃马扬鞭_BR_loop_20260627_022811_ai_group_20.png
[2026-06-27 02:30:59] SENT group=21/27 ids=6328307078,4385901999,6107525314 method=enter-fallback typed=True screenshot=C:\Users\Admin\PycharmProjects\MercadoApp\bit\跃马扬鞭_BR_loop_20260627_022811_ai_group_21.png
[2026-06-27 02:31:07] SENT group=22/27 ids=4392218123,4447520625,4566699745 method=enter-fallback typed=True screenshot=C:\Users\Admin\PycharmProjects\MercadoApp\bit\跃马扬鞭_BR_loop_20260627_022811_ai_group_22.png
[2026-06-27 02:31:14] SENT group=23/27 ids=6530755390,6530656488,4566660187 method=enter-fallback typed=True screenshot=C:\Users\Admin\PycharmProjects\MercadoApp\bit\跃马扬鞭_BR_loop_20260627_022811_ai_group_23.png
[2026-06-27 02:31:22] SENT group=24/27 ids=4379405861,4530001545,6275609532 method=enter-fallback typed=True screenshot=C:\Users\Admin\PycharmProjects\MercadoApp\bit\跃马扬鞭_BR_loop_20260627_022811_ai_group_24.png
[2026-06-27 02:31:30] SENT group=25/27 ids=6444077292,6443865202,6426073740 method=enter-fallback typed=True screenshot=C:\Users\Admin\PycharmProjects\MercadoApp\bit\跃马扬鞭_BR_loop_20260627_022811_ai_group_25.png
[2026-06-27 02:31:38] SENT group=26/27 ids=6087035048,4432416123,4443240057 method=enter-fallback typed=True screenshot=C:\Users\Admin\PycharmProjects\MercadoApp\bit\跃马扬鞭_BR_loop_20260627_022811_ai_group_26.png
[2026-06-27 02:31:46] SENT group=27/27 ids=6158192696,4421876747,6120674468 method=enter-fallback typed=True screenshot=C:\Users\Admin\PycharmProjects\MercadoApp\bit\跃马扬鞭_BR_loop_20260627_022811_ai_group_27.png
[2026-06-27 02:31:46] DONE ids=81 sent_groups=27
[2026-06-27 02:33:11] START window=跃马扬鞭 site=BR
[2026-06-27 02:34:10] COLLECTED ids=81 groups=27
[2026-06-27 02:34:21] SENT group=1/27 ids=6096510794,6782142216,6782116756 method=enter-fallback typed=True screenshot=C:\Users\Admin\PycharmProjects\MercadoApp\bit\跃马扬鞭_BR_loop_20260627_023410_ai_group_1.png
[2026-06-27 02:34:29] SENT group=2/27 ids=6158241752,4500278569,4566672579 method=enter-fallback typed=True screenshot=C:\Users\Admin\PycharmProjects\MercadoApp\bit\跃马扬鞭_BR_loop_20260627_023410_ai_group_2.png
[2026-06-27 02:34:37] SENT group=3/27 ids=6103901564,6871324606,6870544688 method=enter-fallback typed=True screenshot=C:\Users\Admin\PycharmProjects\MercadoApp\bit\跃马扬鞭_BR_loop_20260627_023410_ai_group_3.png
[2026-06-27 02:34:45] SENT group=4/27 ids=6247651816,6823523342,6275596542 method=enter-fallback typed=True screenshot=C:\Users\Admin\PycharmProjects\MercadoApp\bit\跃马扬鞭_BR_loop_20260627_023410_ai_group_4.png
[2026-06-27 02:34:53] SENT group=5/27 ids=6816324084,6816092368,6782108752 method=enter-fallback typed=True screenshot=C:\Users\Admin\PycharmProjects\MercadoApp\bit\跃马扬鞭_BR_loop_20260627_023410_ai_group_5.png
[2026-06-27 02:35:00] SENT group=6/27 ids=6782086038,6782075896,6107792912 method=enter-fallback typed=True screenshot=C:\Users\Admin\PycharmProjects\MercadoApp\bit\跃马扬鞭_BR_loop_20260627_023410_ai_group_6.png
[2026-06-27 02:35:08] SENT group=7/27 ids=6256291768,4385863883,6221601498 method=enter-fallback typed=True screenshot=C:\Users\Admin\PycharmProjects\MercadoApp\bit\跃马扬鞭_BR_loop_20260627_023410_ai_group_7.png
[2026-06-27 02:35:16] SENT group=8/27 ids=6207099882,4529976111,6636102802 method=enter-fallback typed=True screenshot=C:\Users\Admin\PycharmProjects\MercadoApp\bit\跃马扬鞭_BR_loop_20260627_023410_ai_group_8.png
[2026-06-27 02:35:24] SENT group=9/27 ids=6635994752,6636102844,6636102812 method=enter-fallback typed=True screenshot=C:\Users\Admin\PycharmProjects\MercadoApp\bit\跃马扬鞭_BR_loop_20260627_023410_ai_group_9.png
[2026-06-27 02:35:31] SENT group=10/27 ids=6635994722,6636077666,6635994660 method=enter-fallback typed=True screenshot=C:\Users\Admin\PycharmProjects\MercadoApp\bit\跃马扬鞭_BR_loop_20260627_023410_ai_group_10.png
[2026-06-27 02:35:39] SENT group=11/27 ids=6636090270,6635994668,6631312950 method=enter-fallback typed=True screenshot=C:\Users\Admin\PycharmProjects\MercadoApp\bit\跃马扬鞭_BR_loop_20260627_023410_ai_group_11.png
[2026-06-27 02:35:47] SENT group=12/27 ids=6631421766,4612951769,6631248858 method=enter-fallback typed=True screenshot=C:\Users\Admin\PycharmProjects\MercadoApp\bit\跃马扬鞭_BR_loop_20260627_023410_ai_group_12.png
[2026-06-27 02:35:55] SENT group=13/27 ids=6631308762,6631247728,6631308332 method=enter-fallback typed=True screenshot=C:\Users\Admin\PycharmProjects\MercadoApp\bit\跃马扬鞭_BR_loop_20260627_023410_ai_group_13.png
[2026-06-27 02:36:02] SENT group=14/27 ids=6631308288,6631247700,6631308208 method=enter-fallback typed=True screenshot=C:\Users\Admin\PycharmProjects\MercadoApp\bit\跃马扬鞭_BR_loop_20260627_023410_ai_group_14.png
[2026-06-27 02:36:10] SENT group=15/27 ids=6631144870,4612866923,6631246670 method=enter-fallback typed=True screenshot=C:\Users\Admin\PycharmProjects\MercadoApp\bit\跃马扬鞭_BR_loop_20260627_023410_ai_group_15.png
[2026-06-27 02:36:18] SENT group=16/27 ids=4612866887,6631143318,4612866205 method=enter-fallback typed=True screenshot=C:\Users\Admin\PycharmProjects\MercadoApp\bit\跃马扬鞭_BR_loop_20260627_023410_ai_group_16.png
[2026-06-27 02:36:26] SENT group=17/27 ids=6631143200,4476953283,4500329799 method=enter-fallback typed=True screenshot=C:\Users\Admin\PycharmProjects\MercadoApp\bit\跃马扬鞭_BR_loop_20260627_023410_ai_group_17.png
[2026-06-27 02:36:34] SENT group=18/27 ids=6127671802,6177861432,6107767296 method=enter-fallback typed=True screenshot=C:\Users\Admin\PycharmProjects\MercadoApp\bit\跃马扬鞭_BR_loop_20260627_023410_ai_group_18.png
[2026-06-27 02:36:41] SENT group=19/27 ids=6107767340,6120906798,4447701763 method=shadow-button typed=True screenshot=C:\Users\Admin\PycharmProjects\MercadoApp\bit\跃马扬鞭_BR_loop_20260627_023410_ai_group_19.png
[2026-06-27 02:36:49] SENT group=20/27 ids=4381937041,6273419292,6107792788 method=shadow-button typed=True screenshot=C:\Users\Admin\PycharmProjects\MercadoApp\bit\跃马扬鞭_BR_loop_20260627_023410_ai_group_20.png
[2026-06-27 02:36:57] SENT group=21/27 ids=6328307078,4385901999,6107525314 method=shadow-button typed=True screenshot=C:\Users\Admin\PycharmProjects\MercadoApp\bit\跃马扬鞭_BR_loop_20260627_023410_ai_group_21.png
[2026-06-27 02:37:05] SENT group=22/27 ids=4392218123,4447520625,4566699745 method=shadow-button typed=True screenshot=C:\Users\Admin\PycharmProjects\MercadoApp\bit\跃马扬鞭_BR_loop_20260627_023410_ai_group_22.png
[2026-06-27 02:37:12] SENT group=23/27 ids=6530755390,6530656488,4566660187 method=shadow-button typed=True screenshot=C:\Users\Admin\PycharmProjects\MercadoApp\bit\跃马扬鞭_BR_loop_20260627_023410_ai_group_23.png
[2026-06-27 02:37:20] SENT group=24/27 ids=4379405861,4530001545,6275609532 method=shadow-button typed=True screenshot=C:\Users\Admin\PycharmProjects\MercadoApp\bit\跃马扬鞭_BR_loop_20260627_023410_ai_group_24.png
[2026-06-27 02:37:28] SENT group=25/27 ids=6444077292,6443865202,6426073740 method=shadow-button typed=True screenshot=C:\Users\Admin\PycharmProjects\MercadoApp\bit\跃马扬鞭_BR_loop_20260627_023410_ai_group_25.png
[2026-06-27 02:37:36] SENT group=26/27 ids=6087035048,4432416123,4443240057 method=shadow-button typed=True screenshot=C:\Users\Admin\PycharmProjects\MercadoApp\bit\跃马扬鞭_BR_loop_20260627_023410_ai_group_26.png
[2026-06-27 02:37:44] SENT group=27/27 ids=6158192696,4421876747,6120674468 method=shadow-button typed=True screenshot=C:\Users\Admin\PycharmProjects\MercadoApp\bit\跃马扬鞭_BR_loop_20260627_023410_ai_group_27.png
[2026-06-27 02:37:44] DONE ids=81 sent_groups=27
[2026-06-27 02:43:12] START window=跃马扬鞭 site=BR
[2026-06-27 02:44:10] COLLECTED ids=81 groups=27
[2026-06-27 02:44:22] SENT group=1/27 ids=6096510794,6782142216,6782116756 method=shadow-button typed=True screenshot=C:\Users\Admin\PycharmProjects\MercadoApp\bit\跃马扬鞭_BR_loop_20260627_024410_ai_group_1.png
[2026-06-27 02:44:30] SENT group=2/27 ids=6158241752,4500278569,4566672579 method=shadow-button typed=True screenshot=C:\Users\Admin\PycharmProjects\MercadoApp\bit\跃马扬鞭_BR_loop_20260627_024410_ai_group_2.png
[2026-06-27 02:44:38] SENT group=3/27 ids=6103901564,6871324606,6870544688 method=shadow-button typed=True screenshot=C:\Users\Admin\PycharmProjects\MercadoApp\bit\跃马扬鞭_BR_loop_20260627_024410_ai_group_3.png
[2026-06-27 02:44:46] SENT group=4/27 ids=6247651816,6823523342,6275596542 method=shadow-button typed=True screenshot=C:\Users\Admin\PycharmProjects\MercadoApp\bit\跃马扬鞭_BR_loop_20260627_024410_ai_group_4.png
[2026-06-27 02:44:53] SENT group=5/27 ids=6816324084,6816092368,6782108752 method=shadow-button typed=True screenshot=C:\Users\Admin\PycharmProjects\MercadoApp\bit\跃马扬鞭_BR_loop_20260627_024410_ai_group_5.png
[2026-06-27 02:45:01] SENT group=6/27 ids=6782086038,6782075896,6107792912 method=shadow-button typed=True screenshot=C:\Users\Admin\PycharmProjects\MercadoApp\bit\跃马扬鞭_BR_loop_20260627_024410_ai_group_6.png
[2026-06-27 02:45:09] SENT group=7/27 ids=6256291768,4385863883,6221601498 method=shadow-button typed=True screenshot=C:\Users\Admin\PycharmProjects\MercadoApp\bit\跃马扬鞭_BR_loop_20260627_024410_ai_group_7.png
[2026-06-27 02:45:17] SENT group=8/27 ids=6207099882,4529976111,6636102802 method=shadow-button typed=True screenshot=C:\Users\Admin\PycharmProjects\MercadoApp\bit\跃马扬鞭_BR_loop_20260627_024410_ai_group_8.png
[2026-06-27 02:45:24] SENT group=9/27 ids=6635994752,6636102844,6636102812 method=shadow-button typed=True screenshot=C:\Users\Admin\PycharmProjects\MercadoApp\bit\跃马扬鞭_BR_loop_20260627_024410_ai_group_9.png
[2026-06-27 02:45:32] SENT group=10/27 ids=6635994722,6636077666,6635994660 method=shadow-button typed=True screenshot=C:\Users\Admin\PycharmProjects\MercadoApp\bit\跃马扬鞭_BR_loop_20260627_024410_ai_group_10.png
[2026-06-27 02:45:40] SENT group=11/27 ids=6636090270,6635994668,6631312950 method=shadow-button typed=True screenshot=C:\Users\Admin\PycharmProjects\MercadoApp\bit\跃马扬鞭_BR_loop_20260627_024410_ai_group_11.png
[2026-06-27 02:45:48] SENT group=12/27 ids=6631421766,4612951769,6631248858 method=shadow-button typed=True screenshot=C:\Users\Admin\PycharmProjects\MercadoApp\bit\跃马扬鞭_BR_loop_20260627_024410_ai_group_12.png
[2026-06-27 02:45:55] SENT group=13/27 ids=6631308762,6631247728,6631308332 method=shadow-button typed=True screenshot=C:\Users\Admin\PycharmProjects\MercadoApp\bit\跃马扬鞭_BR_loop_20260627_024410_ai_group_13.png
[2026-06-27 02:46:03] SENT group=14/27 ids=6631308288,6631247700,6631308208 method=shadow-button typed=True screenshot=C:\Users\Admin\PycharmProjects\MercadoApp\bit\跃马扬鞭_BR_loop_20260627_024410_ai_group_14.png
[2026-06-27 02:46:11] SENT group=15/27 ids=6631144870,4612866923,6631246670 method=shadow-button typed=True screenshot=C:\Users\Admin\PycharmProjects\MercadoApp\bit\跃马扬鞭_BR_loop_20260627_024410_ai_group_15.png
[2026-06-27 02:46:19] SENT group=16/27 ids=4612866887,6631143318,4612866205 method=shadow-button typed=True screenshot=C:\Users\Admin\PycharmProjects\MercadoApp\bit\跃马扬鞭_BR_loop_20260627_024410_ai_group_16.png
[2026-06-27 02:46:27] SENT group=17/27 ids=6631143200,4476953283,4500329799 method=shadow-button typed=True screenshot=C:\Users\Admin\PycharmProjects\MercadoApp\bit\跃马扬鞭_BR_loop_20260627_024410_ai_group_17.png
[2026-06-27 02:46:34] SENT group=18/27 ids=6127671802,6177861432,6107767296 method=shadow-button typed=True screenshot=C:\Users\Admin\PycharmProjects\MercadoApp\bit\跃马扬鞭_BR_loop_20260627_024410_ai_group_18.png
[2026-06-27 02:46:42] SENT group=19/27 ids=6107767340,6120906798,4447701763 method=shadow-button typed=True screenshot=C:\Users\Admin\PycharmProjects\MercadoApp\bit\跃马扬鞭_BR_loop_20260627_024410_ai_group_19.png
[2026-06-27 02:46:50] SENT group=20/27 ids=4381937041,6273419292,6107792788 method=shadow-button typed=True screenshot=C:\Users\Admin\PycharmProjects\MercadoApp\bit\跃马扬鞭_BR_loop_20260627_024410_ai_group_20.png
[2026-06-27 02:46:58] SENT group=21/27 ids=6328307078,4385901999,6107525314 method=shadow-button typed=True screenshot=C:\Users\Admin\PycharmProjects\MercadoApp\bit\跃马扬鞭_BR_loop_20260627_024410_ai_group_21.png
[2026-06-27 02:47:05] SENT group=22/27 ids=4392218123,4447520625,4566699745 method=shadow-button typed=True screenshot=C:\Users\Admin\PycharmProjects\MercadoApp\bit\跃马扬鞭_BR_loop_20260627_024410_ai_group_22.png
[2026-06-27 02:47:13] SENT group=23/27 ids=6530755390,6530656488,4566660187 method=shadow-button typed=True screenshot=C:\Users\Admin\PycharmProjects\MercadoApp\bit\跃马扬鞭_BR_loop_20260627_024410_ai_group_23.png
[2026-06-27 02:47:21] SENT group=24/27 ids=4379405861,4530001545,6275609532 method=shadow-button typed=True screenshot=C:\Users\Admin\PycharmProjects\MercadoApp\bit\跃马扬鞭_BR_loop_20260627_024410_ai_group_24.png
[2026-06-27 02:47:29] SENT group=25/27 ids=6444077292,6443865202,6426073740 method=shadow-button typed=True screenshot=C:\Users\Admin\PycharmProjects\MercadoApp\bit\跃马扬鞭_BR_loop_20260627_024410_ai_group_25.png
[2026-06-27 02:47:36] SENT group=26/27 ids=6087035048,4432416123,4443240057 method=shadow-button typed=True screenshot=C:\Users\Admin\PycharmProjects\MercadoApp\bit\跃马扬鞭_BR_loop_20260627_024410_ai_group_26.png
[2026-06-27 02:47:44] SENT group=27/27 ids=6158192696,4421876747,6120674468 method=shadow-button typed=True screenshot=C:\Users\Admin\PycharmProjects\MercadoApp\bit\跃马扬鞭_BR_loop_20260627_024410_ai_group_27.png
[2026-06-27 02:47:44] DONE ids=81 sent_groups=27
[2026-06-27 02:53:12] START window=跃马扬鞭 site=BR
[2026-06-27 02:54:12] COLLECTED ids=81 groups=27
[2026-06-27 02:54:24] SENT group=1/27 ids=6096510794,6782142216,6782116756 method=shadow-button typed=True screenshot=C:\Users\Admin\PycharmProjects\MercadoApp\bit\跃马扬鞭_BR_loop_20260627_025412_ai_group_1.png
[2026-06-27 02:54:32] SENT group=2/27 ids=6158241752,4500278569,4566672579 method=shadow-button typed=True screenshot=C:\Users\Admin\PycharmProjects\MercadoApp\bit\跃马扬鞭_BR_loop_20260627_025412_ai_group_2.png
[2026-06-27 02:54:40] SENT group=3/27 ids=6103901564,6871324606,6870544688 method=shadow-button typed=True screenshot=C:\Users\Admin\PycharmProjects\MercadoApp\bit\跃马扬鞭_BR_loop_20260627_025412_ai_group_3.png
[2026-06-27 02:54:47] SENT group=4/27 ids=6247651816,6823523342,6275596542 method=shadow-button typed=True screenshot=C:\Users\Admin\PycharmProjects\MercadoApp\bit\跃马扬鞭_BR_loop_20260627_025412_ai_group_4.png
[2026-06-27 02:54:55] SENT group=5/27 ids=6816324084,6816092368,6782108752 method=shadow-button typed=True screenshot=C:\Users\Admin\PycharmProjects\MercadoApp\bit\跃马扬鞭_BR_loop_20260627_025412_ai_group_5.png
[2026-06-27 02:55:03] SENT group=6/27 ids=6782086038,6782075896,6107792912 method=shadow-button typed=True screenshot=C:\Users\Admin\PycharmProjects\MercadoApp\bit\跃马扬鞭_BR_loop_20260627_025412_ai_group_6.png
[2026-06-27 02:55:11] SENT group=7/27 ids=6256291768,4385863883,6221601498 method=shadow-button typed=True screenshot=C:\Users\Admin\PycharmProjects\MercadoApp\bit\跃马扬鞭_BR_loop_20260627_025412_ai_group_7.png
[2026-06-27 02:55:18] SENT group=8/27 ids=6207099882,4529976111,6636102802 method=shadow-button typed=True screenshot=C:\Users\Admin\PycharmProjects\MercadoApp\bit\跃马扬鞭_BR_loop_20260627_025412_ai_group_8.png
[2026-06-27 02:55:26] SENT group=9/27 ids=6635994752,6636102844,6636102812 method=shadow-button typed=True screenshot=C:\Users\Admin\PycharmProjects\MercadoApp\bit\跃马扬鞭_BR_loop_20260627_025412_ai_group_9.png
[2026-06-27 02:55:34] SENT group=10/27 ids=6635994722,6636077666,6635994660 method=shadow-button typed=True screenshot=C:\Users\Admin\PycharmProjects\MercadoApp\bit\跃马扬鞭_BR_loop_20260627_025412_ai_group_10.png
[2026-06-27 02:55:42] SENT group=11/27 ids=6636090270,6635994668,6631312950 method=shadow-button typed=True screenshot=C:\Users\Admin\PycharmProjects\MercadoApp\bit\跃马扬鞭_BR_loop_20260627_025412_ai_group_11.png
[2026-06-27 02:55:50] SENT group=12/27 ids=6631421766,4612951769,6631248858 method=shadow-button typed=True screenshot=C:\Users\Admin\PycharmProjects\MercadoApp\bit\跃马扬鞭_BR_loop_20260627_025412_ai_group_12.png
[2026-06-27 02:55:57] SENT group=13/27 ids=6631308762,6631247728,6631308332 method=shadow-button typed=True screenshot=C:\Users\Admin\PycharmProjects\MercadoApp\bit\跃马扬鞭_BR_loop_20260627_025412_ai_group_13.png
[2026-06-27 02:56:05] SENT group=14/27 ids=6631308288,6631247700,6631308208 method=shadow-button typed=True screenshot=C:\Users\Admin\PycharmProjects\MercadoApp\bit\跃马扬鞭_BR_loop_20260627_025412_ai_group_14.png
[2026-06-27 02:56:13] SENT group=15/27 ids=6631144870,4612866923,6631246670 method=shadow-button typed=True screenshot=C:\Users\Admin\PycharmProjects\MercadoApp\bit\跃马扬鞭_BR_loop_20260627_025412_ai_group_15.png
[2026-06-27 02:56:21] SENT group=16/27 ids=4612866887,6631143318,4612866205 method=shadow-button typed=True screenshot=C:\Users\Admin\PycharmProjects\MercadoApp\bit\跃马扬鞭_BR_loop_20260627_025412_ai_group_16.png
[2026-06-27 02:56:28] SENT group=17/27 ids=6631143200,4476953283,4500329799 method=shadow-button typed=True screenshot=C:\Users\Admin\PycharmProjects\MercadoApp\bit\跃马扬鞭_BR_loop_20260627_025412_ai_group_17.png
[2026-06-27 02:56:36] SENT group=18/27 ids=6127671802,6177861432,6107767296 method=shadow-button typed=True screenshot=C:\Users\Admin\PycharmProjects\MercadoApp\bit\跃马扬鞭_BR_loop_20260627_025412_ai_group_18.png
[2026-06-27 02:56:44] SENT group=19/27 ids=6107767340,6120906798,4447701763 method=shadow-button typed=True screenshot=C:\Users\Admin\PycharmProjects\MercadoApp\bit\跃马扬鞭_BR_loop_20260627_025412_ai_group_19.png
[2026-06-27 02:56:52] SENT group=20/27 ids=4381937041,6273419292,6107792788 method=shadow-button typed=True screenshot=C:\Users\Admin\PycharmProjects\MercadoApp\bit\跃马扬鞭_BR_loop_20260627_025412_ai_group_20.png
[2026-06-27 02:56:59] SENT group=21/27 ids=6328307078,4385901999,6107525314 method=shadow-button typed=True screenshot=C:\Users\Admin\PycharmProjects\MercadoApp\bit\跃马扬鞭_BR_loop_20260627_025412_ai_group_21.png
[2026-06-27 02:57:07] SENT group=22/27 ids=4392218123,4447520625,4566699745 method=shadow-button typed=True screenshot=C:\Users\Admin\PycharmProjects\MercadoApp\bit\跃马扬鞭_BR_loop_20260627_025412_ai_group_22.png
[2026-06-27 02:57:15] SENT group=23/27 ids=6530755390,6530656488,4566660187 method=shadow-button typed=True screenshot=C:\Users\Admin\PycharmProjects\MercadoApp\bit\跃马扬鞭_BR_loop_20260627_025412_ai_group_23.png
[2026-06-27 02:57:23] SENT group=24/27 ids=4379405861,4530001545,6275609532 method=shadow-button typed=True screenshot=C:\Users\Admin\PycharmProjects\MercadoApp\bit\跃马扬鞭_BR_loop_20260627_025412_ai_group_24.png
[2026-06-27 02:57:31] SENT group=25/27 ids=6444077292,6443865202,6426073740 method=shadow-button typed=True screenshot=C:\Users\Admin\PycharmProjects\MercadoApp\bit\跃马扬鞭_BR_loop_20260627_025412_ai_group_25.png
[2026-06-27 02:57:38] SENT group=26/27 ids=6087035048,4432416123,4443240057 method=shadow-button typed=True screenshot=C:\Users\Admin\PycharmProjects\MercadoApp\bit\跃马扬鞭_BR_loop_20260627_025412_ai_group_26.png
[2026-06-27 02:57:46] SENT group=27/27 ids=6158192696,4421876747,6120674468 method=shadow-button typed=True screenshot=C:\Users\Admin\PycharmProjects\MercadoApp\bit\跃马扬鞭_BR_loop_20260627_025412_ai_group_27.png
[2026-06-27 02:57:46] DONE ids=81 sent_groups=27
[2026-06-27 03:03:15] START window=跃马扬鞭 site=BR
[2026-06-27 03:04:14] COLLECTED ids=81 groups=27
[2026-06-27 03:04:26] SENT group=1/27 ids=6096510794,6782142216,6782116756 method=shadow-button typed=True screenshot=C:\Users\Admin\PycharmProjects\MercadoApp\bit\跃马扬鞭_BR_loop_20260627_030414_ai_group_1.png
[2026-06-27 03:04:34] SENT group=2/27 ids=6158241752,4500278569,4566672579 method=shadow-button typed=True screenshot=C:\Users\Admin\PycharmProjects\MercadoApp\bit\跃马扬鞭_BR_loop_20260627_030414_ai_group_2.png
[2026-06-27 03:04:42] SENT group=3/27 ids=6103901564,6871324606,6870544688 method=shadow-button typed=True screenshot=C:\Users\Admin\PycharmProjects\MercadoApp\bit\跃马扬鞭_BR_loop_20260627_030414_ai_group_3.png
[2026-06-27 03:04:49] SENT group=4/27 ids=6247651816,6823523342,6275596542 method=shadow-button typed=True screenshot=C:\Users\Admin\PycharmProjects\MercadoApp\bit\跃马扬鞭_BR_loop_20260627_030414_ai_group_4.png
[2026-06-27 03:04:57] SENT group=5/27 ids=6816324084,6816092368,6782108752 method=shadow-button typed=True screenshot=C:\Users\Admin\PycharmProjects\MercadoApp\bit\跃马扬鞭_BR_loop_20260627_030414_ai_group_5.png
[2026-06-27 03:05:05] SENT group=6/27 ids=6782086038,6782075896,6107792912 method=shadow-button typed=True screenshot=C:\Users\Admin\PycharmProjects\MercadoApp\bit\跃马扬鞭_BR_loop_20260627_030414_ai_group_6.png
[2026-06-27 03:05:13] SENT group=7/27 ids=6256291768,4385863883,6221601498 method=shadow-button typed=True screenshot=C:\Users\Admin\PycharmProjects\MercadoApp\bit\跃马扬鞭_BR_loop_20260627_030414_ai_group_7.png
[2026-06-27 03:05:20] SENT group=8/27 ids=6207099882,4529976111,6636102802 method=shadow-button typed=True screenshot=C:\Users\Admin\PycharmProjects\MercadoApp\bit\跃马扬鞭_BR_loop_20260627_030414_ai_group_8.png
[2026-06-27 03:05:28] SENT group=9/27 ids=6635994752,6636102844,6636102812 method=shadow-button typed=True screenshot=C:\Users\Admin\PycharmProjects\MercadoApp\bit\跃马扬鞭_BR_loop_20260627_030414_ai_group_9.png
[2026-06-27 03:05:36] SENT group=10/27 ids=6635994722,6636077666,6635994660 method=shadow-button typed=True screenshot=C:\Users\Admin\PycharmProjects\MercadoApp\bit\跃马扬鞭_BR_loop_20260627_030414_ai_group_10.png
[2026-06-27 03:05:44] SENT group=11/27 ids=6636090270,6635994668,6631312950 method=shadow-button typed=True screenshot=C:\Users\Admin\PycharmProjects\MercadoApp\bit\跃马扬鞭_BR_loop_20260627_030414_ai_group_11.png
[2026-06-27 03:05:52] SENT group=12/27 ids=6631421766,4612951769,6631248858 method=shadow-button typed=True screenshot=C:\Users\Admin\PycharmProjects\MercadoApp\bit\跃马扬鞭_BR_loop_20260627_030414_ai_group_12.png
[2026-06-27 03:05:59] SENT group=13/27 ids=6631308762,6631247728,6631308332 method=shadow-button typed=True screenshot=C:\Users\Admin\PycharmProjects\MercadoApp\bit\跃马扬鞭_BR_loop_20260627_030414_ai_group_13.png
[2026-06-27 03:06:07] SENT group=14/27 ids=6631308288,6631247700,6631308208 method=shadow-button typed=True screenshot=C:\Users\Admin\PycharmProjects\MercadoApp\bit\跃马扬鞭_BR_loop_20260627_030414_ai_group_14.png
[2026-06-27 03:06:15] SENT group=15/27 ids=6631144870,4612866923,6631246670 method=shadow-button typed=True screenshot=C:\Users\Admin\PycharmProjects\MercadoApp\bit\跃马扬鞭_BR_loop_20260627_030414_ai_group_15.png
[2026-06-27 03:06:23] SENT group=16/27 ids=4612866887,6631143318,4612866205 method=shadow-button typed=True screenshot=C:\Users\Admin\PycharmProjects\MercadoApp\bit\跃马扬鞭_BR_loop_20260627_030414_ai_group_16.png
[2026-06-27 03:06:30] SENT group=17/27 ids=6631143200,4476953283,4500329799 method=shadow-button typed=True screenshot=C:\Users\Admin\PycharmProjects\MercadoApp\bit\跃马扬鞭_BR_loop_20260627_030414_ai_group_17.png
[2026-06-27 03:06:38] SENT group=18/27 ids=6127671802,6177861432,6107767296 method=shadow-button typed=True screenshot=C:\Users\Admin\PycharmProjects\MercadoApp\bit\跃马扬鞭_BR_loop_20260627_030414_ai_group_18.png
[2026-06-27 03:06:46] SENT group=19/27 ids=6107767340,6120906798,4447701763 method=shadow-button typed=True screenshot=C:\Users\Admin\PycharmProjects\MercadoApp\bit\跃马扬鞭_BR_loop_20260627_030414_ai_group_19.png
[2026-06-27 03:06:54] SENT group=20/27 ids=4381937041,6273419292,6107792788 method=shadow-button typed=True screenshot=C:\Users\Admin\PycharmProjects\MercadoApp\bit\跃马扬鞭_BR_loop_20260627_030414_ai_group_20.png
[2026-06-27 03:07:02] SENT group=21/27 ids=6328307078,4385901999,6107525314 method=shadow-button typed=True screenshot=C:\Users\Admin\PycharmProjects\MercadoApp\bit\跃马扬鞭_BR_loop_20260627_030414_ai_group_21.png
[2026-06-27 03:07:10] SENT group=22/27 ids=4392218123,4447520625,4566699745 method=shadow-button typed=True screenshot=C:\Users\Admin\PycharmProjects\MercadoApp\bit\跃马扬鞭_BR_loop_20260627_030414_ai_group_22.png
[2026-06-27 03:07:18] SENT group=23/27 ids=6530755390,6530656488,4566660187 method=shadow-button typed=True screenshot=C:\Users\Admin\PycharmProjects\MercadoApp\bit\跃马扬鞭_BR_loop_20260627_030414_ai_group_23.png
[2026-06-27 03:07:26] SENT group=24/27 ids=4379405861,4530001545,6275609532 method=shadow-button typed=True screenshot=C:\Users\Admin\PycharmProjects\MercadoApp\bit\跃马扬鞭_BR_loop_20260627_030414_ai_group_24.png
[2026-06-27 03:07:33] SENT group=25/27 ids=6444077292,6443865202,6426073740 method=shadow-button typed=True screenshot=C:\Users\Admin\PycharmProjects\MercadoApp\bit\跃马扬鞭_BR_loop_20260627_030414_ai_group_25.png
[2026-06-27 03:07:41] SENT group=26/27 ids=6087035048,4432416123,4443240057 method=shadow-button typed=True screenshot=C:\Users\Admin\PycharmProjects\MercadoApp\bit\跃马扬鞭_BR_loop_20260627_030414_ai_group_26.png
[2026-06-27 03:07:49] SENT group=27/27 ids=6158192696,4421876747,6120674468 method=shadow-button typed=True screenshot=C:\Users\Admin\PycharmProjects\MercadoApp\bit\跃马扬鞭_BR_loop_20260627_030414_ai_group_27.png
[2026-06-27 03:07:49] DONE ids=81 sent_groups=27
[2026-06-27 03:13:13] START window=跃马扬鞭 site=BR
[2026-06-27 03:14:12] COLLECTED ids=81 groups=27
[2026-06-27 03:14:24] SENT group=1/27 ids=6096510794,6782142216,6782116756 method=shadow-button typed=True screenshot=C:\Users\Admin\PycharmProjects\MercadoApp\bit\跃马扬鞭_BR_loop_20260627_031412_ai_group_1.png
[2026-06-27 03:14:32] SENT group=2/27 ids=6158241752,4500278569,4566672579 method=shadow-button typed=True screenshot=C:\Users\Admin\PycharmProjects\MercadoApp\bit\跃马扬鞭_BR_loop_20260627_031412_ai_group_2.png
[2026-06-27 03:14:40] SENT group=3/27 ids=6103901564,6871324606,6870544688 method=shadow-button typed=True screenshot=C:\Users\Admin\PycharmProjects\MercadoApp\bit\跃马扬鞭_BR_loop_20260627_031412_ai_group_3.png
[2026-06-27 03:14:47] SENT group=4/27 ids=6247651816,6823523342,6275596542 method=shadow-button typed=True screenshot=C:\Users\Admin\PycharmProjects\MercadoApp\bit\跃马扬鞭_BR_loop_20260627_031412_ai_group_4.png
[2026-06-27 03:14:55] SENT group=5/27 ids=6816324084,6816092368,6782108752 method=shadow-button typed=True screenshot=C:\Users\Admin\PycharmProjects\MercadoApp\bit\跃马扬鞭_BR_loop_20260627_031412_ai_group_5.png
[2026-06-27 03:15:03] SENT group=6/27 ids=6782086038,6782075896,6107792912 method=shadow-button typed=True screenshot=C:\Users\Admin\PycharmProjects\MercadoApp\bit\跃马扬鞭_BR_loop_20260627_031412_ai_group_6.png
[2026-06-27 03:15:11] SENT group=7/27 ids=6256291768,4385863883,6221601498 method=shadow-button typed=True screenshot=C:\Users\Admin\PycharmProjects\MercadoApp\bit\跃马扬鞭_BR_loop_20260627_031412_ai_group_7.png
[2026-06-27 03:15:19] SENT group=8/27 ids=6207099882,4529976111,6636102802 method=shadow-button typed=True screenshot=C:\Users\Admin\PycharmProjects\MercadoApp\bit\跃马扬鞭_BR_loop_20260627_031412_ai_group_8.png
[2026-06-27 03:15:27] SENT group=9/27 ids=6635994752,6636102844,6636102812 method=shadow-button typed=True screenshot=C:\Users\Admin\PycharmProjects\MercadoApp\bit\跃马扬鞭_BR_loop_20260627_031412_ai_group_9.png
[2026-06-27 03:15:35] SENT group=10/27 ids=6635994722,6636077666,6635994660 method=shadow-button typed=True screenshot=C:\Users\Admin\PycharmProjects\MercadoApp\bit\跃马扬鞭_BR_loop_20260627_031412_ai_group_10.png
[2026-06-27 03:15:43] SENT group=11/27 ids=6636090270,6635994668,6631312950 method=shadow-button typed=True screenshot=C:\Users\Admin\PycharmProjects\MercadoApp\bit\跃马扬鞭_BR_loop_20260627_031412_ai_group_11.png
[2026-06-27 03:15:51] SENT group=12/27 ids=6631421766,4612951769,6631248858 method=shadow-button typed=True screenshot=C:\Users\Admin\PycharmProjects\MercadoApp\bit\跃马扬鞭_BR_loop_20260627_031412_ai_group_12.png
[2026-06-27 03:15:58] SENT group=13/27 ids=6631308762,6631247728,6631308332 method=shadow-button typed=True screenshot=C:\Users\Admin\PycharmProjects\MercadoApp\bit\跃马扬鞭_BR_loop_20260627_031412_ai_group_13.png
[2026-06-27 03:16:06] SENT group=14/27 ids=6631308288,6631247700,6631308208 method=shadow-button typed=True screenshot=C:\Users\Admin\PycharmProjects\MercadoApp\bit\跃马扬鞭_BR_loop_20260627_031412_ai_group_14.png
[2026-06-27 03:16:14] SENT group=15/27 ids=6631144870,4612866923,6631246670 method=shadow-button typed=True screenshot=C:\Users\Admin\PycharmProjects\MercadoApp\bit\跃马扬鞭_BR_loop_20260627_031412_ai_group_15.png
[2026-06-27 03:16:22] SENT group=16/27 ids=4612866887,6631143318,4612866205 method=shadow-button typed=True screenshot=C:\Users\Admin\PycharmProjects\MercadoApp\bit\跃马扬鞭_BR_loop_20260627_031412_ai_group_16.png
[2026-06-27 03:16:30] SENT group=17/27 ids=6631143200,4476953283,4500329799 method=shadow-button typed=True screenshot=C:\Users\Admin\PycharmProjects\MercadoApp\bit\跃马扬鞭_BR_loop_20260627_031412_ai_group_17.png
[2026-06-27 03:16:38] SENT group=18/27 ids=6127671802,6177861432,6107767296 method=shadow-button typed=True screenshot=C:\Users\Admin\PycharmProjects\MercadoApp\bit\跃马扬鞭_BR_loop_20260627_031412_ai_group_18.png
[2026-06-27 03:16:46] SENT group=19/27 ids=6107767340,6120906798,4447701763 method=shadow-button typed=True screenshot=C:\Users\Admin\PycharmProjects\MercadoApp\bit\跃马扬鞭_BR_loop_20260627_031412_ai_group_19.png
[2026-06-27 03:16:54] SENT group=20/27 ids=4381937041,6273419292,6107792788 method=shadow-button typed=True screenshot=C:\Users\Admin\PycharmProjects\MercadoApp\bit\跃马扬鞭_BR_loop_20260627_031412_ai_group_20.png
[2026-06-27 03:17:01] SENT group=21/27 ids=6328307078,4385901999,6107525314 method=shadow-button typed=True screenshot=C:\Users\Admin\PycharmProjects\MercadoApp\bit\跃马扬鞭_BR_loop_20260627_031412_ai_group_21.png
[2026-06-27 03:17:09] SENT group=22/27 ids=4392218123,4447520625,4566699745 method=shadow-button typed=True screenshot=C:\Users\Admin\PycharmProjects\MercadoApp\bit\跃马扬鞭_BR_loop_20260627_031412_ai_group_22.png
[2026-06-27 03:17:17] SENT group=23/27 ids=6530755390,6530656488,4566660187 method=shadow-button typed=True screenshot=C:\Users\Admin\PycharmProjects\MercadoApp\bit\跃马扬鞭_BR_loop_20260627_031412_ai_group_23.png
[2026-06-27 03:17:25] SENT group=24/27 ids=4379405861,4530001545,6275609532 method=shadow-button typed=True screenshot=C:\Users\Admin\PycharmProjects\MercadoApp\bit\跃马扬鞭_BR_loop_20260627_031412_ai_group_24.png
[2026-06-27 03:17:33] SENT group=25/27 ids=6444077292,6443865202,6426073740 method=shadow-button typed=True screenshot=C:\Users\Admin\PycharmProjects\MercadoApp\bit\跃马扬鞭_BR_loop_20260627_031412_ai_group_25.png
[2026-06-27 03:17:41] SENT group=26/27 ids=6087035048,4432416123,4443240057 method=shadow-button typed=True screenshot=C:\Users\Admin\PycharmProjects\MercadoApp\bit\跃马扬鞭_BR_loop_20260627_031412_ai_group_26.png
[2026-06-27 03:17:48] SENT group=27/27 ids=6158192696,4421876747,6120674468 method=shadow-button typed=True screenshot=C:\Users\Admin\PycharmProjects\MercadoApp\bit\跃马扬鞭_BR_loop_20260627_031412_ai_group_27.png
[2026-06-27 03:17:48] DONE ids=81 sent_groups=27
[2026-06-27 03:23:13] START window=跃马扬鞭 site=BR
[2026-06-27 03:24:12] COLLECTED ids=81 groups=27
[2026-06-27 03:24:24] SENT group=1/27 ids=6096510794,6782142216,6782116756 method=shadow-button typed=True screenshot=C:\Users\Admin\PycharmProjects\MercadoApp\bit\跃马扬鞭_BR_loop_20260627_032412_ai_group_1.png
[2026-06-27 03:24:32] SENT group=2/27 ids=6158241752,4500278569,4566672579 method=shadow-button typed=True screenshot=C:\Users\Admin\PycharmProjects\MercadoApp\bit\跃马扬鞭_BR_loop_20260627_032412_ai_group_2.png
[2026-06-27 03:24:40] SENT group=3/27 ids=6103901564,6871324606,6870544688 method=shadow-button typed=True screenshot=C:\Users\Admin\PycharmProjects\MercadoApp\bit\跃马扬鞭_BR_loop_20260627_032412_ai_group_3.png
[2026-06-27 03:24:48] SENT group=4/27 ids=6247651816,6823523342,6275596542 method=shadow-button typed=True screenshot=C:\Users\Admin\PycharmProjects\MercadoApp\bit\跃马扬鞭_BR_loop_20260627_032412_ai_group_4.png
[2026-06-27 03:24:55] SENT group=5/27 ids=6816324084,6816092368,6782108752 method=shadow-button typed=True screenshot=C:\Users\Admin\PycharmProjects\MercadoApp\bit\跃马扬鞭_BR_loop_20260627_032412_ai_group_5.png
[2026-06-27 03:25:03] SENT group=6/27 ids=6782086038,6782075896,6107792912 method=shadow-button typed=True screenshot=C:\Users\Admin\PycharmProjects\MercadoApp\bit\跃马扬鞭_BR_loop_20260627_032412_ai_group_6.png
[2026-06-27 03:25:11] SENT group=7/27 ids=6256291768,4385863883,6221601498 method=shadow-button typed=True screenshot=C:\Users\Admin\PycharmProjects\MercadoApp\bit\跃马扬鞭_BR_loop_20260627_032412_ai_group_7.png
[2026-06-27 03:25:19] SENT group=8/27 ids=6207099882,4529976111,6636102802 method=shadow-button typed=True screenshot=C:\Users\Admin\PycharmProjects\MercadoApp\bit\跃马扬鞭_BR_loop_20260627_032412_ai_group_8.png
[2026-06-27 03:25:27] SENT group=9/27 ids=6635994752,6636102844,6636102812 method=shadow-button typed=True screenshot=C:\Users\Admin\PycharmProjects\MercadoApp\bit\跃马扬鞭_BR_loop_20260627_032412_ai_group_9.png
[2026-06-27 03:25:35] SENT group=10/27 ids=6635994722,6636077666,6635994660 method=shadow-button typed=True screenshot=C:\Users\Admin\PycharmProjects\MercadoApp\bit\跃马扬鞭_BR_loop_20260627_032412_ai_group_10.png
[2026-06-27 03:25:43] SENT group=11/27 ids=6636090270,6635994668,6631312950 method=shadow-button typed=True screenshot=C:\Users\Admin\PycharmProjects\MercadoApp\bit\跃马扬鞭_BR_loop_20260627_032412_ai_group_11.png
[2026-06-27 03:25:51] SENT group=12/27 ids=6631421766,4612951769,6631248858 method=shadow-button typed=True screenshot=C:\Users\Admin\PycharmProjects\MercadoApp\bit\跃马扬鞭_BR_loop_20260627_032412_ai_group_12.png
[2026-06-27 03:25:59] SENT group=13/27 ids=6631308762,6631247728,6631308332 method=shadow-button typed=True screenshot=C:\Users\Admin\PycharmProjects\MercadoApp\bit\跃马扬鞭_BR_loop_20260627_032412_ai_group_13.png
[2026-06-27 03:26:06] SENT group=14/27 ids=6631308288,6631247700,6631308208 method=shadow-button typed=True screenshot=C:\Users\Admin\PycharmProjects\MercadoApp\bit\跃马扬鞭_BR_loop_20260627_032412_ai_group_14.png
[2026-06-27 03:26:14] SENT group=15/27 ids=6631144870,4612866923,6631246670 method=shadow-button typed=True screenshot=C:\Users\Admin\PycharmProjects\MercadoApp\bit\跃马扬鞭_BR_loop_20260627_032412_ai_group_15.png
[2026-06-27 03:26:22] SENT group=16/27 ids=4612866887,6631143318,4612866205 method=shadow-button typed=True screenshot=C:\Users\Admin\PycharmProjects\MercadoApp\bit\跃马扬鞭_BR_loop_20260627_032412_ai_group_16.png
[2026-06-27 03:26:30] SENT group=17/27 ids=6631143200,4476953283,4500329799 method=shadow-button typed=True screenshot=C:\Users\Admin\PycharmProjects\MercadoApp\bit\跃马扬鞭_BR_loop_20260627_032412_ai_group_17.png
[2026-06-27 03:26:38] SENT group=18/27 ids=6127671802,6177861432,6107767296 method=shadow-button typed=True screenshot=C:\Users\Admin\PycharmProjects\MercadoApp\bit\跃马扬鞭_BR_loop_20260627_032412_ai_group_18.png
[2026-06-27 03:26:46] SENT group=19/27 ids=6107767340,6120906798,4447701763 method=shadow-button typed=True screenshot=C:\Users\Admin\PycharmProjects\MercadoApp\bit\跃马扬鞭_BR_loop_20260627_032412_ai_group_19.png
[2026-06-27 03:26:54] SENT group=20/27 ids=4381937041,6273419292,6107792788 method=shadow-button typed=True screenshot=C:\Users\Admin\PycharmProjects\MercadoApp\bit\跃马扬鞭_BR_loop_20260627_032412_ai_group_20.png
[2026-06-27 03:27:02] SENT group=21/27 ids=6328307078,4385901999,6107525314 method=shadow-button typed=True screenshot=C:\Users\Admin\PycharmProjects\MercadoApp\bit\跃马扬鞭_BR_loop_20260627_032412_ai_group_21.png
[2026-06-27 03:27:09] SENT group=22/27 ids=4392218123,4447520625,4566699745 method=shadow-button typed=True screenshot=C:\Users\Admin\PycharmProjects\MercadoApp\bit\跃马扬鞭_BR_loop_20260627_032412_ai_group_22.png
[2026-06-27 03:27:17] SENT group=23/27 ids=6530755390,6530656488,4566660187 method=shadow-button typed=True screenshot=C:\Users\Admin\PycharmProjects\MercadoApp\bit\跃马扬鞭_BR_loop_20260627_032412_ai_group_23.png
[2026-06-27 03:27:25] SENT group=24/27 ids=4379405861,4530001545,6275609532 method=shadow-button typed=True screenshot=C:\Users\Admin\PycharmProjects\MercadoApp\bit\跃马扬鞭_BR_loop_20260627_032412_ai_group_24.png
[2026-06-27 03:27:33] SENT group=25/27 ids=6444077292,6443865202,6426073740 method=shadow-button typed=True screenshot=C:\Users\Admin\PycharmProjects\MercadoApp\bit\跃马扬鞭_BR_loop_20260627_032412_ai_group_25.png
[2026-06-27 03:27:41] SENT group=26/27 ids=6087035048,4432416123,4443240057 method=shadow-button typed=True screenshot=C:\Users\Admin\PycharmProjects\MercadoApp\bit\跃马扬鞭_BR_loop_20260627_032412_ai_group_26.png
[2026-06-27 03:27:49] SENT group=27/27 ids=6158192696,4421876747,6120674468 method=shadow-button typed=True screenshot=C:\Users\Admin\PycharmProjects\MercadoApp\bit\跃马扬鞭_BR_loop_20260627_032412_ai_group_27.png
[2026-06-27 03:27:49] DONE ids=81 sent_groups=27
[2026-06-27 03:33:13] START window=跃马扬鞭 site=BR
[2026-06-27 03:34:12] COLLECTED ids=81 groups=27
[2026-06-27 03:34:24] SENT group=1/27 ids=6096510794,6782142216,6782116756 method=shadow-button typed=True screenshot=C:\Users\Admin\PycharmProjects\MercadoApp\bit\跃马扬鞭_BR_loop_20260627_033412_ai_group_1.png
[2026-06-27 03:34:31] SENT group=2/27 ids=6158241752,4500278569,4566672579 method=shadow-button typed=True screenshot=C:\Users\Admin\PycharmProjects\MercadoApp\bit\跃马扬鞭_BR_loop_20260627_033412_ai_group_2.png
[2026-06-27 03:34:39] SENT group=3/27 ids=6103901564,6871324606,6870544688 method=shadow-button typed=True screenshot=C:\Users\Admin\PycharmProjects\MercadoApp\bit\跃马扬鞭_BR_loop_20260627_033412_ai_group_3.png
[2026-06-27 03:34:47] SENT group=4/27 ids=6247651816,6823523342,6275596542 method=shadow-button typed=True screenshot=C:\Users\Admin\PycharmProjects\MercadoApp\bit\跃马扬鞭_BR_loop_20260627_033412_ai_group_4.png
[2026-06-27 03:34:55] SENT group=5/27 ids=6816324084,6816092368,6782108752 method=shadow-button typed=True screenshot=C:\Users\Admin\PycharmProjects\MercadoApp\bit\跃马扬鞭_BR_loop_20260627_033412_ai_group_5.png
[2026-06-27 03:35:03] SENT group=6/27 ids=6782086038,6782075896,6107792912 method=shadow-button typed=True screenshot=C:\Users\Admin\PycharmProjects\MercadoApp\bit\跃马扬鞭_BR_loop_20260627_033412_ai_group_6.png
[2026-06-27 03:35:11] SENT group=7/27 ids=6256291768,4385863883,6221601498 method=shadow-button typed=True screenshot=C:\Users\Admin\PycharmProjects\MercadoApp\bit\跃马扬鞭_BR_loop_20260627_033412_ai_group_7.png
[2026-06-27 03:35:19] SENT group=8/27 ids=6207099882,4529976111,6636102802 method=shadow-button typed=True screenshot=C:\Users\Admin\PycharmProjects\MercadoApp\bit\跃马扬鞭_BR_loop_20260627_033412_ai_group_8.png
[2026-06-27 03:35:26] SENT group=9/27 ids=6635994752,6636102844,6636102812 method=shadow-button typed=True screenshot=C:\Users\Admin\PycharmProjects\MercadoApp\bit\跃马扬鞭_BR_loop_20260627_033412_ai_group_9.png
[2026-06-27 03:35:34] SENT group=10/27 ids=6635994722,6636077666,6635994660 method=shadow-button typed=True screenshot=C:\Users\Admin\PycharmProjects\MercadoApp\bit\跃马扬鞭_BR_loop_20260627_033412_ai_group_10.png
[2026-06-27 03:35:42] SENT group=11/27 ids=6636090270,6635994668,6631312950 method=shadow-button typed=True screenshot=C:\Users\Admin\PycharmProjects\MercadoApp\bit\跃马扬鞭_BR_loop_20260627_033412_ai_group_11.png
[2026-06-27 03:35:50] SENT group=12/27 ids=6631421766,4612951769,6631248858 method=shadow-button typed=True screenshot=C:\Users\Admin\PycharmProjects\MercadoApp\bit\跃马扬鞭_BR_loop_20260627_033412_ai_group_12.png
[2026-06-27 03:35:58] SENT group=13/27 ids=6631308762,6631247728,6631308332 method=shadow-button typed=True screenshot=C:\Users\Admin\PycharmProjects\MercadoApp\bit\跃马扬鞭_BR_loop_20260627_033412_ai_group_13.png
[2026-06-27 03:36:06] SENT group=14/27 ids=6631308288,6631247700,6631308208 method=shadow-button typed=True screenshot=C:\Users\Admin\PycharmProjects\MercadoApp\bit\跃马扬鞭_BR_loop_20260627_033412_ai_group_14.png
[2026-06-27 03:36:14] SENT group=15/27 ids=6631144870,4612866923,6631246670 method=shadow-button typed=True screenshot=C:\Users\Admin\PycharmProjects\MercadoApp\bit\跃马扬鞭_BR_loop_20260627_033412_ai_group_15.png
[2026-06-27 03:36:22] SENT group=16/27 ids=4612866887,6631143318,4612866205 method=shadow-button typed=True screenshot=C:\Users\Admin\PycharmProjects\MercadoApp\bit\跃马扬鞭_BR_loop_20260627_033412_ai_group_16.png
[2026-06-27 03:36:30] SENT group=17/27 ids=6631143200,4476953283,4500329799 method=shadow-button typed=True screenshot=C:\Users\Admin\PycharmProjects\MercadoApp\bit\跃马扬鞭_BR_loop_20260627_033412_ai_group_17.png
[2026-06-27 03:36:37] SENT group=18/27 ids=6127671802,6177861432,6107767296 method=shadow-button typed=True screenshot=C:\Users\Admin\PycharmProjects\MercadoApp\bit\跃马扬鞭_BR_loop_20260627_033412_ai_group_18.png
[2026-06-27 03:36:45] SENT group=19/27 ids=6107767340,6120906798,4447701763 method=shadow-button typed=True screenshot=C:\Users\Admin\PycharmProjects\MercadoApp\bit\跃马扬鞭_BR_loop_20260627_033412_ai_group_19.png
[2026-06-27 03:36:53] SENT group=20/27 ids=4381937041,6273419292,6107792788 method=shadow-button typed=True screenshot=C:\Users\Admin\PycharmProjects\MercadoApp\bit\跃马扬鞭_BR_loop_20260627_033412_ai_group_20.png
[2026-06-27 03:37:01] SENT group=21/27 ids=6328307078,4385901999,6107525314 method=shadow-button typed=True screenshot=C:\Users\Admin\PycharmProjects\MercadoApp\bit\跃马扬鞭_BR_loop_20260627_033412_ai_group_21.png
[2026-06-27 03:37:09] SENT group=22/27 ids=4392218123,4447520625,4566699745 method=shadow-button typed=True screenshot=C:\Users\Admin\PycharmProjects\MercadoApp\bit\跃马扬鞭_BR_loop_20260627_033412_ai_group_22.png
[2026-06-27 03:37:17] SENT group=23/27 ids=6530755390,6530656488,4566660187 method=shadow-button typed=True screenshot=C:\Users\Admin\PycharmProjects\MercadoApp\bit\跃马扬鞭_BR_loop_20260627_033412_ai_group_23.png
[2026-06-27 03:37:25] SENT group=24/27 ids=4379405861,4530001545,6275609532 method=shadow-button typed=True screenshot=C:\Users\Admin\PycharmProjects\MercadoApp\bit\跃马扬鞭_BR_loop_20260627_033412_ai_group_24.png
[2026-06-27 03:37:32] SENT group=25/27 ids=6444077292,6443865202,6426073740 method=shadow-button typed=True screenshot=C:\Users\Admin\PycharmProjects\MercadoApp\bit\跃马扬鞭_BR_loop_20260627_033412_ai_group_25.png
[2026-06-27 03:37:40] SENT group=26/27 ids=6087035048,4432416123,4443240057 method=shadow-button typed=True screenshot=C:\Users\Admin\PycharmProjects\MercadoApp\bit\跃马扬鞭_BR_loop_20260627_033412_ai_group_26.png
[2026-06-27 03:37:48] SENT group=27/27 ids=6158192696,4421876747,6120674468 method=shadow-button typed=True screenshot=C:\Users\Admin\PycharmProjects\MercadoApp\bit\跃马扬鞭_BR_loop_20260627_033412_ai_group_27.png
[2026-06-27 03:37:48] DONE ids=81 sent_groups=27
[2026-06-27 03:43:13] START window=跃马扬鞭 site=BR
[2026-06-27 03:44:13] COLLECTED ids=81 groups=27
[2026-06-27 03:44:25] SENT group=1/27 ids=6096510794,6782142216,6782116756 method=shadow-button typed=True screenshot=C:\Users\Admin\PycharmProjects\MercadoApp\bit\跃马扬鞭_BR_loop_20260627_034413_ai_group_1.png
[2026-06-27 03:44:33] SENT group=2/27 ids=6158241752,4500278569,4566672579 method=shadow-button typed=True screenshot=C:\Users\Admin\PycharmProjects\MercadoApp\bit\跃马扬鞭_BR_loop_20260627_034413_ai_group_2.png
[2026-06-27 03:44:40] SENT group=3/27 ids=6103901564,6871324606,6870544688 method=shadow-button typed=True screenshot=C:\Users\Admin\PycharmProjects\MercadoApp\bit\跃马扬鞭_BR_loop_20260627_034413_ai_group_3.png
[2026-06-27 03:44:48] SENT group=4/27 ids=6247651816,6823523342,6275596542 method=shadow-button typed=True screenshot=C:\Users\Admin\PycharmProjects\MercadoApp\bit\跃马扬鞭_BR_loop_20260627_034413_ai_group_4.png
[2026-06-27 03:44:56] SENT group=5/27 ids=6816324084,6816092368,6782108752 method=shadow-button typed=True screenshot=C:\Users\Admin\PycharmProjects\MercadoApp\bit\跃马扬鞭_BR_loop_20260627_034413_ai_group_5.png
[2026-06-27 03:45:04] SENT group=6/27 ids=6782086038,6782075896,6107792912 method=shadow-button typed=True screenshot=C:\Users\Admin\PycharmProjects\MercadoApp\bit\跃马扬鞭_BR_loop_20260627_034413_ai_group_6.png
[2026-06-27 03:45:12] SENT group=7/27 ids=6256291768,4385863883,6221601498 method=shadow-button typed=True screenshot=C:\Users\Admin\PycharmProjects\MercadoApp\bit\跃马扬鞭_BR_loop_20260627_034413_ai_group_7.png
[2026-06-27 03:45:20] SENT group=8/27 ids=6207099882,4529976111,6636102802 method=shadow-button typed=True screenshot=C:\Users\Admin\PycharmProjects\MercadoApp\bit\跃马扬鞭_BR_loop_20260627_034413_ai_group_8.png
[2026-06-27 03:45:28] SENT group=9/27 ids=6635994752,6636102844,6636102812 method=shadow-button typed=True screenshot=C:\Users\Admin\PycharmProjects\MercadoApp\bit\跃马扬鞭_BR_loop_20260627_034413_ai_group_9.png
[2026-06-27 03:45:36] SENT group=10/27 ids=6635994722,6636077666,6635994660 method=shadow-button typed=True screenshot=C:\Users\Admin\PycharmProjects\MercadoApp\bit\跃马扬鞭_BR_loop_20260627_034413_ai_group_10.png
[2026-06-27 03:45:43] SENT group=11/27 ids=6636090270,6635994668,6631312950 method=shadow-button typed=True screenshot=C:\Users\Admin\PycharmProjects\MercadoApp\bit\跃马扬鞭_BR_loop_20260627_034413_ai_group_11.png
[2026-06-27 03:45:51] SENT group=12/27 ids=6631421766,4612951769,6631248858 method=shadow-button typed=True screenshot=C:\Users\Admin\PycharmProjects\MercadoApp\bit\跃马扬鞭_BR_loop_20260627_034413_ai_group_12.png
[2026-06-27 03:45:59] SENT group=13/27 ids=6631308762,6631247728,6631308332 method=shadow-button typed=True screenshot=C:\Users\Admin\PycharmProjects\MercadoApp\bit\跃马扬鞭_BR_loop_20260627_034413_ai_group_13.png
[2026-06-27 03:46:07] SENT group=14/27 ids=6631308288,6631247700,6631308208 method=shadow-button typed=True screenshot=C:\Users\Admin\PycharmProjects\MercadoApp\bit\跃马扬鞭_BR_loop_20260627_034413_ai_group_14.png
[2026-06-27 03:46:15] SENT group=15/27 ids=6631144870,4612866923,6631246670 method=shadow-button typed=True screenshot=C:\Users\Admin\PycharmProjects\MercadoApp\bit\跃马扬鞭_BR_loop_20260627_034413_ai_group_15.png
[2026-06-27 03:46:23] SENT group=16/27 ids=4612866887,6631143318,4612866205 method=shadow-button typed=True screenshot=C:\Users\Admin\PycharmProjects\MercadoApp\bit\跃马扬鞭_BR_loop_20260627_034413_ai_group_16.png
[2026-06-27 03:46:31] SENT group=17/27 ids=6631143200,4476953283,4500329799 method=shadow-button typed=True screenshot=C:\Users\Admin\PycharmProjects\MercadoApp\bit\跃马扬鞭_BR_loop_20260627_034413_ai_group_17.png
[2026-06-27 03:46:39] SENT group=18/27 ids=6127671802,6177861432,6107767296 method=shadow-button typed=True screenshot=C:\Users\Admin\PycharmProjects\MercadoApp\bit\跃马扬鞭_BR_loop_20260627_034413_ai_group_18.png
[2026-06-27 03:46:46] SENT group=19/27 ids=6107767340,6120906798,4447701763 method=shadow-button typed=True screenshot=C:\Users\Admin\PycharmProjects\MercadoApp\bit\跃马扬鞭_BR_loop_20260627_034413_ai_group_19.png
[2026-06-27 03:46:54] SENT group=20/27 ids=4381937041,6273419292,6107792788 method=shadow-button typed=True screenshot=C:\Users\Admin\PycharmProjects\MercadoApp\bit\跃马扬鞭_BR_loop_20260627_034413_ai_group_20.png
[2026-06-27 03:47:02] SENT group=21/27 ids=6328307078,4385901999,6107525314 method=shadow-button typed=True screenshot=C:\Users\Admin\PycharmProjects\MercadoApp\bit\跃马扬鞭_BR_loop_20260627_034413_ai_group_21.png
[2026-06-27 03:47:10] SENT group=22/27 ids=4392218123,4447520625,4566699745 method=shadow-button typed=True screenshot=C:\Users\Admin\PycharmProjects\MercadoApp\bit\跃马扬鞭_BR_loop_20260627_034413_ai_group_22.png
[2026-06-27 03:47:18] SENT group=23/27 ids=6530755390,6530656488,4566660187 method=shadow-button typed=True screenshot=C:\Users\Admin\PycharmProjects\MercadoApp\bit\跃马扬鞭_BR_loop_20260627_034413_ai_group_23.png
[2026-06-27 03:47:26] SENT group=24/27 ids=4379405861,4530001545,6275609532 method=shadow-button typed=True screenshot=C:\Users\Admin\PycharmProjects\MercadoApp\bit\跃马扬鞭_BR_loop_20260627_034413_ai_group_24.png
[2026-06-27 03:47:34] SENT group=25/27 ids=6444077292,6443865202,6426073740 method=shadow-button typed=True screenshot=C:\Users\Admin\PycharmProjects\MercadoApp\bit\跃马扬鞭_BR_loop_20260627_034413_ai_group_25.png
[2026-06-27 03:47:41] SENT group=26/27 ids=6087035048,4432416123,4443240057 method=shadow-button typed=True screenshot=C:\Users\Admin\PycharmProjects\MercadoApp\bit\跃马扬鞭_BR_loop_20260627_034413_ai_group_26.png
[2026-06-27 03:47:49] SENT group=27/27 ids=6158192696,4421876747,6120674468 method=shadow-button typed=True screenshot=C:\Users\Admin\PycharmProjects\MercadoApp\bit\跃马扬鞭_BR_loop_20260627_034413_ai_group_27.png
[2026-06-27 03:47:49] DONE ids=81 sent_groups=27
[2026-06-27 03:53:13] START window=跃马扬鞭 site=BR
[2026-06-27 03:54:12] COLLECTED ids=81 groups=27
[2026-06-27 03:54:24] SENT group=1/27 ids=6096510794,6782142216,6782116756 method=shadow-button typed=True screenshot=C:\Users\Admin\PycharmProjects\MercadoApp\bit\跃马扬鞭_BR_loop_20260627_035412_ai_group_1.png
[2026-06-27 03:54:31] SENT group=2/27 ids=6158241752,4500278569,4566672579 method=shadow-button typed=True screenshot=C:\Users\Admin\PycharmProjects\MercadoApp\bit\跃马扬鞭_BR_loop_20260627_035412_ai_group_2.png
[2026-06-27 03:54:39] SENT group=3/27 ids=6103901564,6871324606,6870544688 method=shadow-button typed=True screenshot=C:\Users\Admin\PycharmProjects\MercadoApp\bit\跃马扬鞭_BR_loop_20260627_035412_ai_group_3.png
[2026-06-27 03:54:47] SENT group=4/27 ids=6247651816,6823523342,6275596542 method=shadow-button typed=True screenshot=C:\Users\Admin\PycharmProjects\MercadoApp\bit\跃马扬鞭_BR_loop_20260627_035412_ai_group_4.png
[2026-06-27 03:54:55] SENT group=5/27 ids=6816324084,6816092368,6782108752 method=shadow-button typed=True screenshot=C:\Users\Admin\PycharmProjects\MercadoApp\bit\跃马扬鞭_BR_loop_20260627_035412_ai_group_5.png
[2026-06-27 03:55:03] SENT group=6/27 ids=6782086038,6782075896,6107792912 method=shadow-button typed=True screenshot=C:\Users\Admin\PycharmProjects\MercadoApp\bit\跃马扬鞭_BR_loop_20260627_035412_ai_group_6.png
[2026-06-27 03:55:11] SENT group=7/27 ids=6256291768,4385863883,6221601498 method=shadow-button typed=True screenshot=C:\Users\Admin\PycharmProjects\MercadoApp\bit\跃马扬鞭_BR_loop_20260627_035412_ai_group_7.png
[2026-06-27 03:55:19] SENT group=8/27 ids=6207099882,4529976111,6636102802 method=shadow-button typed=True screenshot=C:\Users\Admin\PycharmProjects\MercadoApp\bit\跃马扬鞭_BR_loop_20260627_035412_ai_group_8.png
[2026-06-27 03:55:26] SENT group=9/27 ids=6635994752,6636102844,6636102812 method=shadow-button typed=True screenshot=C:\Users\Admin\PycharmProjects\MercadoApp\bit\跃马扬鞭_BR_loop_20260627_035412_ai_group_9.png
[2026-06-27 03:55:34] SENT group=10/27 ids=6635994722,6636077666,6635994660 method=shadow-button typed=True screenshot=C:\Users\Admin\PycharmProjects\MercadoApp\bit\跃马扬鞭_BR_loop_20260627_035412_ai_group_10.png
[2026-06-27 03:55:42] SENT group=11/27 ids=6636090270,6635994668,6631312950 method=shadow-button typed=True screenshot=C:\Users\Admin\PycharmProjects\MercadoApp\bit\跃马扬鞭_BR_loop_20260627_035412_ai_group_11.png
[2026-06-27 03:55:50] SENT group=12/27 ids=6631421766,4612951769,6631248858 method=shadow-button typed=True screenshot=C:\Users\Admin\PycharmProjects\MercadoApp\bit\跃马扬鞭_BR_loop_20260627_035412_ai_group_12.png
[2026-06-27 03:55:58] SENT group=13/27 ids=6631308762,6631247728,6631308332 method=shadow-button typed=True screenshot=C:\Users\Admin\PycharmProjects\MercadoApp\bit\跃马扬鞭_BR_loop_20260627_035412_ai_group_13.png
[2026-06-27 03:56:06] SENT group=14/27 ids=6631308288,6631247700,6631308208 method=shadow-button typed=True screenshot=C:\Users\Admin\PycharmProjects\MercadoApp\bit\跃马扬鞭_BR_loop_20260627_035412_ai_group_14.png
[2026-06-27 03:56:14] SENT group=15/27 ids=6631144870,4612866923,6631246670 method=shadow-button typed=True screenshot=C:\Users\Admin\PycharmProjects\MercadoApp\bit\跃马扬鞭_BR_loop_20260627_035412_ai_group_15.png
[2026-06-27 03:56:21] SENT group=16/27 ids=4612866887,6631143318,4612866205 method=shadow-button typed=True screenshot=C:\Users\Admin\PycharmProjects\MercadoApp\bit\跃马扬鞭_BR_loop_20260627_035412_ai_group_16.png
[2026-06-27 03:56:29] SENT group=17/27 ids=6631143200,4476953283,4500329799 method=shadow-button typed=True screenshot=C:\Users\Admin\PycharmProjects\MercadoApp\bit\跃马扬鞭_BR_loop_20260627_035412_ai_group_17.png
[2026-06-27 03:56:37] SENT group=18/27 ids=6127671802,6177861432,6107767296 method=shadow-button typed=True screenshot=C:\Users\Admin\PycharmProjects\MercadoApp\bit\跃马扬鞭_BR_loop_20260627_035412_ai_group_18.png
[2026-06-27 03:56:45] SENT group=19/27 ids=6107767340,6120906798,4447701763 method=shadow-button typed=True screenshot=C:\Users\Admin\PycharmProjects\MercadoApp\bit\跃马扬鞭_BR_loop_20260627_035412_ai_group_19.png
[2026-06-27 03:56:53] SENT group=20/27 ids=4381937041,6273419292,6107792788 method=shadow-button typed=True screenshot=C:\Users\Admin\PycharmProjects\MercadoApp\bit\跃马扬鞭_BR_loop_20260627_035412_ai_group_20.png
[2026-06-27 03:57:01] SENT group=21/27 ids=6328307078,4385901999,6107525314 method=shadow-button typed=True screenshot=C:\Users\Admin\PycharmProjects\MercadoApp\bit\跃马扬鞭_BR_loop_20260627_035412_ai_group_21.png
[2026-06-27 03:57:09] SENT group=22/27 ids=4392218123,4447520625,4566699745 method=shadow-button typed=True screenshot=C:\Users\Admin\PycharmProjects\MercadoApp\bit\跃马扬鞭_BR_loop_20260627_035412_ai_group_22.png
[2026-06-27 03:57:17] SENT group=23/27 ids=6530755390,6530656488,4566660187 method=shadow-button typed=True screenshot=C:\Users\Admin\PycharmProjects\MercadoApp\bit\跃马扬鞭_BR_loop_20260627_035412_ai_group_23.png
[2026-06-27 03:57:25] SENT group=24/27 ids=4379405861,4530001545,6275609532 method=shadow-button typed=True screenshot=C:\Users\Admin\PycharmProjects\MercadoApp\bit\跃马扬鞭_BR_loop_20260627_035412_ai_group_24.png
[2026-06-27 03:57:32] SENT group=25/27 ids=6444077292,6443865202,6426073740 method=shadow-button typed=True screenshot=C:\Users\Admin\PycharmProjects\MercadoApp\bit\跃马扬鞭_BR_loop_20260627_035412_ai_group_25.png
[2026-06-27 03:57:40] SENT group=26/27 ids=6087035048,4432416123,4443240057 method=shadow-button typed=True screenshot=C:\Users\Admin\PycharmProjects\MercadoApp\bit\跃马扬鞭_BR_loop_20260627_035412_ai_group_26.png
[2026-06-27 03:57:48] SENT group=27/27 ids=6158192696,4421876747,6120674468 method=shadow-button typed=True screenshot=C:\Users\Admin\PycharmProjects\MercadoApp\bit\跃马扬鞭_BR_loop_20260627_035412_ai_group_27.png
[2026-06-27 03:57:48] DONE ids=81 sent_groups=27
[2026-06-27 04:03:14] START window=跃马扬鞭 site=BR
[2026-06-27 04:04:12] COLLECTED ids=81 groups=27
[2026-06-27 04:04:24] SENT group=1/27 ids=6096510794,6782142216,6782116756 method=shadow-button typed=True screenshot=C:\Users\Admin\PycharmProjects\MercadoApp\bit\跃马扬鞭_BR_loop_20260627_040412_ai_group_1.png
[2026-06-27 04:04:32] SENT group=2/27 ids=6158241752,4500278569,4566672579 method=shadow-button typed=True screenshot=C:\Users\Admin\PycharmProjects\MercadoApp\bit\跃马扬鞭_BR_loop_20260627_040412_ai_group_2.png
[2026-06-27 04:04:40] SENT group=3/27 ids=6103901564,6871324606,6870544688 method=shadow-button typed=True screenshot=C:\Users\Admin\PycharmProjects\MercadoApp\bit\跃马扬鞭_BR_loop_20260627_040412_ai_group_3.png
[2026-06-27 04:04:48] SENT group=4/27 ids=6247651816,6823523342,6275596542 method=shadow-button typed=True screenshot=C:\Users\Admin\PycharmProjects\MercadoApp\bit\跃马扬鞭_BR_loop_20260627_040412_ai_group_4.png
[2026-06-27 04:04:56] SENT group=5/27 ids=6816324084,6816092368,6782108752 method=shadow-button typed=True screenshot=C:\Users\Admin\PycharmProjects\MercadoApp\bit\跃马扬鞭_BR_loop_20260627_040412_ai_group_5.png
[2026-06-27 04:05:04] SENT group=6/27 ids=6782086038,6782075896,6107792912 method=shadow-button typed=True screenshot=C:\Users\Admin\PycharmProjects\MercadoApp\bit\跃马扬鞭_BR_loop_20260627_040412_ai_group_6.png
[2026-06-27 04:05:11] SENT group=7/27 ids=6256291768,4385863883,6221601498 method=shadow-button typed=True screenshot=C:\Users\Admin\PycharmProjects\MercadoApp\bit\跃马扬鞭_BR_loop_20260627_040412_ai_group_7.png
[2026-06-27 04:05:19] SENT group=8/27 ids=6207099882,4529976111,6636102802 method=shadow-button typed=True screenshot=C:\Users\Admin\PycharmProjects\MercadoApp\bit\跃马扬鞭_BR_loop_20260627_040412_ai_group_8.png
[2026-06-27 04:05:27] SENT group=9/27 ids=6635994752,6636102844,6636102812 method=shadow-button typed=True screenshot=C:\Users\Admin\PycharmProjects\MercadoApp\bit\跃马扬鞭_BR_loop_20260627_040412_ai_group_9.png
[2026-06-27 04:05:35] SENT group=10/27 ids=6635994722,6636077666,6635994660 method=shadow-button typed=True screenshot=C:\Users\Admin\PycharmProjects\MercadoApp\bit\跃马扬鞭_BR_loop_20260627_040412_ai_group_10.png
[2026-06-27 04:05:43] SENT group=11/27 ids=6636090270,6635994668,6631312950 method=shadow-button typed=True screenshot=C:\Users\Admin\PycharmProjects\MercadoApp\bit\跃马扬鞭_BR_loop_20260627_040412_ai_group_11.png
[2026-06-27 04:05:51] SENT group=12/27 ids=6631421766,4612951769,6631248858 method=shadow-button typed=True screenshot=C:\Users\Admin\PycharmProjects\MercadoApp\bit\跃马扬鞭_BR_loop_20260627_040412_ai_group_12.png
[2026-06-27 04:05:59] SENT group=13/27 ids=6631308762,6631247728,6631308332 method=shadow-button typed=True screenshot=C:\Users\Admin\PycharmProjects\MercadoApp\bit\跃马扬鞭_BR_loop_20260627_040412_ai_group_13.png
[2026-06-27 04:06:06] SENT group=14/27 ids=6631308288,6631247700,6631308208 method=shadow-button typed=True screenshot=C:\Users\Admin\PycharmProjects\MercadoApp\bit\跃马扬鞭_BR_loop_20260627_040412_ai_group_14.png
[2026-06-27 04:06:14] SENT group=15/27 ids=6631144870,4612866923,6631246670 method=shadow-button typed=True screenshot=C:\Users\Admin\PycharmProjects\MercadoApp\bit\跃马扬鞭_BR_loop_20260627_040412_ai_group_15.png
[2026-06-27 04:06:22] SENT group=16/27 ids=4612866887,6631143318,4612866205 method=shadow-button typed=True screenshot=C:\Users\Admin\PycharmProjects\MercadoApp\bit\跃马扬鞭_BR_loop_20260627_040412_ai_group_16.png
[2026-06-27 04:06:30] SENT group=17/27 ids=6631143200,4476953283,4500329799 method=shadow-button typed=True screenshot=C:\Users\Admin\PycharmProjects\MercadoApp\bit\跃马扬鞭_BR_loop_20260627_040412_ai_group_17.png
[2026-06-27 04:06:38] SENT group=18/27 ids=6127671802,6177861432,6107767296 method=shadow-button typed=True screenshot=C:\Users\Admin\PycharmProjects\MercadoApp\bit\跃马扬鞭_BR_loop_20260627_040412_ai_group_18.png
[2026-06-27 04:06:46] SENT group=19/27 ids=6107767340,6120906798,4447701763 method=shadow-button typed=True screenshot=C:\Users\Admin\PycharmProjects\MercadoApp\bit\跃马扬鞭_BR_loop_20260627_040412_ai_group_19.png
[2026-06-27 04:06:54] SENT group=20/27 ids=4381937041,6273419292,6107792788 method=shadow-button typed=True screenshot=C:\Users\Admin\PycharmProjects\MercadoApp\bit\跃马扬鞭_BR_loop_20260627_040412_ai_group_20.png
[2026-06-27 04:07:02] SENT group=21/27 ids=6328307078,4385901999,6107525314 method=shadow-button typed=True screenshot=C:\Users\Admin\PycharmProjects\MercadoApp\bit\跃马扬鞭_BR_loop_20260627_040412_ai_group_21.png
[2026-06-27 04:07:10] SENT group=22/27 ids=4392218123,4447520625,4566699745 method=shadow-button typed=True screenshot=C:\Users\Admin\PycharmProjects\MercadoApp\bit\跃马扬鞭_BR_loop_20260627_040412_ai_group_22.png
[2026-06-27 04:07:18] SENT group=23/27 ids=6530755390,6530656488,4566660187 method=shadow-button typed=True screenshot=C:\Users\Admin\PycharmProjects\MercadoApp\bit\跃马扬鞭_BR_loop_20260627_040412_ai_group_23.png
[2026-06-27 04:07:25] SENT group=24/27 ids=4379405861,4530001545,6275609532 method=shadow-button typed=True screenshot=C:\Users\Admin\PycharmProjects\MercadoApp\bit\跃马扬鞭_BR_loop_20260627_040412_ai_group_24.png
[2026-06-27 04:07:33] SENT group=25/27 ids=6444077292,6443865202,6426073740 method=shadow-button typed=True screenshot=C:\Users\Admin\PycharmProjects\MercadoApp\bit\跃马扬鞭_BR_loop_20260627_040412_ai_group_25.png
[2026-06-27 04:07:41] SENT group=26/27 ids=6087035048,4432416123,4443240057 method=shadow-button typed=True screenshot=C:\Users\Admin\PycharmProjects\MercadoApp\bit\跃马扬鞭_BR_loop_20260627_040412_ai_group_26.png
[2026-06-27 04:07:49] SENT group=27/27 ids=6158192696,4421876747,6120674468 method=shadow-button typed=True screenshot=C:\Users\Admin\PycharmProjects\MercadoApp\bit\跃马扬鞭_BR_loop_20260627_040412_ai_group_27.png
[2026-06-27 04:07:49] DONE ids=81 sent_groups=27
[2026-06-27 04:13:15] START window=跃马扬鞭 site=BR
[2026-06-27 04:14:13] COLLECTED ids=81 groups=27
[2026-06-27 04:14:25] SENT group=1/27 ids=6096510794,6782142216,6782116756 method=shadow-button typed=True screenshot=C:\Users\Admin\PycharmProjects\MercadoApp\bit\跃马扬鞭_BR_loop_20260627_041413_ai_group_1.png
[2026-06-27 04:14:33] SENT group=2/27 ids=6158241752,4500278569,4566672579 method=shadow-button typed=True screenshot=C:\Users\Admin\PycharmProjects\MercadoApp\bit\跃马扬鞭_BR_loop_20260627_041413_ai_group_2.png
[2026-06-27 04:14:41] SENT group=3/27 ids=6103901564,6871324606,6870544688 method=shadow-button typed=True screenshot=C:\Users\Admin\PycharmProjects\MercadoApp\bit\跃马扬鞭_BR_loop_20260627_041413_ai_group_3.png
[2026-06-27 04:14:49] SENT group=4/27 ids=6247651816,6823523342,6275596542 method=shadow-button typed=True screenshot=C:\Users\Admin\PycharmProjects\MercadoApp\bit\跃马扬鞭_BR_loop_20260627_041413_ai_group_4.png
[2026-06-27 04:14:57] SENT group=5/27 ids=6816324084,6816092368,6782108752 method=shadow-button typed=True screenshot=C:\Users\Admin\PycharmProjects\MercadoApp\bit\跃马扬鞭_BR_loop_20260627_041413_ai_group_5.png
[2026-06-27 04:15:05] SENT group=6/27 ids=6782086038,6782075896,6107792912 method=shadow-button typed=True screenshot=C:\Users\Admin\PycharmProjects\MercadoApp\bit\跃马扬鞭_BR_loop_20260627_041413_ai_group_6.png
[2026-06-27 04:15:13] SENT group=7/27 ids=6256291768,4385863883,6221601498 method=shadow-button typed=True screenshot=C:\Users\Admin\PycharmProjects\MercadoApp\bit\跃马扬鞭_BR_loop_20260627_041413_ai_group_7.png
[2026-06-27 04:15:20] SENT group=8/27 ids=6207099882,4529976111,6636102802 method=shadow-button typed=True screenshot=C:\Users\Admin\PycharmProjects\MercadoApp\bit\跃马扬鞭_BR_loop_20260627_041413_ai_group_8.png
[2026-06-27 04:15:28] SENT group=9/27 ids=6635994752,6636102844,6636102812 method=shadow-button typed=True screenshot=C:\Users\Admin\PycharmProjects\MercadoApp\bit\跃马扬鞭_BR_loop_20260627_041413_ai_group_9.png
[2026-06-27 04:15:36] SENT group=10/27 ids=6635994722,6636077666,6635994660 method=shadow-button typed=True screenshot=C:\Users\Admin\PycharmProjects\MercadoApp\bit\跃马扬鞭_BR_loop_20260627_041413_ai_group_10.png
[2026-06-27 04:15:44] SENT group=11/27 ids=6636090270,6635994668,6631312950 method=shadow-button typed=True screenshot=C:\Users\Admin\PycharmProjects\MercadoApp\bit\跃马扬鞭_BR_loop_20260627_041413_ai_group_11.png
[2026-06-27 04:15:52] SENT group=12/27 ids=6631421766,4612951769,6631248858 method=shadow-button typed=True screenshot=C:\Users\Admin\PycharmProjects\MercadoApp\bit\跃马扬鞭_BR_loop_20260627_041413_ai_group_12.png
[2026-06-27 04:16:00] SENT group=13/27 ids=6631308762,6631247728,6631308332 method=shadow-button typed=True screenshot=C:\Users\Admin\PycharmProjects\MercadoApp\bit\跃马扬鞭_BR_loop_20260627_041413_ai_group_13.png
[2026-06-27 04:16:08] SENT group=14/27 ids=6631308288,6631247700,6631308208 method=shadow-button typed=True screenshot=C:\Users\Admin\PycharmProjects\MercadoApp\bit\跃马扬鞭_BR_loop_20260627_041413_ai_group_14.png
[2026-06-27 04:16:16] SENT group=15/27 ids=6631144870,4612866923,6631246670 method=shadow-button typed=True screenshot=C:\Users\Admin\PycharmProjects\MercadoApp\bit\跃马扬鞭_BR_loop_20260627_041413_ai_group_15.png
[2026-06-27 04:16:23] SENT group=16/27 ids=4612866887,6631143318,4612866205 method=shadow-button typed=True screenshot=C:\Users\Admin\PycharmProjects\MercadoApp\bit\跃马扬鞭_BR_loop_20260627_041413_ai_group_16.png
[2026-06-27 04:16:31] SENT group=17/27 ids=6631143200,4476953283,4500329799 method=shadow-button typed=True screenshot=C:\Users\Admin\PycharmProjects\MercadoApp\bit\跃马扬鞭_BR_loop_20260627_041413_ai_group_17.png
[2026-06-27 04:16:39] SENT group=18/27 ids=6127671802,6177861432,6107767296 method=shadow-button typed=True screenshot=C:\Users\Admin\PycharmProjects\MercadoApp\bit\跃马扬鞭_BR_loop_20260627_041413_ai_group_18.png
[2026-06-27 04:16:47] SENT group=19/27 ids=6107767340,6120906798,4447701763 method=shadow-button typed=True screenshot=C:\Users\Admin\PycharmProjects\MercadoApp\bit\跃马扬鞭_BR_loop_20260627_041413_ai_group_19.png
[2026-06-27 04:16:55] SENT group=20/27 ids=4381937041,6273419292,6107792788 method=shadow-button typed=True screenshot=C:\Users\Admin\PycharmProjects\MercadoApp\bit\跃马扬鞭_BR_loop_20260627_041413_ai_group_20.png
[2026-06-27 04:17:03] SENT group=21/27 ids=6328307078,4385901999,6107525314 method=shadow-button typed=True screenshot=C:\Users\Admin\PycharmProjects\MercadoApp\bit\跃马扬鞭_BR_loop_20260627_041413_ai_group_21.png
[2026-06-27 04:17:11] SENT group=22/27 ids=4392218123,4447520625,4566699745 method=shadow-button typed=True screenshot=C:\Users\Admin\PycharmProjects\MercadoApp\bit\跃马扬鞭_BR_loop_20260627_041413_ai_group_22.png
[2026-06-27 04:17:19] SENT group=23/27 ids=6530755390,6530656488,4566660187 method=shadow-button typed=True screenshot=C:\Users\Admin\PycharmProjects\MercadoApp\bit\跃马扬鞭_BR_loop_20260627_041413_ai_group_23.png
[2026-06-27 04:17:26] SENT group=24/27 ids=4379405861,4530001545,6275609532 method=shadow-button typed=True screenshot=C:\Users\Admin\PycharmProjects\MercadoApp\bit\跃马扬鞭_BR_loop_20260627_041413_ai_group_24.png
[2026-06-27 04:17:34] SENT group=25/27 ids=6444077292,6443865202,6426073740 method=shadow-button typed=True screenshot=C:\Users\Admin\PycharmProjects\MercadoApp\bit\跃马扬鞭_BR_loop_20260627_041413_ai_group_25.png
[2026-06-27 04:17:42] SENT group=26/27 ids=6087035048,4432416123,4443240057 method=shadow-button typed=True screenshot=C:\Users\Admin\PycharmProjects\MercadoApp\bit\跃马扬鞭_BR_loop_20260627_041413_ai_group_26.png
[2026-06-27 04:17:50] SENT group=27/27 ids=6158192696,4421876747,6120674468 method=shadow-button typed=True screenshot=C:\Users\Admin\PycharmProjects\MercadoApp\bit\跃马扬鞭_BR_loop_20260627_041413_ai_group_27.png
[2026-06-27 04:17:50] DONE ids=81 sent_groups=27
[2026-06-27 04:23:15] START window=跃马扬鞭 site=BR
[2026-06-27 04:24:14] COLLECTED ids=81 groups=27
[2026-06-27 04:24:26] SENT group=1/27 ids=6096510794,6782142216,6782116756 method=shadow-button typed=True screenshot=C:\Users\Admin\PycharmProjects\MercadoApp\bit\跃马扬鞭_BR_loop_20260627_042414_ai_group_1.png
[2026-06-27 04:24:34] SENT group=2/27 ids=6158241752,4500278569,4566672579 method=shadow-button typed=True screenshot=C:\Users\Admin\PycharmProjects\MercadoApp\bit\跃马扬鞭_BR_loop_20260627_042414_ai_group_2.png
[2026-06-27 04:24:42] SENT group=3/27 ids=6103901564,6871324606,6870544688 method=shadow-button typed=True screenshot=C:\Users\Admin\PycharmProjects\MercadoApp\bit\跃马扬鞭_BR_loop_20260627_042414_ai_group_3.png
[2026-06-27 04:24:50] SENT group=4/27 ids=6247651816,6823523342,6275596542 method=shadow-button typed=True screenshot=C:\Users\Admin\PycharmProjects\MercadoApp\bit\跃马扬鞭_BR_loop_20260627_042414_ai_group_4.png
[2026-06-27 04:24:58] SENT group=5/27 ids=6816324084,6816092368,6782108752 method=shadow-button typed=True screenshot=C:\Users\Admin\PycharmProjects\MercadoApp\bit\跃马扬鞭_BR_loop_20260627_042414_ai_group_5.png
[2026-06-27 04:25:05] SENT group=6/27 ids=6782086038,6782075896,6107792912 method=shadow-button typed=True screenshot=C:\Users\Admin\PycharmProjects\MercadoApp\bit\跃马扬鞭_BR_loop_20260627_042414_ai_group_6.png
[2026-06-27 04:25:13] SENT group=7/27 ids=6256291768,4385863883,6221601498 method=shadow-button typed=True screenshot=C:\Users\Admin\PycharmProjects\MercadoApp\bit\跃马扬鞭_BR_loop_20260627_042414_ai_group_7.png
[2026-06-27 04:25:21] SENT group=8/27 ids=6207099882,4529976111,6636102802 method=shadow-button typed=True screenshot=C:\Users\Admin\PycharmProjects\MercadoApp\bit\跃马扬鞭_BR_loop_20260627_042414_ai_group_8.png
[2026-06-27 04:25:29] SENT group=9/27 ids=6635994752,6636102844,6636102812 method=shadow-button typed=True screenshot=C:\Users\Admin\PycharmProjects\MercadoApp\bit\跃马扬鞭_BR_loop_20260627_042414_ai_group_9.png
[2026-06-27 04:25:37] SENT group=10/27 ids=6635994722,6636077666,6635994660 method=shadow-button typed=True screenshot=C:\Users\Admin\PycharmProjects\MercadoApp\bit\跃马扬鞭_BR_loop_20260627_042414_ai_group_10.png
[2026-06-27 04:25:45] SENT group=11/27 ids=6636090270,6635994668,6631312950 method=shadow-button typed=True screenshot=C:\Users\Admin\PycharmProjects\MercadoApp\bit\跃马扬鞭_BR_loop_20260627_042414_ai_group_11.png
[2026-06-27 04:25:53] SENT group=12/27 ids=6631421766,4612951769,6631248858 method=shadow-button typed=True screenshot=C:\Users\Admin\PycharmProjects\MercadoApp\bit\跃马扬鞭_BR_loop_20260627_042414_ai_group_12.png
[2026-06-27 04:26:00] SENT group=13/27 ids=6631308762,6631247728,6631308332 method=shadow-button typed=True screenshot=C:\Users\Admin\PycharmProjects\MercadoApp\bit\跃马扬鞭_BR_loop_20260627_042414_ai_group_13.png
[2026-06-27 04:26:08] SENT group=14/27 ids=6631308288,6631247700,6631308208 method=shadow-button typed=True screenshot=C:\Users\Admin\PycharmProjects\MercadoApp\bit\跃马扬鞭_BR_loop_20260627_042414_ai_group_14.png
[2026-06-27 04:26:16] SENT group=15/27 ids=6631144870,4612866923,6631246670 method=shadow-button typed=True screenshot=C:\Users\Admin\PycharmProjects\MercadoApp\bit\跃马扬鞭_BR_loop_20260627_042414_ai_group_15.png
[2026-06-27 04:26:24] SENT group=16/27 ids=4612866887,6631143318,4612866205 method=shadow-button typed=True screenshot=C:\Users\Admin\PycharmProjects\MercadoApp\bit\跃马扬鞭_BR_loop_20260627_042414_ai_group_16.png
[2026-06-27 04:26:32] SENT group=17/27 ids=6631143200,4476953283,4500329799 method=shadow-button typed=True screenshot=C:\Users\Admin\PycharmProjects\MercadoApp\bit\跃马扬鞭_BR_loop_20260627_042414_ai_group_17.png
[2026-06-27 04:26:40] SENT group=18/27 ids=6127671802,6177861432,6107767296 method=shadow-button typed=True screenshot=C:\Users\Admin\PycharmProjects\MercadoApp\bit\跃马扬鞭_BR_loop_20260627_042414_ai_group_18.png
[2026-06-27 04:26:48] SENT group=19/27 ids=6107767340,6120906798,4447701763 method=shadow-button typed=True screenshot=C:\Users\Admin\PycharmProjects\MercadoApp\bit\跃马扬鞭_BR_loop_20260627_042414_ai_group_19.png
[2026-06-27 04:26:56] SENT group=20/27 ids=4381937041,6273419292,6107792788 method=shadow-button typed=True screenshot=C:\Users\Admin\PycharmProjects\MercadoApp\bit\跃马扬鞭_BR_loop_20260627_042414_ai_group_20.png
[2026-06-27 04:27:04] SENT group=21/27 ids=6328307078,4385901999,6107525314 method=shadow-button typed=True screenshot=C:\Users\Admin\PycharmProjects\MercadoApp\bit\跃马扬鞭_BR_loop_20260627_042414_ai_group_21.png
[2026-06-27 04:27:11] SENT group=22/27 ids=4392218123,4447520625,4566699745 method=shadow-button typed=True screenshot=C:\Users\Admin\PycharmProjects\MercadoApp\bit\跃马扬鞭_BR_loop_20260627_042414_ai_group_22.png
[2026-06-27 04:27:19] SENT group=23/27 ids=6530755390,6530656488,4566660187 method=shadow-button typed=True screenshot=C:\Users\Admin\PycharmProjects\MercadoApp\bit\跃马扬鞭_BR_loop_20260627_042414_ai_group_23.png
[2026-06-27 04:27:27] SENT group=24/27 ids=4379405861,4530001545,6275609532 method=shadow-button typed=True screenshot=C:\Users\Admin\PycharmProjects\MercadoApp\bit\跃马扬鞭_BR_loop_20260627_042414_ai_group_24.png
[2026-06-27 04:27:35] SENT group=25/27 ids=6444077292,6443865202,6426073740 method=shadow-button typed=True screenshot=C:\Users\Admin\PycharmProjects\MercadoApp\bit\跃马扬鞭_BR_loop_20260627_042414_ai_group_25.png
[2026-06-27 04:27:43] SENT group=26/27 ids=6087035048,4432416123,4443240057 method=shadow-button typed=True screenshot=C:\Users\Admin\PycharmProjects\MercadoApp\bit\跃马扬鞭_BR_loop_20260627_042414_ai_group_26.png
[2026-06-27 04:27:51] SENT group=27/27 ids=6158192696,4421876747,6120674468 method=shadow-button typed=True screenshot=C:\Users\Admin\PycharmProjects\MercadoApp\bit\跃马扬鞭_BR_loop_20260627_042414_ai_group_27.png
[2026-06-27 04:27:51] DONE ids=81 sent_groups=27
[2026-06-27 04:33:14] START window=跃马扬鞭 site=BR
[2026-06-27 04:34:13] COLLECTED ids=81 groups=27
[2026-06-27 04:34:25] SENT group=1/27 ids=6096510794,6782142216,6782116756 method=shadow-button typed=True screenshot=C:\Users\Admin\PycharmProjects\MercadoApp\bit\跃马扬鞭_BR_loop_20260627_043413_ai_group_1.png
[2026-06-27 04:34:33] SENT group=2/27 ids=6158241752,4500278569,4566672579 method=shadow-button typed=True screenshot=C:\Users\Admin\PycharmProjects\MercadoApp\bit\跃马扬鞭_BR_loop_20260627_043413_ai_group_2.png
[2026-06-27 04:34:41] SENT group=3/27 ids=6103901564,6871324606,6870544688 method=shadow-button typed=True screenshot=C:\Users\Admin\PycharmProjects\MercadoApp\bit\跃马扬鞭_BR_loop_20260627_043413_ai_group_3.png
[2026-06-27 04:34:49] SENT group=4/27 ids=6247651816,6823523342,6275596542 method=shadow-button typed=True screenshot=C:\Users\Admin\PycharmProjects\MercadoApp\bit\跃马扬鞭_BR_loop_20260627_043413_ai_group_4.png
[2026-06-27 04:34:57] SENT group=5/27 ids=6816324084,6816092368,6782108752 method=shadow-button typed=True screenshot=C:\Users\Admin\PycharmProjects\MercadoApp\bit\跃马扬鞭_BR_loop_20260627_043413_ai_group_5.png
[2026-06-27 04:35:05] SENT group=6/27 ids=6782086038,6782075896,6107792912 method=shadow-button typed=True screenshot=C:\Users\Admin\PycharmProjects\MercadoApp\bit\跃马扬鞭_BR_loop_20260627_043413_ai_group_6.png
[2026-06-27 04:35:12] SENT group=7/27 ids=6256291768,4385863883,6221601498 method=shadow-button typed=True screenshot=C:\Users\Admin\PycharmProjects\MercadoApp\bit\跃马扬鞭_BR_loop_20260627_043413_ai_group_7.png
[2026-06-27 04:35:20] SENT group=8/27 ids=6207099882,4529976111,6636102802 method=shadow-button typed=True screenshot=C:\Users\Admin\PycharmProjects\MercadoApp\bit\跃马扬鞭_BR_loop_20260627_043413_ai_group_8.png
[2026-06-27 04:35:28] SENT group=9/27 ids=6635994752,6636102844,6636102812 method=shadow-button typed=True screenshot=C:\Users\Admin\PycharmProjects\MercadoApp\bit\跃马扬鞭_BR_loop_20260627_043413_ai_group_9.png
[2026-06-27 04:35:36] SENT group=10/27 ids=6635994722,6636077666,6635994660 method=shadow-button typed=True screenshot=C:\Users\Admin\PycharmProjects\MercadoApp\bit\跃马扬鞭_BR_loop_20260627_043413_ai_group_10.png
[2026-06-27 04:35:44] SENT group=11/27 ids=6636090270,6635994668,6631312950 method=shadow-button typed=True screenshot=C:\Users\Admin\PycharmProjects\MercadoApp\bit\跃马扬鞭_BR_loop_20260627_043413_ai_group_11.png
[2026-06-27 04:35:52] SENT group=12/27 ids=6631421766,4612951769,6631248858 method=shadow-button typed=True screenshot=C:\Users\Admin\PycharmProjects\MercadoApp\bit\跃马扬鞭_BR_loop_20260627_043413_ai_group_12.png
[2026-06-27 04:36:00] SENT group=13/27 ids=6631308762,6631247728,6631308332 method=shadow-button typed=True screenshot=C:\Users\Admin\PycharmProjects\MercadoApp\bit\跃马扬鞭_BR_loop_20260627_043413_ai_group_13.png
[2026-06-27 04:36:08] SENT group=14/27 ids=6631308288,6631247700,6631308208 method=shadow-button typed=True screenshot=C:\Users\Admin\PycharmProjects\MercadoApp\bit\跃马扬鞭_BR_loop_20260627_043413_ai_group_14.png
[2026-06-27 04:36:15] SENT group=15/27 ids=6631144870,4612866923,6631246670 method=shadow-button typed=True screenshot=C:\Users\Admin\PycharmProjects\MercadoApp\bit\跃马扬鞭_BR_loop_20260627_043413_ai_group_15.png
[2026-06-27 04:36:23] SENT group=16/27 ids=4612866887,6631143318,4612866205 method=shadow-button typed=True screenshot=C:\Users\Admin\PycharmProjects\MercadoApp\bit\跃马扬鞭_BR_loop_20260627_043413_ai_group_16.png
[2026-06-27 04:36:31] SENT group=17/27 ids=6631143200,4476953283,4500329799 method=shadow-button typed=True screenshot=C:\Users\Admin\PycharmProjects\MercadoApp\bit\跃马扬鞭_BR_loop_20260627_043413_ai_group_17.png
[2026-06-27 04:36:39] SENT group=18/27 ids=6127671802,6177861432,6107767296 method=shadow-button typed=True screenshot=C:\Users\Admin\PycharmProjects\MercadoApp\bit\跃马扬鞭_BR_loop_20260627_043413_ai_group_18.png
[2026-06-27 04:36:47] SENT group=19/27 ids=6107767340,6120906798,4447701763 method=shadow-button typed=True screenshot=C:\Users\Admin\PycharmProjects\MercadoApp\bit\跃马扬鞭_BR_loop_20260627_043413_ai_group_19.png
[2026-06-27 04:36:55] SENT group=20/27 ids=4381937041,6273419292,6107792788 method=shadow-button typed=True screenshot=C:\Users\Admin\PycharmProjects\MercadoApp\bit\跃马扬鞭_BR_loop_20260627_043413_ai_group_20.png
[2026-06-27 04:37:03] SENT group=21/27 ids=6328307078,4385901999,6107525314 method=shadow-button typed=True screenshot=C:\Users\Admin\PycharmProjects\MercadoApp\bit\跃马扬鞭_BR_loop_20260627_043413_ai_group_21.png
[2026-06-27 04:37:11] SENT group=22/27 ids=4392218123,4447520625,4566699745 method=shadow-button typed=True screenshot=C:\Users\Admin\PycharmProjects\MercadoApp\bit\跃马扬鞭_BR_loop_20260627_043413_ai_group_22.png
[2026-06-27 04:37:19] SENT group=23/27 ids=6530755390,6530656488,4566660187 method=shadow-button typed=True screenshot=C:\Users\Admin\PycharmProjects\MercadoApp\bit\跃马扬鞭_BR_loop_20260627_043413_ai_group_23.png
[2026-06-27 04:37:27] SENT group=24/27 ids=4379405861,4530001545,6275609532 method=shadow-button typed=True screenshot=C:\Users\Admin\PycharmProjects\MercadoApp\bit\跃马扬鞭_BR_loop_20260627_043413_ai_group_24.png
[2026-06-27 04:37:34] SENT group=25/27 ids=6444077292,6443865202,6426073740 method=shadow-button typed=True screenshot=C:\Users\Admin\PycharmProjects\MercadoApp\bit\跃马扬鞭_BR_loop_20260627_043413_ai_group_25.png
[2026-06-27 04:37:42] SENT group=26/27 ids=6087035048,4432416123,4443240057 method=shadow-button typed=True screenshot=C:\Users\Admin\PycharmProjects\MercadoApp\bit\跃马扬鞭_BR_loop_20260627_043413_ai_group_26.png
[2026-06-27 04:37:50] SENT group=27/27 ids=6158192696,4421876747,6120674468 method=shadow-button typed=True screenshot=C:\Users\Admin\PycharmProjects\MercadoApp\bit\跃马扬鞭_BR_loop_20260627_043413_ai_group_27.png
[2026-06-27 04:37:50] DONE ids=81 sent_groups=27
[2026-06-27 04:43:16] START window=跃马扬鞭 site=BR
[2026-06-27 04:44:16] COLLECTED ids=81 groups=27
[2026-06-27 04:44:28] SENT group=1/27 ids=6096510794,6782142216,6782116756 method=shadow-button typed=True screenshot=C:\Users\Admin\PycharmProjects\MercadoApp\bit\跃马扬鞭_BR_loop_20260627_044416_ai_group_1.png
[2026-06-27 04:44:36] SENT group=2/27 ids=6158241752,4500278569,4566672579 method=shadow-button typed=True screenshot=C:\Users\Admin\PycharmProjects\MercadoApp\bit\跃马扬鞭_BR_loop_20260627_044416_ai_group_2.png
[2026-06-27 04:44:44] SENT group=3/27 ids=6103901564,6871324606,6870544688 method=shadow-button typed=True screenshot=C:\Users\Admin\PycharmProjects\MercadoApp\bit\跃马扬鞭_BR_loop_20260627_044416_ai_group_3.png
[2026-06-27 04:44:51] SENT group=4/27 ids=6247651816,6823523342,6275596542 method=shadow-button typed=True screenshot=C:\Users\Admin\PycharmProjects\MercadoApp\bit\跃马扬鞭_BR_loop_20260627_044416_ai_group_4.png
[2026-06-27 04:44:59] SENT group=5/27 ids=6816324084,6816092368,6782108752 method=shadow-button typed=True screenshot=C:\Users\Admin\PycharmProjects\MercadoApp\bit\跃马扬鞭_BR_loop_20260627_044416_ai_group_5.png
[2026-06-27 04:45:07] SENT group=6/27 ids=6782086038,6782075896,6107792912 method=shadow-button typed=True screenshot=C:\Users\Admin\PycharmProjects\MercadoApp\bit\跃马扬鞭_BR_loop_20260627_044416_ai_group_6.png
[2026-06-27 04:45:15] SENT group=7/27 ids=6256291768,4385863883,6221601498 method=shadow-button typed=True screenshot=C:\Users\Admin\PycharmProjects\MercadoApp\bit\跃马扬鞭_BR_loop_20260627_044416_ai_group_7.png
[2026-06-27 04:45:23] SENT group=8/27 ids=6207099882,4529976111,6636102802 method=shadow-button typed=True screenshot=C:\Users\Admin\PycharmProjects\MercadoApp\bit\跃马扬鞭_BR_loop_20260627_044416_ai_group_8.png
[2026-06-27 04:45:31] SENT group=9/27 ids=6635994752,6636102844,6636102812 method=shadow-button typed=True screenshot=C:\Users\Admin\PycharmProjects\MercadoApp\bit\跃马扬鞭_BR_loop_20260627_044416_ai_group_9.png
[2026-06-27 04:45:39] SENT group=10/27 ids=6635994722,6636077666,6635994660 method=shadow-button typed=True screenshot=C:\Users\Admin\PycharmProjects\MercadoApp\bit\跃马扬鞭_BR_loop_20260627_044416_ai_group_10.png
[2026-06-27 04:45:47] SENT group=11/27 ids=6636090270,6635994668,6631312950 method=shadow-button typed=True screenshot=C:\Users\Admin\PycharmProjects\MercadoApp\bit\跃马扬鞭_BR_loop_20260627_044416_ai_group_11.png
[2026-06-27 04:45:54] SENT group=12/27 ids=6631421766,4612951769,6631248858 method=shadow-button typed=True screenshot=C:\Users\Admin\PycharmProjects\MercadoApp\bit\跃马扬鞭_BR_loop_20260627_044416_ai_group_12.png
[2026-06-27 04:46:02] SENT group=13/27 ids=6631308762,6631247728,6631308332 method=shadow-button typed=True screenshot=C:\Users\Admin\PycharmProjects\MercadoApp\bit\跃马扬鞭_BR_loop_20260627_044416_ai_group_13.png
[2026-06-27 04:46:10] SENT group=14/27 ids=6631308288,6631247700,6631308208 method=shadow-button typed=True screenshot=C:\Users\Admin\PycharmProjects\MercadoApp\bit\跃马扬鞭_BR_loop_20260627_044416_ai_group_14.png
[2026-06-27 04:46:18] SENT group=15/27 ids=6631144870,4612866923,6631246670 method=shadow-button typed=True screenshot=C:\Users\Admin\PycharmProjects\MercadoApp\bit\跃马扬鞭_BR_loop_20260627_044416_ai_group_15.png
[2026-06-27 04:46:26] SENT group=16/27 ids=4612866887,6631143318,4612866205 method=shadow-button typed=True screenshot=C:\Users\Admin\PycharmProjects\MercadoApp\bit\跃马扬鞭_BR_loop_20260627_044416_ai_group_16.png
[2026-06-27 04:46:34] SENT group=17/27 ids=6631143200,4476953283,4500329799 method=shadow-button typed=True screenshot=C:\Users\Admin\PycharmProjects\MercadoApp\bit\跃马扬鞭_BR_loop_20260627_044416_ai_group_17.png
[2026-06-27 04:46:42] SENT group=18/27 ids=6127671802,6177861432,6107767296 method=shadow-button typed=True screenshot=C:\Users\Admin\PycharmProjects\MercadoApp\bit\跃马扬鞭_BR_loop_20260627_044416_ai_group_18.png
[2026-06-27 04:46:50] SENT group=19/27 ids=6107767340,6120906798,4447701763 method=shadow-button typed=True screenshot=C:\Users\Admin\PycharmProjects\MercadoApp\bit\跃马扬鞭_BR_loop_20260627_044416_ai_group_19.png
[2026-06-27 04:46:58] SENT group=20/27 ids=4381937041,6273419292,6107792788 method=shadow-button typed=True screenshot=C:\Users\Admin\PycharmProjects\MercadoApp\bit\跃马扬鞭_BR_loop_20260627_044416_ai_group_20.png
[2026-06-27 04:47:05] SENT group=21/27 ids=6328307078,4385901999,6107525314 method=shadow-button typed=True screenshot=C:\Users\Admin\PycharmProjects\MercadoApp\bit\跃马扬鞭_BR_loop_20260627_044416_ai_group_21.png
[2026-06-27 04:47:13] SENT group=22/27 ids=4392218123,4447520625,4566699745 method=shadow-button typed=True screenshot=C:\Users\Admin\PycharmProjects\MercadoApp\bit\跃马扬鞭_BR_loop_20260627_044416_ai_group_22.png
[2026-06-27 04:47:21] SENT group=23/27 ids=6530755390,6530656488,4566660187 method=shadow-button typed=True screenshot=C:\Users\Admin\PycharmProjects\MercadoApp\bit\跃马扬鞭_BR_loop_20260627_044416_ai_group_23.png
[2026-06-27 04:47:29] SENT group=24/27 ids=4379405861,4530001545,6275609532 method=shadow-button typed=True screenshot=C:\Users\Admin\PycharmProjects\MercadoApp\bit\跃马扬鞭_BR_loop_20260627_044416_ai_group_24.png
[2026-06-27 04:47:37] SENT group=25/27 ids=6444077292,6443865202,6426073740 method=shadow-button typed=True screenshot=C:\Users\Admin\PycharmProjects\MercadoApp\bit\跃马扬鞭_BR_loop_20260627_044416_ai_group_25.png
[2026-06-27 04:47:45] SENT group=26/27 ids=6087035048,4432416123,4443240057 method=shadow-button typed=True screenshot=C:\Users\Admin\PycharmProjects\MercadoApp\bit\跃马扬鞭_BR_loop_20260627_044416_ai_group_26.png
[2026-06-27 04:47:53] SENT group=27/27 ids=6158192696,4421876747,6120674468 method=shadow-button typed=True screenshot=C:\Users\Admin\PycharmProjects\MercadoApp\bit\跃马扬鞭_BR_loop_20260627_044416_ai_group_27.png
[2026-06-27 04:47:53] DONE ids=81 sent_groups=27
[2026-06-27 04:53:21] START window=跃马扬鞭 site=BR
[2026-06-27 04:54:21] COLLECTED ids=81 groups=27
[2026-06-27 04:54:32] SENT group=1/27 ids=6096510794,6782142216,6782116756 method=shadow-button typed=True screenshot=C:\Users\Admin\PycharmProjects\MercadoApp\bit\跃马扬鞭_BR_loop_20260627_045421_ai_group_1.png
[2026-06-27 04:54:40] SENT group=2/27 ids=6158241752,4500278569,4566672579 method=shadow-button typed=True screenshot=C:\Users\Admin\PycharmProjects\MercadoApp\bit\跃马扬鞭_BR_loop_20260627_045421_ai_group_2.png
[2026-06-27 04:54:48] SENT group=3/27 ids=6103901564,6871324606,6870544688 method=shadow-button typed=True screenshot=C:\Users\Admin\PycharmProjects\MercadoApp\bit\跃马扬鞭_BR_loop_20260627_045421_ai_group_3.png
[2026-06-27 04:54:56] SENT group=4/27 ids=6247651816,6823523342,6275596542 method=shadow-button typed=True screenshot=C:\Users\Admin\PycharmProjects\MercadoApp\bit\跃马扬鞭_BR_loop_20260627_045421_ai_group_4.png
[2026-06-27 04:55:04] SENT group=5/27 ids=6816324084,6816092368,6782108752 method=shadow-button typed=True screenshot=C:\Users\Admin\PycharmProjects\MercadoApp\bit\跃马扬鞭_BR_loop_20260627_045421_ai_group_5.png
[2026-06-27 04:55:12] SENT group=6/27 ids=6782086038,6782075896,6107792912 method=shadow-button typed=True screenshot=C:\Users\Admin\PycharmProjects\MercadoApp\bit\跃马扬鞭_BR_loop_20260627_045421_ai_group_6.png
[2026-06-27 04:55:20] SENT group=7/27 ids=6256291768,4385863883,6221601498 method=shadow-button typed=True screenshot=C:\Users\Admin\PycharmProjects\MercadoApp\bit\跃马扬鞭_BR_loop_20260627_045421_ai_group_7.png
[2026-06-27 04:55:28] SENT group=8/27 ids=6207099882,4529976111,6636102802 method=shadow-button typed=True screenshot=C:\Users\Admin\PycharmProjects\MercadoApp\bit\跃马扬鞭_BR_loop_20260627_045421_ai_group_8.png
[2026-06-27 04:55:36] SENT group=9/27 ids=6635994752,6636102844,6636102812 method=shadow-button typed=True screenshot=C:\Users\Admin\PycharmProjects\MercadoApp\bit\跃马扬鞭_BR_loop_20260627_045421_ai_group_9.png
[2026-06-27 04:55:44] SENT group=10/27 ids=6635994722,6636077666,6635994660 method=shadow-button typed=True screenshot=C:\Users\Admin\PycharmProjects\MercadoApp\bit\跃马扬鞭_BR_loop_20260627_045421_ai_group_10.png
[2026-06-27 04:55:51] SENT group=11/27 ids=6636090270,6635994668,6631312950 method=shadow-button typed=True screenshot=C:\Users\Admin\PycharmProjects\MercadoApp\bit\跃马扬鞭_BR_loop_20260627_045421_ai_group_11.png
[2026-06-27 04:55:59] SENT group=12/27 ids=6631421766,4612951769,6631248858 method=shadow-button typed=True screenshot=C:\Users\Admin\PycharmProjects\MercadoApp\bit\跃马扬鞭_BR_loop_20260627_045421_ai_group_12.png
[2026-06-27 04:56:07] SENT group=13/27 ids=6631308762,6631247728,6631308332 method=shadow-button typed=True screenshot=C:\Users\Admin\PycharmProjects\MercadoApp\bit\跃马扬鞭_BR_loop_20260627_045421_ai_group_13.png
[2026-06-27 04:56:15] SENT group=14/27 ids=6631308288,6631247700,6631308208 method=shadow-button typed=True screenshot=C:\Users\Admin\PycharmProjects\MercadoApp\bit\跃马扬鞭_BR_loop_20260627_045421_ai_group_14.png
[2026-06-27 04:56:23] SENT group=15/27 ids=6631144870,4612866923,6631246670 method=shadow-button typed=True screenshot=C:\Users\Admin\PycharmProjects\MercadoApp\bit\跃马扬鞭_BR_loop_20260627_045421_ai_group_15.png
[2026-06-27 04:56:31] SENT group=16/27 ids=4612866887,6631143318,4612866205 method=shadow-button typed=True screenshot=C:\Users\Admin\PycharmProjects\MercadoApp\bit\跃马扬鞭_BR_loop_20260627_045421_ai_group_16.png
[2026-06-27 04:56:39] SENT group=17/27 ids=6631143200,4476953283,4500329799 method=shadow-button typed=True screenshot=C:\Users\Admin\PycharmProjects\MercadoApp\bit\跃马扬鞭_BR_loop_20260627_045421_ai_group_17.png
[2026-06-27 04:56:47] SENT group=18/27 ids=6127671802,6177861432,6107767296 method=shadow-button typed=True screenshot=C:\Users\Admin\PycharmProjects\MercadoApp\bit\跃马扬鞭_BR_loop_20260627_045421_ai_group_18.png
[2026-06-27 04:56:54] SENT group=19/27 ids=6107767340,6120906798,4447701763 method=shadow-button typed=True screenshot=C:\Users\Admin\PycharmProjects\MercadoApp\bit\跃马扬鞭_BR_loop_20260627_045421_ai_group_19.png
[2026-06-27 04:57:02] SENT group=20/27 ids=4381937041,6273419292,6107792788 method=shadow-button typed=True screenshot=C:\Users\Admin\PycharmProjects\MercadoApp\bit\跃马扬鞭_BR_loop_20260627_045421_ai_group_20.png
[2026-06-27 04:57:10] SENT group=21/27 ids=6328307078,4385901999,6107525314 method=shadow-button typed=True screenshot=C:\Users\Admin\PycharmProjects\MercadoApp\bit\跃马扬鞭_BR_loop_20260627_045421_ai_group_21.png
[2026-06-27 04:57:18] SENT group=22/27 ids=4392218123,4447520625,4566699745 method=shadow-button typed=True screenshot=C:\Users\Admin\PycharmProjects\MercadoApp\bit\跃马扬鞭_BR_loop_20260627_045421_ai_group_22.png
[2026-06-27 04:57:26] SENT group=23/27 ids=6530755390,6530656488,4566660187 method=shadow-button typed=True screenshot=C:\Users\Admin\PycharmProjects\MercadoApp\bit\跃马扬鞭_BR_loop_20260627_045421_ai_group_23.png
[2026-06-27 04:57:34] SENT group=24/27 ids=4379405861,4530001545,6275609532 method=shadow-button typed=True screenshot=C:\Users\Admin\PycharmProjects\MercadoApp\bit\跃马扬鞭_BR_loop_20260627_045421_ai_group_24.png
[2026-06-27 04:57:42] SENT group=25/27 ids=6444077292,6443865202,6426073740 method=shadow-button typed=True screenshot=C:\Users\Admin\PycharmProjects\MercadoApp\bit\跃马扬鞭_BR_loop_20260627_045421_ai_group_25.png
[2026-06-27 04:57:50] SENT group=26/27 ids=6087035048,4432416123,4443240057 method=shadow-button typed=True screenshot=C:\Users\Admin\PycharmProjects\MercadoApp\bit\跃马扬鞭_BR_loop_20260627_045421_ai_group_26.png
[2026-06-27 04:57:57] SENT group=27/27 ids=6158192696,4421876747,6120674468 method=shadow-button typed=True screenshot=C:\Users\Admin\PycharmProjects\MercadoApp\bit\跃马扬鞭_BR_loop_20260627_045421_ai_group_27.png
[2026-06-27 04:57:57] DONE ids=81 sent_groups=27
[2026-06-27 05:03:16] START window=跃马扬鞭 site=BR
[2026-06-27 05:04:15] COLLECTED ids=81 groups=27
[2026-06-27 05:04:27] SENT group=1/27 ids=6096510794,6782142216,6782116756 method=shadow-button typed=True screenshot=C:\Users\Admin\PycharmProjects\MercadoApp\bit\跃马扬鞭_BR_loop_20260627_050415_ai_group_1.png
[2026-06-27 05:04:35] SENT group=2/27 ids=6158241752,4500278569,4566672579 method=shadow-button typed=True screenshot=C:\Users\Admin\PycharmProjects\MercadoApp\bit\跃马扬鞭_BR_loop_20260627_050415_ai_group_2.png
[2026-06-27 05:04:43] SENT group=3/27 ids=6103901564,6871324606,6870544688 method=shadow-button typed=True screenshot=C:\Users\Admin\PycharmProjects\MercadoApp\bit\跃马扬鞭_BR_loop_20260627_050415_ai_group_3.png
[2026-06-27 05:04:51] SENT group=4/27 ids=6247651816,6823523342,6275596542 method=shadow-button typed=True screenshot=C:\Users\Admin\PycharmProjects\MercadoApp\bit\跃马扬鞭_BR_loop_20260627_050415_ai_group_4.png
[2026-06-27 05:04:59] SENT group=5/27 ids=6816324084,6816092368,6782108752 method=shadow-button typed=True screenshot=C:\Users\Admin\PycharmProjects\MercadoApp\bit\跃马扬鞭_BR_loop_20260627_050415_ai_group_5.png
[2026-06-27 05:05:07] SENT group=6/27 ids=6782086038,6782075896,6107792912 method=shadow-button typed=True screenshot=C:\Users\Admin\PycharmProjects\MercadoApp\bit\跃马扬鞭_BR_loop_20260627_050415_ai_group_6.png
[2026-06-27 05:05:15] SENT group=7/27 ids=6256291768,4385863883,6221601498 method=shadow-button typed=True screenshot=C:\Users\Admin\PycharmProjects\MercadoApp\bit\跃马扬鞭_BR_loop_20260627_050415_ai_group_7.png
[2026-06-27 05:05:23] SENT group=8/27 ids=6207099882,4529976111,6636102802 method=shadow-button typed=True screenshot=C:\Users\Admin\PycharmProjects\MercadoApp\bit\跃马扬鞭_BR_loop_20260627_050415_ai_group_8.png
[2026-06-27 05:05:31] SENT group=9/27 ids=6635994752,6636102844,6636102812 method=shadow-button typed=True screenshot=C:\Users\Admin\PycharmProjects\MercadoApp\bit\跃马扬鞭_BR_loop_20260627_050415_ai_group_9.png
[2026-06-27 05:05:38] SENT group=10/27 ids=6635994722,6636077666,6635994660 method=shadow-button typed=True screenshot=C:\Users\Admin\PycharmProjects\MercadoApp\bit\跃马扬鞭_BR_loop_20260627_050415_ai_group_10.png
[2026-06-27 05:05:46] SENT group=11/27 ids=6636090270,6635994668,6631312950 method=shadow-button typed=True screenshot=C:\Users\Admin\PycharmProjects\MercadoApp\bit\跃马扬鞭_BR_loop_20260627_050415_ai_group_11.png
[2026-06-27 05:05:54] SENT group=12/27 ids=6631421766,4612951769,6631248858 method=shadow-button typed=True screenshot=C:\Users\Admin\PycharmProjects\MercadoApp\bit\跃马扬鞭_BR_loop_20260627_050415_ai_group_12.png
[2026-06-27 05:06:02] SENT group=13/27 ids=6631308762,6631247728,6631308332 method=shadow-button typed=True screenshot=C:\Users\Admin\PycharmProjects\MercadoApp\bit\跃马扬鞭_BR_loop_20260627_050415_ai_group_13.png
[2026-06-27 05:06:10] SENT group=14/27 ids=6631308288,6631247700,6631308208 method=shadow-button typed=True screenshot=C:\Users\Admin\PycharmProjects\MercadoApp\bit\跃马扬鞭_BR_loop_20260627_050415_ai_group_14.png
[2026-06-27 05:06:18] SENT group=15/27 ids=6631144870,4612866923,6631246670 method=shadow-button typed=True screenshot=C:\Users\Admin\PycharmProjects\MercadoApp\bit\跃马扬鞭_BR_loop_20260627_050415_ai_group_15.png
[2026-06-27 05:06:26] SENT group=16/27 ids=4612866887,6631143318,4612866205 method=shadow-button typed=True screenshot=C:\Users\Admin\PycharmProjects\MercadoApp\bit\跃马扬鞭_BR_loop_20260627_050415_ai_group_16.png
[2026-06-27 05:06:34] SENT group=17/27 ids=6631143200,4476953283,4500329799 method=shadow-button typed=True screenshot=C:\Users\Admin\PycharmProjects\MercadoApp\bit\跃马扬鞭_BR_loop_20260627_050415_ai_group_17.png
[2026-06-27 05:06:41] SENT group=18/27 ids=6127671802,6177861432,6107767296 method=shadow-button typed=True screenshot=C:\Users\Admin\PycharmProjects\MercadoApp\bit\跃马扬鞭_BR_loop_20260627_050415_ai_group_18.png
[2026-06-27 05:06:49] SENT group=19/27 ids=6107767340,6120906798,4447701763 method=shadow-button typed=True screenshot=C:\Users\Admin\PycharmProjects\MercadoApp\bit\跃马扬鞭_BR_loop_20260627_050415_ai_group_19.png
[2026-06-27 05:06:57] SENT group=20/27 ids=4381937041,6273419292,6107792788 method=shadow-button typed=True screenshot=C:\Users\Admin\PycharmProjects\MercadoApp\bit\跃马扬鞭_BR_loop_20260627_050415_ai_group_20.png
[2026-06-27 05:07:05] SENT group=21/27 ids=6328307078,4385901999,6107525314 method=shadow-button typed=True screenshot=C:\Users\Admin\PycharmProjects\MercadoApp\bit\跃马扬鞭_BR_loop_20260627_050415_ai_group_21.png
[2026-06-27 05:07:13] SENT group=22/27 ids=4392218123,4447520625,4566699745 method=shadow-button typed=True screenshot=C:\Users\Admin\PycharmProjects\MercadoApp\bit\跃马扬鞭_BR_loop_20260627_050415_ai_group_22.png
[2026-06-27 05:07:21] SENT group=23/27 ids=6530755390,6530656488,4566660187 method=shadow-button typed=True screenshot=C:\Users\Admin\PycharmProjects\MercadoApp\bit\跃马扬鞭_BR_loop_20260627_050415_ai_group_23.png
[2026-06-27 05:07:29] SENT group=24/27 ids=4379405861,4530001545,6275609532 method=shadow-button typed=True screenshot=C:\Users\Admin\PycharmProjects\MercadoApp\bit\跃马扬鞭_BR_loop_20260627_050415_ai_group_24.png
[2026-06-27 05:07:37] SENT group=25/27 ids=6444077292,6443865202,6426073740 method=shadow-button typed=True screenshot=C:\Users\Admin\PycharmProjects\MercadoApp\bit\跃马扬鞭_BR_loop_20260627_050415_ai_group_25.png
[2026-06-27 05:07:45] SENT group=26/27 ids=6087035048,4432416123,4443240057 method=shadow-button typed=True screenshot=C:\Users\Admin\PycharmProjects\MercadoApp\bit\跃马扬鞭_BR_loop_20260627_050415_ai_group_26.png
[2026-06-27 05:07:52] SENT group=27/27 ids=6158192696,4421876747,6120674468 method=shadow-button typed=True screenshot=C:\Users\Admin\PycharmProjects\MercadoApp\bit\跃马扬鞭_BR_loop_20260627_050415_ai_group_27.png
[2026-06-27 05:07:52] DONE ids=81 sent_groups=27
[2026-06-27 05:13:15] START window=跃马扬鞭 site=BR
[2026-06-27 05:14:15] COLLECTED ids=81 groups=27
[2026-06-27 05:14:26] SENT group=1/27 ids=6096510794,6782142216,6782116756 method=shadow-button typed=True screenshot=C:\Users\Admin\PycharmProjects\MercadoApp\bit\跃马扬鞭_BR_loop_20260627_051415_ai_group_1.png
[2026-06-27 05:14:34] SENT group=2/27 ids=6158241752,4500278569,4566672579 method=shadow-button typed=True screenshot=C:\Users\Admin\PycharmProjects\MercadoApp\bit\跃马扬鞭_BR_loop_20260627_051415_ai_group_2.png
[2026-06-27 05:14:42] SENT group=3/27 ids=6103901564,6871324606,6870544688 method=shadow-button typed=True screenshot=C:\Users\Admin\PycharmProjects\MercadoApp\bit\跃马扬鞭_BR_loop_20260627_051415_ai_group_3.png
[2026-06-27 05:14:50] SENT group=4/27 ids=6247651816,6823523342,6275596542 method=shadow-button typed=True screenshot=C:\Users\Admin\PycharmProjects\MercadoApp\bit\跃马扬鞭_BR_loop_20260627_051415_ai_group_4.png
[2026-06-27 05:14:58] SENT group=5/27 ids=6816324084,6816092368,6782108752 method=shadow-button typed=True screenshot=C:\Users\Admin\PycharmProjects\MercadoApp\bit\跃马扬鞭_BR_loop_20260627_051415_ai_group_5.png
[2026-06-27 05:15:06] SENT group=6/27 ids=6782086038,6782075896,6107792912 method=shadow-button typed=True screenshot=C:\Users\Admin\PycharmProjects\MercadoApp\bit\跃马扬鞭_BR_loop_20260627_051415_ai_group_6.png
[2026-06-27 05:15:14] SENT group=7/27 ids=6256291768,4385863883,6221601498 method=shadow-button typed=True screenshot=C:\Users\Admin\PycharmProjects\MercadoApp\bit\跃马扬鞭_BR_loop_20260627_051415_ai_group_7.png
[2026-06-27 05:15:22] SENT group=8/27 ids=6207099882,4529976111,6636102802 method=shadow-button typed=True screenshot=C:\Users\Admin\PycharmProjects\MercadoApp\bit\跃马扬鞭_BR_loop_20260627_051415_ai_group_8.png
[2026-06-27 05:15:30] SENT group=9/27 ids=6635994752,6636102844,6636102812 method=shadow-button typed=True screenshot=C:\Users\Admin\PycharmProjects\MercadoApp\bit\跃马扬鞭_BR_loop_20260627_051415_ai_group_9.png
[2026-06-27 05:15:38] SENT group=10/27 ids=6635994722,6636077666,6635994660 method=shadow-button typed=True screenshot=C:\Users\Admin\PycharmProjects\MercadoApp\bit\跃马扬鞭_BR_loop_20260627_051415_ai_group_10.png
[2026-06-27 05:15:46] SENT group=11/27 ids=6636090270,6635994668,6631312950 method=shadow-button typed=True screenshot=C:\Users\Admin\PycharmProjects\MercadoApp\bit\跃马扬鞭_BR_loop_20260627_051415_ai_group_11.png
[2026-06-27 05:15:53] SENT group=12/27 ids=6631421766,4612951769,6631248858 method=shadow-button typed=True screenshot=C:\Users\Admin\PycharmProjects\MercadoApp\bit\跃马扬鞭_BR_loop_20260627_051415_ai_group_12.png
[2026-06-27 05:16:01] SENT group=13/27 ids=6631308762,6631247728,6631308332 method=shadow-button typed=True screenshot=C:\Users\Admin\PycharmProjects\MercadoApp\bit\跃马扬鞭_BR_loop_20260627_051415_ai_group_13.png
[2026-06-27 05:16:09] SENT group=14/27 ids=6631308288,6631247700,6631308208 method=shadow-button typed=True screenshot=C:\Users\Admin\PycharmProjects\MercadoApp\bit\跃马扬鞭_BR_loop_20260627_051415_ai_group_14.png
[2026-06-27 05:16:17] SENT group=15/27 ids=6631144870,4612866923,6631246670 method=shadow-button typed=True screenshot=C:\Users\Admin\PycharmProjects\MercadoApp\bit\跃马扬鞭_BR_loop_20260627_051415_ai_group_15.png
[2026-06-27 05:16:25] SENT group=16/27 ids=4612866887,6631143318,4612866205 method=shadow-button typed=True screenshot=C:\Users\Admin\PycharmProjects\MercadoApp\bit\跃马扬鞭_BR_loop_20260627_051415_ai_group_16.png
[2026-06-27 05:16:33] SENT group=17/27 ids=6631143200,4476953283,4500329799 method=shadow-button typed=True screenshot=C:\Users\Admin\PycharmProjects\MercadoApp\bit\跃马扬鞭_BR_loop_20260627_051415_ai_group_17.png
[2026-06-27 05:16:41] SENT group=18/27 ids=6127671802,6177861432,6107767296 method=shadow-button typed=True screenshot=C:\Users\Admin\PycharmProjects\MercadoApp\bit\跃马扬鞭_BR_loop_20260627_051415_ai_group_18.png
[2026-06-27 05:16:49] SENT group=19/27 ids=6107767340,6120906798,4447701763 method=shadow-button typed=True screenshot=C:\Users\Admin\PycharmProjects\MercadoApp\bit\跃马扬鞭_BR_loop_20260627_051415_ai_group_19.png
[2026-06-27 05:16:56] SENT group=20/27 ids=4381937041,6273419292,6107792788 method=shadow-button typed=True screenshot=C:\Users\Admin\PycharmProjects\MercadoApp\bit\跃马扬鞭_BR_loop_20260627_051415_ai_group_20.png
[2026-06-27 05:17:04] SENT group=21/27 ids=6328307078,4385901999,6107525314 method=shadow-button typed=True screenshot=C:\Users\Admin\PycharmProjects\MercadoApp\bit\跃马扬鞭_BR_loop_20260627_051415_ai_group_21.png
[2026-06-27 05:17:12] SENT group=22/27 ids=4392218123,4447520625,4566699745 method=shadow-button typed=True screenshot=C:\Users\Admin\PycharmProjects\MercadoApp\bit\跃马扬鞭_BR_loop_20260627_051415_ai_group_22.png
[2026-06-27 05:17:20] SENT group=23/27 ids=6530755390,6530656488,4566660187 method=shadow-button typed=True screenshot=C:\Users\Admin\PycharmProjects\MercadoApp\bit\跃马扬鞭_BR_loop_20260627_051415_ai_group_23.png
[2026-06-27 05:17:28] SENT group=24/27 ids=4379405861,4530001545,6275609532 method=shadow-button typed=True screenshot=C:\Users\Admin\PycharmProjects\MercadoApp\bit\跃马扬鞭_BR_loop_20260627_051415_ai_group_24.png
[2026-06-27 05:17:36] SENT group=25/27 ids=6444077292,6443865202,6426073740 method=shadow-button typed=True screenshot=C:\Users\Admin\PycharmProjects\MercadoApp\bit\跃马扬鞭_BR_loop_20260627_051415_ai_group_25.png
[2026-06-27 05:17:44] SENT group=26/27 ids=6087035048,4432416123,4443240057 method=shadow-button typed=True screenshot=C:\Users\Admin\PycharmProjects\MercadoApp\bit\跃马扬鞭_BR_loop_20260627_051415_ai_group_26.png
[2026-06-27 05:17:52] SENT group=27/27 ids=6158192696,4421876747,6120674468 method=shadow-button typed=True screenshot=C:\Users\Admin\PycharmProjects\MercadoApp\bit\跃马扬鞭_BR_loop_20260627_051415_ai_group_27.png
[2026-06-27 05:17:52] DONE ids=81 sent_groups=27
[2026-06-27 05:23:15] START window=跃马扬鞭 site=BR
[2026-06-27 05:24:14] COLLECTED ids=81 groups=27
[2026-06-27 05:24:26] SENT group=1/27 ids=6096510794,6782142216,6782116756 method=shadow-button typed=True screenshot=C:\Users\Admin\PycharmProjects\MercadoApp\bit\跃马扬鞭_BR_loop_20260627_052414_ai_group_1.png
[2026-06-27 05:24:34] SENT group=2/27 ids=6158241752,4500278569,4566672579 method=shadow-button typed=True screenshot=C:\Users\Admin\PycharmProjects\MercadoApp\bit\跃马扬鞭_BR_loop_20260627_052414_ai_group_2.png
[2026-06-27 05:24:42] SENT group=3/27 ids=6103901564,6871324606,6870544688 method=shadow-button typed=True screenshot=C:\Users\Admin\PycharmProjects\MercadoApp\bit\跃马扬鞭_BR_loop_20260627_052414_ai_group_3.png
[2026-06-27 05:24:50] SENT group=4/27 ids=6247651816,6823523342,6275596542 method=shadow-button typed=True screenshot=C:\Users\Admin\PycharmProjects\MercadoApp\bit\跃马扬鞭_BR_loop_20260627_052414_ai_group_4.png
[2026-06-27 05:24:58] SENT group=5/27 ids=6816324084,6816092368,6782108752 method=shadow-button typed=True screenshot=C:\Users\Admin\PycharmProjects\MercadoApp\bit\跃马扬鞭_BR_loop_20260627_052414_ai_group_5.png
[2026-06-27 05:25:05] SENT group=6/27 ids=6782086038,6782075896,6107792912 method=shadow-button typed=True screenshot=C:\Users\Admin\PycharmProjects\MercadoApp\bit\跃马扬鞭_BR_loop_20260627_052414_ai_group_6.png
[2026-06-27 05:25:13] SENT group=7/27 ids=6256291768,4385863883,6221601498 method=shadow-button typed=True screenshot=C:\Users\Admin\PycharmProjects\MercadoApp\bit\跃马扬鞭_BR_loop_20260627_052414_ai_group_7.png
[2026-06-27 05:25:21] SENT group=8/27 ids=6207099882,4529976111,6636102802 method=shadow-button typed=True screenshot=C:\Users\Admin\PycharmProjects\MercadoApp\bit\跃马扬鞭_BR_loop_20260627_052414_ai_group_8.png
[2026-06-27 05:25:29] SENT group=9/27 ids=6635994752,6636102844,6636102812 method=shadow-button typed=True screenshot=C:\Users\Admin\PycharmProjects\MercadoApp\bit\跃马扬鞭_BR_loop_20260627_052414_ai_group_9.png
[2026-06-27 05:25:37] SENT group=10/27 ids=6635994722,6636077666,6635994660 method=shadow-button typed=True screenshot=C:\Users\Admin\PycharmProjects\MercadoApp\bit\跃马扬鞭_BR_loop_20260627_052414_ai_group_10.png
[2026-06-27 05:25:45] SENT group=11/27 ids=6636090270,6635994668,6631312950 method=shadow-button typed=True screenshot=C:\Users\Admin\PycharmProjects\MercadoApp\bit\跃马扬鞭_BR_loop_20260627_052414_ai_group_11.png
[2026-06-27 05:25:53] SENT group=12/27 ids=6631421766,4612951769,6631248858 method=shadow-button typed=True screenshot=C:\Users\Admin\PycharmProjects\MercadoApp\bit\跃马扬鞭_BR_loop_20260627_052414_ai_group_12.png
[2026-06-27 05:26:01] SENT group=13/27 ids=6631308762,6631247728,6631308332 method=shadow-button typed=True screenshot=C:\Users\Admin\PycharmProjects\MercadoApp\bit\跃马扬鞭_BR_loop_20260627_052414_ai_group_13.png
[2026-06-27 05:26:09] SENT group=14/27 ids=6631308288,6631247700,6631308208 method=shadow-button typed=True screenshot=C:\Users\Admin\PycharmProjects\MercadoApp\bit\跃马扬鞭_BR_loop_20260627_052414_ai_group_14.png
[2026-06-27 05:26:17] SENT group=15/27 ids=6631144870,4612866923,6631246670 method=shadow-button typed=True screenshot=C:\Users\Admin\PycharmProjects\MercadoApp\bit\跃马扬鞭_BR_loop_20260627_052414_ai_group_15.png
[2026-06-27 05:26:24] SENT group=16/27 ids=4612866887,6631143318,4612866205 method=shadow-button typed=True screenshot=C:\Users\Admin\PycharmProjects\MercadoApp\bit\跃马扬鞭_BR_loop_20260627_052414_ai_group_16.png
[2026-06-27 05:26:32] SENT group=17/27 ids=6631143200,4476953283,4500329799 method=shadow-button typed=True screenshot=C:\Users\Admin\PycharmProjects\MercadoApp\bit\跃马扬鞭_BR_loop_20260627_052414_ai_group_17.png
[2026-06-27 05:26:40] SENT group=18/27 ids=6127671802,6177861432,6107767296 method=shadow-button typed=True screenshot=C:\Users\Admin\PycharmProjects\MercadoApp\bit\跃马扬鞭_BR_loop_20260627_052414_ai_group_18.png
[2026-06-27 05:26:48] SENT group=19/27 ids=6107767340,6120906798,4447701763 method=shadow-button typed=True screenshot=C:\Users\Admin\PycharmProjects\MercadoApp\bit\跃马扬鞭_BR_loop_20260627_052414_ai_group_19.png
[2026-06-27 05:26:56] SENT group=20/27 ids=4381937041,6273419292,6107792788 method=shadow-button typed=True screenshot=C:\Users\Admin\PycharmProjects\MercadoApp\bit\跃马扬鞭_BR_loop_20260627_052414_ai_group_20.png
[2026-06-27 05:27:04] SENT group=21/27 ids=6328307078,4385901999,6107525314 method=shadow-button typed=True screenshot=C:\Users\Admin\PycharmProjects\MercadoApp\bit\跃马扬鞭_BR_loop_20260627_052414_ai_group_21.png
[2026-06-27 05:27:12] SENT group=22/27 ids=4392218123,4447520625,4566699745 method=shadow-button typed=True screenshot=C:\Users\Admin\PycharmProjects\MercadoApp\bit\跃马扬鞭_BR_loop_20260627_052414_ai_group_22.png
[2026-06-27 05:27:20] SENT group=23/27 ids=6530755390,6530656488,4566660187 method=shadow-button typed=True screenshot=C:\Users\Admin\PycharmProjects\MercadoApp\bit\跃马扬鞭_BR_loop_20260627_052414_ai_group_23.png
[2026-06-27 05:27:27] SENT group=24/27 ids=4379405861,4530001545,6275609532 method=shadow-button typed=True screenshot=C:\Users\Admin\PycharmProjects\MercadoApp\bit\跃马扬鞭_BR_loop_20260627_052414_ai_group_24.png
[2026-06-27 05:27:35] SENT group=25/27 ids=6444077292,6443865202,6426073740 method=shadow-button typed=True screenshot=C:\Users\Admin\PycharmProjects\MercadoApp\bit\跃马扬鞭_BR_loop_20260627_052414_ai_group_25.png
[2026-06-27 05:27:43] SENT group=26/27 ids=6087035048,4432416123,4443240057 method=shadow-button typed=True screenshot=C:\Users\Admin\PycharmProjects\MercadoApp\bit\跃马扬鞭_BR_loop_20260627_052414_ai_group_26.png
[2026-06-27 05:27:51] SENT group=27/27 ids=6158192696,4421876747,6120674468 method=shadow-button typed=True screenshot=C:\Users\Admin\PycharmProjects\MercadoApp\bit\跃马扬鞭_BR_loop_20260627_052414_ai_group_27.png
[2026-06-27 05:27:51] DONE ids=81 sent_groups=27
[2026-06-27 05:33:18] START window=跃马扬鞭 site=BR
[2026-06-27 05:34:17] COLLECTED ids=81 groups=27
[2026-06-27 05:34:29] SENT group=1/27 ids=6096510794,6782142216,6782116756 method=shadow-button typed=True screenshot=C:\Users\Admin\PycharmProjects\MercadoApp\bit\跃马扬鞭_BR_loop_20260627_053417_ai_group_1.png
[2026-06-27 05:34:37] SENT group=2/27 ids=6158241752,4500278569,4566672579 method=shadow-button typed=True screenshot=C:\Users\Admin\PycharmProjects\MercadoApp\bit\跃马扬鞭_BR_loop_20260627_053417_ai_group_2.png
[2026-06-27 05:34:45] SENT group=3/27 ids=6103901564,6871324606,6870544688 method=shadow-button typed=True screenshot=C:\Users\Admin\PycharmProjects\MercadoApp\bit\跃马扬鞭_BR_loop_20260627_053417_ai_group_3.png
[2026-06-27 05:34:53] SENT group=4/27 ids=6247651816,6823523342,6275596542 method=shadow-button typed=True screenshot=C:\Users\Admin\PycharmProjects\MercadoApp\bit\跃马扬鞭_BR_loop_20260627_053417_ai_group_4.png
[2026-06-27 05:35:01] SENT group=5/27 ids=6816324084,6816092368,6782108752 method=shadow-button typed=True screenshot=C:\Users\Admin\PycharmProjects\MercadoApp\bit\跃马扬鞭_BR_loop_20260627_053417_ai_group_5.png
[2026-06-27 05:35:09] SENT group=6/27 ids=6782086038,6782075896,6107792912 method=shadow-button typed=True screenshot=C:\Users\Admin\PycharmProjects\MercadoApp\bit\跃马扬鞭_BR_loop_20260627_053417_ai_group_6.png
[2026-06-27 05:35:17] SENT group=7/27 ids=6256291768,4385863883,6221601498 method=shadow-button typed=True screenshot=C:\Users\Admin\PycharmProjects\MercadoApp\bit\跃马扬鞭_BR_loop_20260627_053417_ai_group_7.png
[2026-06-27 05:35:25] SENT group=8/27 ids=6207099882,4529976111,6636102802 method=shadow-button typed=True screenshot=C:\Users\Admin\PycharmProjects\MercadoApp\bit\跃马扬鞭_BR_loop_20260627_053417_ai_group_8.png
[2026-06-27 05:35:32] SENT group=9/27 ids=6635994752,6636102844,6636102812 method=shadow-button typed=True screenshot=C:\Users\Admin\PycharmProjects\MercadoApp\bit\跃马扬鞭_BR_loop_20260627_053417_ai_group_9.png
[2026-06-27 05:35:40] SENT group=10/27 ids=6635994722,6636077666,6635994660 method=shadow-button typed=True screenshot=C:\Users\Admin\PycharmProjects\MercadoApp\bit\跃马扬鞭_BR_loop_20260627_053417_ai_group_10.png
[2026-06-27 05:35:48] SENT group=11/27 ids=6636090270,6635994668,6631312950 method=shadow-button typed=True screenshot=C:\Users\Admin\PycharmProjects\MercadoApp\bit\跃马扬鞭_BR_loop_20260627_053417_ai_group_11.png
[2026-06-27 05:35:56] SENT group=12/27 ids=6631421766,4612951769,6631248858 method=shadow-button typed=True screenshot=C:\Users\Admin\PycharmProjects\MercadoApp\bit\跃马扬鞭_BR_loop_20260627_053417_ai_group_12.png
[2026-06-27 05:36:04] SENT group=13/27 ids=6631308762,6631247728,6631308332 method=shadow-button typed=True screenshot=C:\Users\Admin\PycharmProjects\MercadoApp\bit\跃马扬鞭_BR_loop_20260627_053417_ai_group_13.png
[2026-06-27 05:36:12] SENT group=14/27 ids=6631308288,6631247700,6631308208 method=shadow-button typed=True screenshot=C:\Users\Admin\PycharmProjects\MercadoApp\bit\跃马扬鞭_BR_loop_20260627_053417_ai_group_14.png
[2026-06-27 05:36:20] SENT group=15/27 ids=6631144870,4612866923,6631246670 method=shadow-button typed=True screenshot=C:\Users\Admin\PycharmProjects\MercadoApp\bit\跃马扬鞭_BR_loop_20260627_053417_ai_group_15.png
[2026-06-27 05:36:28] SENT group=16/27 ids=4612866887,6631143318,4612866205 method=shadow-button typed=True screenshot=C:\Users\Admin\PycharmProjects\MercadoApp\bit\跃马扬鞭_BR_loop_20260627_053417_ai_group_16.png
[2026-06-27 05:36:36] SENT group=17/27 ids=6631143200,4476953283,4500329799 method=shadow-button typed=True screenshot=C:\Users\Admin\PycharmProjects\MercadoApp\bit\跃马扬鞭_BR_loop_20260627_053417_ai_group_17.png
[2026-06-27 05:36:43] SENT group=18/27 ids=6127671802,6177861432,6107767296 method=shadow-button typed=True screenshot=C:\Users\Admin\PycharmProjects\MercadoApp\bit\跃马扬鞭_BR_loop_20260627_053417_ai_group_18.png
[2026-06-27 05:36:51] SENT group=19/27 ids=6107767340,6120906798,4447701763 method=shadow-button typed=True screenshot=C:\Users\Admin\PycharmProjects\MercadoApp\bit\跃马扬鞭_BR_loop_20260627_053417_ai_group_19.png
[2026-06-27 05:36:59] SENT group=20/27 ids=4381937041,6273419292,6107792788 method=shadow-button typed=True screenshot=C:\Users\Admin\PycharmProjects\MercadoApp\bit\跃马扬鞭_BR_loop_20260627_053417_ai_group_20.png
[2026-06-27 05:37:07] SENT group=21/27 ids=6328307078,4385901999,6107525314 method=shadow-button typed=True screenshot=C:\Users\Admin\PycharmProjects\MercadoApp\bit\跃马扬鞭_BR_loop_20260627_053417_ai_group_21.png
[2026-06-27 05:37:15] SENT group=22/27 ids=4392218123,4447520625,4566699745 method=shadow-button typed=True screenshot=C:\Users\Admin\PycharmProjects\MercadoApp\bit\跃马扬鞭_BR_loop_20260627_053417_ai_group_22.png
[2026-06-27 05:37:23] SENT group=23/27 ids=6530755390,6530656488,4566660187 method=shadow-button typed=True screenshot=C:\Users\Admin\PycharmProjects\MercadoApp\bit\跃马扬鞭_BR_loop_20260627_053417_ai_group_23.png
[2026-06-27 05:37:31] SENT group=24/27 ids=4379405861,4530001545,6275609532 method=shadow-button typed=True screenshot=C:\Users\Admin\PycharmProjects\MercadoApp\bit\跃马扬鞭_BR_loop_20260627_053417_ai_group_24.png
[2026-06-27 05:37:39] SENT group=25/27 ids=6444077292,6443865202,6426073740 method=shadow-button typed=True screenshot=C:\Users\Admin\PycharmProjects\MercadoApp\bit\跃马扬鞭_BR_loop_20260627_053417_ai_group_25.png
[2026-06-27 05:37:47] SENT group=26/27 ids=6087035048,4432416123,4443240057 method=shadow-button typed=True screenshot=C:\Users\Admin\PycharmProjects\MercadoApp\bit\跃马扬鞭_BR_loop_20260627_053417_ai_group_26.png
[2026-06-27 05:37:55] SENT group=27/27 ids=6158192696,4421876747,6120674468 method=shadow-button typed=True screenshot=C:\Users\Admin\PycharmProjects\MercadoApp\bit\跃马扬鞭_BR_loop_20260627_053417_ai_group_27.png
[2026-06-27 05:37:55] DONE ids=81 sent_groups=27
[2026-06-27 05:43:15] START window=跃马扬鞭 site=BR
[2026-06-27 05:44:14] COLLECTED ids=81 groups=27
[2026-06-27 05:44:26] SENT group=1/27 ids=6096510794,6782142216,6782116756 method=shadow-button typed=True screenshot=C:\Users\Admin\PycharmProjects\MercadoApp\bit\跃马扬鞭_BR_loop_20260627_054414_ai_group_1.png
[2026-06-27 05:44:34] SENT group=2/27 ids=6158241752,4500278569,4566672579 method=shadow-button typed=True screenshot=C:\Users\Admin\PycharmProjects\MercadoApp\bit\跃马扬鞭_BR_loop_20260627_054414_ai_group_2.png
[2026-06-27 05:44:42] SENT group=3/27 ids=6103901564,6871324606,6870544688 method=shadow-button typed=True screenshot=C:\Users\Admin\PycharmProjects\MercadoApp\bit\跃马扬鞭_BR_loop_20260627_054414_ai_group_3.png
[2026-06-27 05:44:50] SENT group=4/27 ids=6247651816,6823523342,6275596542 method=shadow-button typed=True screenshot=C:\Users\Admin\PycharmProjects\MercadoApp\bit\跃马扬鞭_BR_loop_20260627_054414_ai_group_4.png
[2026-06-27 05:44:58] SENT group=5/27 ids=6816324084,6816092368,6782108752 method=shadow-button typed=True screenshot=C:\Users\Admin\PycharmProjects\MercadoApp\bit\跃马扬鞭_BR_loop_20260627_054414_ai_group_5.png
[2026-06-27 05:45:06] SENT group=6/27 ids=6782086038,6782075896,6107792912 method=shadow-button typed=True screenshot=C:\Users\Admin\PycharmProjects\MercadoApp\bit\跃马扬鞭_BR_loop_20260627_054414_ai_group_6.png
[2026-06-27 05:45:13] SENT group=7/27 ids=6256291768,4385863883,6221601498 method=shadow-button typed=True screenshot=C:\Users\Admin\PycharmProjects\MercadoApp\bit\跃马扬鞭_BR_loop_20260627_054414_ai_group_7.png
[2026-06-27 05:45:21] SENT group=8/27 ids=6207099882,4529976111,6636102802 method=shadow-button typed=True screenshot=C:\Users\Admin\PycharmProjects\MercadoApp\bit\跃马扬鞭_BR_loop_20260627_054414_ai_group_8.png
[2026-06-27 05:45:29] SENT group=9/27 ids=6635994752,6636102844,6636102812 method=shadow-button typed=True screenshot=C:\Users\Admin\PycharmProjects\MercadoApp\bit\跃马扬鞭_BR_loop_20260627_054414_ai_group_9.png
[2026-06-27 05:45:37] SENT group=10/27 ids=6635994722,6636077666,6635994660 method=shadow-button typed=True screenshot=C:\Users\Admin\PycharmProjects\MercadoApp\bit\跃马扬鞭_BR_loop_20260627_054414_ai_group_10.png
[2026-06-27 05:45:45] SENT group=11/27 ids=6636090270,6635994668,6631312950 method=shadow-button typed=True screenshot=C:\Users\Admin\PycharmProjects\MercadoApp\bit\跃马扬鞭_BR_loop_20260627_054414_ai_group_11.png
[2026-06-27 05:45:53] SENT group=12/27 ids=6631421766,4612951769,6631248858 method=shadow-button typed=True screenshot=C:\Users\Admin\PycharmProjects\MercadoApp\bit\跃马扬鞭_BR_loop_20260627_054414_ai_group_12.png
[2026-06-27 05:46:01] SENT group=13/27 ids=6631308762,6631247728,6631308332 method=shadow-button typed=True screenshot=C:\Users\Admin\PycharmProjects\MercadoApp\bit\跃马扬鞭_BR_loop_20260627_054414_ai_group_13.png
[2026-06-27 05:46:09] SENT group=14/27 ids=6631308288,6631247700,6631308208 method=shadow-button typed=True screenshot=C:\Users\Admin\PycharmProjects\MercadoApp\bit\跃马扬鞭_BR_loop_20260627_054414_ai_group_14.png
[2026-06-27 05:46:17] SENT group=15/27 ids=6631144870,4612866923,6631246670 method=shadow-button typed=True screenshot=C:\Users\Admin\PycharmProjects\MercadoApp\bit\跃马扬鞭_BR_loop_20260627_054414_ai_group_15.png
[2026-06-27 05:46:25] SENT group=16/27 ids=4612866887,6631143318,4612866205 method=shadow-button typed=True screenshot=C:\Users\Admin\PycharmProjects\MercadoApp\bit\跃马扬鞭_BR_loop_20260627_054414_ai_group_16.png
[2026-06-27 05:46:32] SENT group=17/27 ids=6631143200,4476953283,4500329799 method=shadow-button typed=True screenshot=C:\Users\Admin\PycharmProjects\MercadoApp\bit\跃马扬鞭_BR_loop_20260627_054414_ai_group_17.png
[2026-06-27 05:46:40] SENT group=18/27 ids=6127671802,6177861432,6107767296 method=shadow-button typed=True screenshot=C:\Users\Admin\PycharmProjects\MercadoApp\bit\跃马扬鞭_BR_loop_20260627_054414_ai_group_18.png
[2026-06-27 05:46:48] SENT group=19/27 ids=6107767340,6120906798,4447701763 method=shadow-button typed=True screenshot=C:\Users\Admin\PycharmProjects\MercadoApp\bit\跃马扬鞭_BR_loop_20260627_054414_ai_group_19.png
[2026-06-27 05:46:56] SENT group=20/27 ids=4381937041,6273419292,6107792788 method=shadow-button typed=True screenshot=C:\Users\Admin\PycharmProjects\MercadoApp\bit\跃马扬鞭_BR_loop_20260627_054414_ai_group_20.png
[2026-06-27 05:47:04] SENT group=21/27 ids=6328307078,4385901999,6107525314 method=shadow-button typed=True screenshot=C:\Users\Admin\PycharmProjects\MercadoApp\bit\跃马扬鞭_BR_loop_20260627_054414_ai_group_21.png
[2026-06-27 05:47:12] SENT group=22/27 ids=4392218123,4447520625,4566699745 method=shadow-button typed=True screenshot=C:\Users\Admin\PycharmProjects\MercadoApp\bit\跃马扬鞭_BR_loop_20260627_054414_ai_group_22.png
[2026-06-27 05:47:20] SENT group=23/27 ids=6530755390,6530656488,4566660187 method=shadow-button typed=True screenshot=C:\Users\Admin\PycharmProjects\MercadoApp\bit\跃马扬鞭_BR_loop_20260627_054414_ai_group_23.png
[2026-06-27 05:47:28] SENT group=24/27 ids=4379405861,4530001545,6275609532 method=shadow-button typed=True screenshot=C:\Users\Admin\PycharmProjects\MercadoApp\bit\跃马扬鞭_BR_loop_20260627_054414_ai_group_24.png
[2026-06-27 05:47:36] SENT group=25/27 ids=6444077292,6443865202,6426073740 method=shadow-button typed=True screenshot=C:\Users\Admin\PycharmProjects\MercadoApp\bit\跃马扬鞭_BR_loop_20260627_054414_ai_group_25.png
[2026-06-27 05:47:43] SENT group=26/27 ids=6087035048,4432416123,4443240057 method=shadow-button typed=True screenshot=C:\Users\Admin\PycharmProjects\MercadoApp\bit\跃马扬鞭_BR_loop_20260627_054414_ai_group_26.png
[2026-06-27 05:47:51] SENT group=27/27 ids=6158192696,4421876747,6120674468 method=shadow-button typed=True screenshot=C:\Users\Admin\PycharmProjects\MercadoApp\bit\跃马扬鞭_BR_loop_20260627_054414_ai_group_27.png
[2026-06-27 05:47:51] DONE ids=81 sent_groups=27
[2026-06-27 05:53:15] START window=跃马扬鞭 site=BR
[2026-06-27 05:54:13] COLLECTED ids=81 groups=27
[2026-06-27 05:54:25] SENT group=1/27 ids=6096510794,6782142216,6782116756 method=shadow-button typed=True screenshot=C:\Users\Admin\PycharmProjects\MercadoApp\bit\跃马扬鞭_BR_loop_20260627_055413_ai_group_1.png
[2026-06-27 05:54:33] SENT group=2/27 ids=6158241752,4500278569,4566672579 method=shadow-button typed=True screenshot=C:\Users\Admin\PycharmProjects\MercadoApp\bit\跃马扬鞭_BR_loop_20260627_055413_ai_group_2.png
[2026-06-27 05:54:41] SENT group=3/27 ids=6103901564,6871324606,6870544688 method=shadow-button typed=True screenshot=C:\Users\Admin\PycharmProjects\MercadoApp\bit\跃马扬鞭_BR_loop_20260627_055413_ai_group_3.png
[2026-06-27 05:54:49] SENT group=4/27 ids=6247651816,6823523342,6275596542 method=shadow-button typed=True screenshot=C:\Users\Admin\PycharmProjects\MercadoApp\bit\跃马扬鞭_BR_loop_20260627_055413_ai_group_4.png
[2026-06-27 05:54:57] SENT group=5/27 ids=6816324084,6816092368,6782108752 method=shadow-button typed=True screenshot=C:\Users\Admin\PycharmProjects\MercadoApp\bit\跃马扬鞭_BR_loop_20260627_055413_ai_group_5.png
[2026-06-27 05:55:05] SENT group=6/27 ids=6782086038,6782075896,6107792912 method=shadow-button typed=True screenshot=C:\Users\Admin\PycharmProjects\MercadoApp\bit\跃马扬鞭_BR_loop_20260627_055413_ai_group_6.png
[2026-06-27 05:55:13] SENT group=7/27 ids=6256291768,4385863883,6221601498 method=shadow-button typed=True screenshot=C:\Users\Admin\PycharmProjects\MercadoApp\bit\跃马扬鞭_BR_loop_20260627_055413_ai_group_7.png
[2026-06-27 05:55:21] SENT group=8/27 ids=6207099882,4529976111,6636102802 method=shadow-button typed=True screenshot=C:\Users\Admin\PycharmProjects\MercadoApp\bit\跃马扬鞭_BR_loop_20260627_055413_ai_group_8.png
[2026-06-27 05:55:29] SENT group=9/27 ids=6635994752,6636102844,6636102812 method=shadow-button typed=True screenshot=C:\Users\Admin\PycharmProjects\MercadoApp\bit\跃马扬鞭_BR_loop_20260627_055413_ai_group_9.png
[2026-06-27 05:55:36] SENT group=10/27 ids=6635994722,6636077666,6635994660 method=shadow-button typed=True screenshot=C:\Users\Admin\PycharmProjects\MercadoApp\bit\跃马扬鞭_BR_loop_20260627_055413_ai_group_10.png
[2026-06-27 05:55:44] SENT group=11/27 ids=6636090270,6635994668,6631312950 method=shadow-button typed=True screenshot=C:\Users\Admin\PycharmProjects\MercadoApp\bit\跃马扬鞭_BR_loop_20260627_055413_ai_group_11.png
[2026-06-27 05:55:52] SENT group=12/27 ids=6631421766,4612951769,6631248858 method=shadow-button typed=True screenshot=C:\Users\Admin\PycharmProjects\MercadoApp\bit\跃马扬鞭_BR_loop_20260627_055413_ai_group_12.png
[2026-06-27 05:56:00] SENT group=13/27 ids=6631308762,6631247728,6631308332 method=shadow-button typed=True screenshot=C:\Users\Admin\PycharmProjects\MercadoApp\bit\跃马扬鞭_BR_loop_20260627_055413_ai_group_13.png
[2026-06-27 05:56:08] SENT group=14/27 ids=6631308288,6631247700,6631308208 method=shadow-button typed=True screenshot=C:\Users\Admin\PycharmProjects\MercadoApp\bit\跃马扬鞭_BR_loop_20260627_055413_ai_group_14.png
[2026-06-27 05:56:16] SENT group=15/27 ids=6631144870,4612866923,6631246670 method=shadow-button typed=True screenshot=C:\Users\Admin\PycharmProjects\MercadoApp\bit\跃马扬鞭_BR_loop_20260627_055413_ai_group_15.png
[2026-06-27 05:56:24] SENT group=16/27 ids=4612866887,6631143318,4612866205 method=shadow-button typed=True screenshot=C:\Users\Admin\PycharmProjects\MercadoApp\bit\跃马扬鞭_BR_loop_20260627_055413_ai_group_16.png
[2026-06-27 05:56:32] SENT group=17/27 ids=6631143200,4476953283,4500329799 method=shadow-button typed=True screenshot=C:\Users\Admin\PycharmProjects\MercadoApp\bit\跃马扬鞭_BR_loop_20260627_055413_ai_group_17.png
[2026-06-27 05:56:40] SENT group=18/27 ids=6127671802,6177861432,6107767296 method=shadow-button typed=True screenshot=C:\Users\Admin\PycharmProjects\MercadoApp\bit\跃马扬鞭_BR_loop_20260627_055413_ai_group_18.png
[2026-06-27 05:56:47] SENT group=19/27 ids=6107767340,6120906798,4447701763 method=shadow-button typed=True screenshot=C:\Users\Admin\PycharmProjects\MercadoApp\bit\跃马扬鞭_BR_loop_20260627_055413_ai_group_19.png
[2026-06-27 05:56:55] SENT group=20/27 ids=4381937041,6273419292,6107792788 method=shadow-button typed=True screenshot=C:\Users\Admin\PycharmProjects\MercadoApp\bit\跃马扬鞭_BR_loop_20260627_055413_ai_group_20.png
[2026-06-27 05:57:03] SENT group=21/27 ids=6328307078,4385901999,6107525314 method=shadow-button typed=True screenshot=C:\Users\Admin\PycharmProjects\MercadoApp\bit\跃马扬鞭_BR_loop_20260627_055413_ai_group_21.png
[2026-06-27 05:57:11] SENT group=22/27 ids=4392218123,4447520625,4566699745 method=shadow-button typed=True screenshot=C:\Users\Admin\PycharmProjects\MercadoApp\bit\跃马扬鞭_BR_loop_20260627_055413_ai_group_22.png
[2026-06-27 05:57:19] SENT group=23/27 ids=6530755390,6530656488,4566660187 method=shadow-button typed=True screenshot=C:\Users\Admin\PycharmProjects\MercadoApp\bit\跃马扬鞭_BR_loop_20260627_055413_ai_group_23.png
[2026-06-27 05:57:27] SENT group=24/27 ids=4379405861,4530001545,6275609532 method=shadow-button typed=True screenshot=C:\Users\Admin\PycharmProjects\MercadoApp\bit\跃马扬鞭_BR_loop_20260627_055413_ai_group_24.png
[2026-06-27 05:57:35] SENT group=25/27 ids=6444077292,6443865202,6426073740 method=shadow-button typed=True screenshot=C:\Users\Admin\PycharmProjects\MercadoApp\bit\跃马扬鞭_BR_loop_20260627_055413_ai_group_25.png
[2026-06-27 05:57:43] SENT group=26/27 ids=6087035048,4432416123,4443240057 method=shadow-button typed=True screenshot=C:\Users\Admin\PycharmProjects\MercadoApp\bit\跃马扬鞭_BR_loop_20260627_055413_ai_group_26.png
[2026-06-27 05:57:51] SENT group=27/27 ids=6158192696,4421876747,6120674468 method=shadow-button typed=True screenshot=C:\Users\Admin\PycharmProjects\MercadoApp\bit\跃马扬鞭_BR_loop_20260627_055413_ai_group_27.png
[2026-06-27 05:57:51] DONE ids=81 sent_groups=27
[2026-06-27 06:03:16] START window=跃马扬鞭 site=BR
[2026-06-27 06:04:15] COLLECTED ids=81 groups=27
[2026-06-27 06:04:27] SENT group=1/27 ids=6096510794,6782142216,6782116756 method=shadow-button typed=True screenshot=C:\Users\Admin\PycharmProjects\MercadoApp\bit\跃马扬鞭_BR_loop_20260627_060415_ai_group_1.png
[2026-06-27 06:04:35] SENT group=2/27 ids=6158241752,4500278569,4566672579 method=shadow-button typed=True screenshot=C:\Users\Admin\PycharmProjects\MercadoApp\bit\跃马扬鞭_BR_loop_20260627_060415_ai_group_2.png
[2026-06-27 06:04:43] SENT group=3/27 ids=6103901564,6871324606,6870544688 method=shadow-button typed=True screenshot=C:\Users\Admin\PycharmProjects\MercadoApp\bit\跃马扬鞭_BR_loop_20260627_060415_ai_group_3.png
[2026-06-27 06:04:50] SENT group=4/27 ids=6247651816,6823523342,6275596542 method=shadow-button typed=True screenshot=C:\Users\Admin\PycharmProjects\MercadoApp\bit\跃马扬鞭_BR_loop_20260627_060415_ai_group_4.png
[2026-06-27 06:04:58] SENT group=5/27 ids=6816324084,6816092368,6782108752 method=shadow-button typed=True screenshot=C:\Users\Admin\PycharmProjects\MercadoApp\bit\跃马扬鞭_BR_loop_20260627_060415_ai_group_5.png
[2026-06-27 06:05:06] SENT group=6/27 ids=6782086038,6782075896,6107792912 method=shadow-button typed=True screenshot=C:\Users\Admin\PycharmProjects\MercadoApp\bit\跃马扬鞭_BR_loop_20260627_060415_ai_group_6.png
[2026-06-27 06:05:14] SENT group=7/27 ids=6256291768,4385863883,6221601498 method=shadow-button typed=True screenshot=C:\Users\Admin\PycharmProjects\MercadoApp\bit\跃马扬鞭_BR_loop_20260627_060415_ai_group_7.png
[2026-06-27 06:05:22] SENT group=8/27 ids=6207099882,4529976111,6636102802 method=shadow-button typed=True screenshot=C:\Users\Admin\PycharmProjects\MercadoApp\bit\跃马扬鞭_BR_loop_20260627_060415_ai_group_8.png
[2026-06-27 06:05:30] SENT group=9/27 ids=6635994752,6636102844,6636102812 method=shadow-button typed=True screenshot=C:\Users\Admin\PycharmProjects\MercadoApp\bit\跃马扬鞭_BR_loop_20260627_060415_ai_group_9.png
[2026-06-27 06:05:38] SENT group=10/27 ids=6635994722,6636077666,6635994660 method=shadow-button typed=True screenshot=C:\Users\Admin\PycharmProjects\MercadoApp\bit\跃马扬鞭_BR_loop_20260627_060415_ai_group_10.png
[2026-06-27 06:05:46] SENT group=11/27 ids=6636090270,6635994668,6631312950 method=shadow-button typed=True screenshot=C:\Users\Admin\PycharmProjects\MercadoApp\bit\跃马扬鞭_BR_loop_20260627_060415_ai_group_11.png
[2026-06-27 06:05:54] SENT group=12/27 ids=6631421766,4612951769,6631248858 method=shadow-button typed=True screenshot=C:\Users\Admin\PycharmProjects\MercadoApp\bit\跃马扬鞭_BR_loop_20260627_060415_ai_group_12.png
[2026-06-27 06:06:01] SENT group=13/27 ids=6631308762,6631247728,6631308332 method=shadow-button typed=True screenshot=C:\Users\Admin\PycharmProjects\MercadoApp\bit\跃马扬鞭_BR_loop_20260627_060415_ai_group_13.png
[2026-06-27 06:06:09] SENT group=14/27 ids=6631308288,6631247700,6631308208 method=shadow-button typed=True screenshot=C:\Users\Admin\PycharmProjects\MercadoApp\bit\跃马扬鞭_BR_loop_20260627_060415_ai_group_14.png
[2026-06-27 06:06:17] SENT group=15/27 ids=6631144870,4612866923,6631246670 method=shadow-button typed=True screenshot=C:\Users\Admin\PycharmProjects\MercadoApp\bit\跃马扬鞭_BR_loop_20260627_060415_ai_group_15.png
[2026-06-27 06:06:25] SENT group=16/27 ids=4612866887,6631143318,4612866205 method=shadow-button typed=True screenshot=C:\Users\Admin\PycharmProjects\MercadoApp\bit\跃马扬鞭_BR_loop_20260627_060415_ai_group_16.png
[2026-06-27 06:06:33] SENT group=17/27 ids=6631143200,4476953283,4500329799 method=shadow-button typed=True screenshot=C:\Users\Admin\PycharmProjects\MercadoApp\bit\跃马扬鞭_BR_loop_20260627_060415_ai_group_17.png
[2026-06-27 06:06:41] SENT group=18/27 ids=6127671802,6177861432,6107767296 method=shadow-button typed=True screenshot=C:\Users\Admin\PycharmProjects\MercadoApp\bit\跃马扬鞭_BR_loop_20260627_060415_ai_group_18.png
[2026-06-27 06:06:49] SENT group=19/27 ids=6107767340,6120906798,4447701763 method=shadow-button typed=True screenshot=C:\Users\Admin\PycharmProjects\MercadoApp\bit\跃马扬鞭_BR_loop_20260627_060415_ai_group_19.png
[2026-06-27 06:06:57] SENT group=20/27 ids=4381937041,6273419292,6107792788 method=shadow-button typed=True screenshot=C:\Users\Admin\PycharmProjects\MercadoApp\bit\跃马扬鞭_BR_loop_20260627_060415_ai_group_20.png
[2026-06-27 06:07:05] SENT group=21/27 ids=6328307078,4385901999,6107525314 method=shadow-button typed=True screenshot=C:\Users\Admin\PycharmProjects\MercadoApp\bit\跃马扬鞭_BR_loop_20260627_060415_ai_group_21.png
[2026-06-27 06:07:13] SENT group=22/27 ids=4392218123,4447520625,4566699745 method=shadow-button typed=True screenshot=C:\Users\Admin\PycharmProjects\MercadoApp\bit\跃马扬鞭_BR_loop_20260627_060415_ai_group_22.png
[2026-06-27 06:07:21] SENT group=23/27 ids=6530755390,6530656488,4566660187 method=shadow-button typed=True screenshot=C:\Users\Admin\PycharmProjects\MercadoApp\bit\跃马扬鞭_BR_loop_20260627_060415_ai_group_23.png
[2026-06-27 06:07:28] SENT group=24/27 ids=4379405861,4530001545,6275609532 method=shadow-button typed=True screenshot=C:\Users\Admin\PycharmProjects\MercadoApp\bit\跃马扬鞭_BR_loop_20260627_060415_ai_group_24.png
[2026-06-27 06:07:36] SENT group=25/27 ids=6444077292,6443865202,6426073740 method=shadow-button typed=True screenshot=C:\Users\Admin\PycharmProjects\MercadoApp\bit\跃马扬鞭_BR_loop_20260627_060415_ai_group_25.png
[2026-06-27 06:07:44] SENT group=26/27 ids=6087035048,4432416123,4443240057 method=shadow-button typed=True screenshot=C:\Users\Admin\PycharmProjects\MercadoApp\bit\跃马扬鞭_BR_loop_20260627_060415_ai_group_26.png
[2026-06-27 06:07:52] SENT group=27/27 ids=6158192696,4421876747,6120674468 method=shadow-button typed=True screenshot=C:\Users\Admin\PycharmProjects\MercadoApp\bit\跃马扬鞭_BR_loop_20260627_060415_ai_group_27.png
[2026-06-27 06:07:52] DONE ids=81 sent_groups=27
[2026-06-27 06:13:16] START window=跃马扬鞭 site=BR
[2026-06-27 06:14:15] COLLECTED ids=81 groups=27
[2026-06-27 06:14:27] SENT group=1/27 ids=6096510794,6782142216,6782116756 method=shadow-button typed=True screenshot=C:\Users\Admin\PycharmProjects\MercadoApp\bit\跃马扬鞭_BR_loop_20260627_061415_ai_group_1.png
[2026-06-27 06:14:35] SENT group=2/27 ids=6158241752,4500278569,4566672579 method=shadow-button typed=True screenshot=C:\Users\Admin\PycharmProjects\MercadoApp\bit\跃马扬鞭_BR_loop_20260627_061415_ai_group_2.png
[2026-06-27 06:14:43] SENT group=3/27 ids=6103901564,6871324606,6870544688 method=shadow-button typed=True screenshot=C:\Users\Admin\PycharmProjects\MercadoApp\bit\跃马扬鞭_BR_loop_20260627_061415_ai_group_3.png
[2026-06-27 06:14:51] SENT group=4/27 ids=6247651816,6823523342,6275596542 method=shadow-button typed=True screenshot=C:\Users\Admin\PycharmProjects\MercadoApp\bit\跃马扬鞭_BR_loop_20260627_061415_ai_group_4.png
[2026-06-27 06:14:59] SENT group=5/27 ids=6816324084,6816092368,6782108752 method=shadow-button typed=True screenshot=C:\Users\Admin\PycharmProjects\MercadoApp\bit\跃马扬鞭_BR_loop_20260627_061415_ai_group_5.png
[2026-06-27 06:15:07] SENT group=6/27 ids=6782086038,6782075896,6107792912 method=shadow-button typed=True screenshot=C:\Users\Admin\PycharmProjects\MercadoApp\bit\跃马扬鞭_BR_loop_20260627_061415_ai_group_6.png
[2026-06-27 06:15:14] SENT group=7/27 ids=6256291768,4385863883,6221601498 method=shadow-button typed=True screenshot=C:\Users\Admin\PycharmProjects\MercadoApp\bit\跃马扬鞭_BR_loop_20260627_061415_ai_group_7.png
[2026-06-27 06:15:22] SENT group=8/27 ids=6207099882,4529976111,6636102802 method=shadow-button typed=True screenshot=C:\Users\Admin\PycharmProjects\MercadoApp\bit\跃马扬鞭_BR_loop_20260627_061415_ai_group_8.png
[2026-06-27 06:15:30] SENT group=9/27 ids=6635994752,6636102844,6636102812 method=shadow-button typed=True screenshot=C:\Users\Admin\PycharmProjects\MercadoApp\bit\跃马扬鞭_BR_loop_20260627_061415_ai_group_9.png
[2026-06-27 06:15:38] SENT group=10/27 ids=6635994722,6636077666,6635994660 method=shadow-button typed=True screenshot=C:\Users\Admin\PycharmProjects\MercadoApp\bit\跃马扬鞭_BR_loop_20260627_061415_ai_group_10.png
[2026-06-27 06:15:46] SENT group=11/27 ids=6636090270,6635994668,6631312950 method=shadow-button typed=True screenshot=C:\Users\Admin\PycharmProjects\MercadoApp\bit\跃马扬鞭_BR_loop_20260627_061415_ai_group_11.png
[2026-06-27 06:15:54] SENT group=12/27 ids=6631421766,4612951769,6631248858 method=shadow-button typed=True screenshot=C:\Users\Admin\PycharmProjects\MercadoApp\bit\跃马扬鞭_BR_loop_20260627_061415_ai_group_12.png
[2026-06-27 06:16:02] SENT group=13/27 ids=6631308762,6631247728,6631308332 method=shadow-button typed=True screenshot=C:\Users\Admin\PycharmProjects\MercadoApp\bit\跃马扬鞭_BR_loop_20260627_061415_ai_group_13.png
[2026-06-27 06:16:10] SENT group=14/27 ids=6631308288,6631247700,6631308208 method=shadow-button typed=True screenshot=C:\Users\Admin\PycharmProjects\MercadoApp\bit\跃马扬鞭_BR_loop_20260627_061415_ai_group_14.png
[2026-06-27 06:16:18] SENT group=15/27 ids=6631144870,4612866923,6631246670 method=shadow-button typed=True screenshot=C:\Users\Admin\PycharmProjects\MercadoApp\bit\跃马扬鞭_BR_loop_20260627_061415_ai_group_15.png
[2026-06-27 06:16:26] SENT group=16/27 ids=4612866887,6631143318,4612866205 method=shadow-button typed=True screenshot=C:\Users\Admin\PycharmProjects\MercadoApp\bit\跃马扬鞭_BR_loop_20260627_061415_ai_group_16.png
[2026-06-27 06:16:33] SENT group=17/27 ids=6631143200,4476953283,4500329799 method=shadow-button typed=True screenshot=C:\Users\Admin\PycharmProjects\MercadoApp\bit\跃马扬鞭_BR_loop_20260627_061415_ai_group_17.png
[2026-06-27 06:16:41] SENT group=18/27 ids=6127671802,6177861432,6107767296 method=shadow-button typed=True screenshot=C:\Users\Admin\PycharmProjects\MercadoApp\bit\跃马扬鞭_BR_loop_20260627_061415_ai_group_18.png
[2026-06-27 06:16:49] SENT group=19/27 ids=6107767340,6120906798,4447701763 method=shadow-button typed=True screenshot=C:\Users\Admin\PycharmProjects\MercadoApp\bit\跃马扬鞭_BR_loop_20260627_061415_ai_group_19.png
[2026-06-27 06:16:57] SENT group=20/27 ids=4381937041,6273419292,6107792788 method=shadow-button typed=True screenshot=C:\Users\Admin\PycharmProjects\MercadoApp\bit\跃马扬鞭_BR_loop_20260627_061415_ai_group_20.png
[2026-06-27 06:17:05] SENT group=21/27 ids=6328307078,4385901999,6107525314 method=shadow-button typed=True screenshot=C:\Users\Admin\PycharmProjects\MercadoApp\bit\跃马扬鞭_BR_loop_20260627_061415_ai_group_21.png
[2026-06-27 06:17:13] SENT group=22/27 ids=4392218123,4447520625,4566699745 method=shadow-button typed=True screenshot=C:\Users\Admin\PycharmProjects\MercadoApp\bit\跃马扬鞭_BR_loop_20260627_061415_ai_group_22.png
[2026-06-27 06:17:21] SENT group=23/27 ids=6530755390,6530656488,4566660187 method=shadow-button typed=True screenshot=C:\Users\Admin\PycharmProjects\MercadoApp\bit\跃马扬鞭_BR_loop_20260627_061415_ai_group_23.png
[2026-06-27 06:17:29] SENT group=24/27 ids=4379405861,4530001545,6275609532 method=shadow-button typed=True screenshot=C:\Users\Admin\PycharmProjects\MercadoApp\bit\跃马扬鞭_BR_loop_20260627_061415_ai_group_24.png
[2026-06-27 06:17:37] SENT group=25/27 ids=6444077292,6443865202,6426073740 method=shadow-button typed=True screenshot=C:\Users\Admin\PycharmProjects\MercadoApp\bit\跃马扬鞭_BR_loop_20260627_061415_ai_group_25.png
[2026-06-27 06:17:45] SENT group=26/27 ids=6087035048,4432416123,4443240057 method=shadow-button typed=True screenshot=C:\Users\Admin\PycharmProjects\MercadoApp\bit\跃马扬鞭_BR_loop_20260627_061415_ai_group_26.png
[2026-06-27 06:17:53] SENT group=27/27 ids=6158192696,4421876747,6120674468 method=shadow-button typed=True screenshot=C:\Users\Admin\PycharmProjects\MercadoApp\bit\跃马扬鞭_BR_loop_20260627_061415_ai_group_27.png
[2026-06-27 06:17:53] DONE ids=81 sent_groups=27
[2026-06-27 06:23:18] START window=跃马扬鞭 site=BR
[2026-06-27 06:24:17] COLLECTED ids=81 groups=27
[2026-06-27 06:24:29] SENT group=1/27 ids=6096510794,6782142216,6782116756 method=shadow-button typed=True screenshot=C:\Users\Admin\PycharmProjects\MercadoApp\bit\跃马扬鞭_BR_loop_20260627_062417_ai_group_1.png
[2026-06-27 06:24:37] SENT group=2/27 ids=6158241752,4500278569,4566672579 method=shadow-button typed=True screenshot=C:\Users\Admin\PycharmProjects\MercadoApp\bit\跃马扬鞭_BR_loop_20260627_062417_ai_group_2.png
[2026-06-27 06:24:45] SENT group=3/27 ids=6103901564,6871324606,6870544688 method=shadow-button typed=True screenshot=C:\Users\Admin\PycharmProjects\MercadoApp\bit\跃马扬鞭_BR_loop_20260627_062417_ai_group_3.png
[2026-06-27 06:24:53] SENT group=4/27 ids=6247651816,6823523342,6275596542 method=shadow-button typed=True screenshot=C:\Users\Admin\PycharmProjects\MercadoApp\bit\跃马扬鞭_BR_loop_20260627_062417_ai_group_4.png
[2026-06-27 06:25:00] SENT group=5/27 ids=6816324084,6816092368,6782108752 method=shadow-button typed=True screenshot=C:\Users\Admin\PycharmProjects\MercadoApp\bit\跃马扬鞭_BR_loop_20260627_062417_ai_group_5.png
[2026-06-27 06:25:08] SENT group=6/27 ids=6782086038,6782075896,6107792912 method=shadow-button typed=True screenshot=C:\Users\Admin\PycharmProjects\MercadoApp\bit\跃马扬鞭_BR_loop_20260627_062417_ai_group_6.png
[2026-06-27 06:25:16] SENT group=7/27 ids=6256291768,4385863883,6221601498 method=shadow-button typed=True screenshot=C:\Users\Admin\PycharmProjects\MercadoApp\bit\跃马扬鞭_BR_loop_20260627_062417_ai_group_7.png
[2026-06-27 06:25:24] SENT group=8/27 ids=6207099882,4529976111,6636102802 method=shadow-button typed=True screenshot=C:\Users\Admin\PycharmProjects\MercadoApp\bit\跃马扬鞭_BR_loop_20260627_062417_ai_group_8.png
[2026-06-27 06:25:32] SENT group=9/27 ids=6635994752,6636102844,6636102812 method=shadow-button typed=True screenshot=C:\Users\Admin\PycharmProjects\MercadoApp\bit\跃马扬鞭_BR_loop_20260627_062417_ai_group_9.png
[2026-06-27 06:25:40] SENT group=10/27 ids=6635994722,6636077666,6635994660 method=shadow-button typed=True screenshot=C:\Users\Admin\PycharmProjects\MercadoApp\bit\跃马扬鞭_BR_loop_20260627_062417_ai_group_10.png
[2026-06-27 06:25:48] SENT group=11/27 ids=6636090270,6635994668,6631312950 method=shadow-button typed=True screenshot=C:\Users\Admin\PycharmProjects\MercadoApp\bit\跃马扬鞭_BR_loop_20260627_062417_ai_group_11.png
[2026-06-27 06:25:56] SENT group=12/27 ids=6631421766,4612951769,6631248858 method=shadow-button typed=True screenshot=C:\Users\Admin\PycharmProjects\MercadoApp\bit\跃马扬鞭_BR_loop_20260627_062417_ai_group_12.png
[2026-06-27 06:26:04] SENT group=13/27 ids=6631308762,6631247728,6631308332 method=shadow-button typed=True screenshot=C:\Users\Admin\PycharmProjects\MercadoApp\bit\跃马扬鞭_BR_loop_20260627_062417_ai_group_13.png
[2026-06-27 06:26:12] SENT group=14/27 ids=6631308288,6631247700,6631308208 method=shadow-button typed=True screenshot=C:\Users\Admin\PycharmProjects\MercadoApp\bit\跃马扬鞭_BR_loop_20260627_062417_ai_group_14.png
[2026-06-27 06:26:19] SENT group=15/27 ids=6631144870,4612866923,6631246670 method=shadow-button typed=True screenshot=C:\Users\Admin\PycharmProjects\MercadoApp\bit\跃马扬鞭_BR_loop_20260627_062417_ai_group_15.png
[2026-06-27 06:26:27] SENT group=16/27 ids=4612866887,6631143318,4612866205 method=shadow-button typed=True screenshot=C:\Users\Admin\PycharmProjects\MercadoApp\bit\跃马扬鞭_BR_loop_20260627_062417_ai_group_16.png
[2026-06-27 06:26:35] SENT group=17/27 ids=6631143200,4476953283,4500329799 method=shadow-button typed=True screenshot=C:\Users\Admin\PycharmProjects\MercadoApp\bit\跃马扬鞭_BR_loop_20260627_062417_ai_group_17.png
[2026-06-27 06:26:43] SENT group=18/27 ids=6127671802,6177861432,6107767296 method=shadow-button typed=True screenshot=C:\Users\Admin\PycharmProjects\MercadoApp\bit\跃马扬鞭_BR_loop_20260627_062417_ai_group_18.png
[2026-06-27 06:26:51] SENT group=19/27 ids=6107767340,6120906798,4447701763 method=shadow-button typed=True screenshot=C:\Users\Admin\PycharmProjects\MercadoApp\bit\跃马扬鞭_BR_loop_20260627_062417_ai_group_19.png
[2026-06-27 06:26:59] SENT group=20/27 ids=4381937041,6273419292,6107792788 method=shadow-button typed=True screenshot=C:\Users\Admin\PycharmProjects\MercadoApp\bit\跃马扬鞭_BR_loop_20260627_062417_ai_group_20.png
[2026-06-27 06:27:07] SENT group=21/27 ids=6328307078,4385901999,6107525314 method=shadow-button typed=True screenshot=C:\Users\Admin\PycharmProjects\MercadoApp\bit\跃马扬鞭_BR_loop_20260627_062417_ai_group_21.png
[2026-06-27 06:27:15] SENT group=22/27 ids=4392218123,4447520625,4566699745 method=shadow-button typed=True screenshot=C:\Users\Admin\PycharmProjects\MercadoApp\bit\跃马扬鞭_BR_loop_20260627_062417_ai_group_22.png
[2026-06-27 06:27:23] SENT group=23/27 ids=6530755390,6530656488,4566660187 method=shadow-button typed=True screenshot=C:\Users\Admin\PycharmProjects\MercadoApp\bit\跃马扬鞭_BR_loop_20260627_062417_ai_group_23.png
[2026-06-27 06:27:31] SENT group=24/27 ids=4379405861,4530001545,6275609532 method=shadow-button typed=True screenshot=C:\Users\Admin\PycharmProjects\MercadoApp\bit\跃马扬鞭_BR_loop_20260627_062417_ai_group_24.png
[2026-06-27 06:27:39] SENT group=25/27 ids=6444077292,6443865202,6426073740 method=shadow-button typed=True screenshot=C:\Users\Admin\PycharmProjects\MercadoApp\bit\跃马扬鞭_BR_loop_20260627_062417_ai_group_25.png
[2026-06-27 06:27:47] SENT group=26/27 ids=6087035048,4432416123,4443240057 method=shadow-button typed=True screenshot=C:\Users\Admin\PycharmProjects\MercadoApp\bit\跃马扬鞭_BR_loop_20260627_062417_ai_group_26.png
[2026-06-27 06:27:54] SENT group=27/27 ids=6158192696,4421876747,6120674468 method=shadow-button typed=True screenshot=C:\Users\Admin\PycharmProjects\MercadoApp\bit\跃马扬鞭_BR_loop_20260627_062417_ai_group_27.png
[2026-06-27 06:27:55] DONE ids=81 sent_groups=27
[2026-06-27 06:33:16] START window=跃马扬鞭 site=BR
[2026-06-27 06:34:15] COLLECTED ids=81 groups=27
[2026-06-27 06:34:27] SENT group=1/27 ids=6096510794,6782142216,6782116756 method=shadow-button typed=True screenshot=C:\Users\Admin\PycharmProjects\MercadoApp\bit\跃马扬鞭_BR_loop_20260627_063415_ai_group_1.png
[2026-06-27 06:34:35] SENT group=2/27 ids=6158241752,4500278569,4566672579 method=shadow-button typed=True screenshot=C:\Users\Admin\PycharmProjects\MercadoApp\bit\跃马扬鞭_BR_loop_20260627_063415_ai_group_2.png
[2026-06-27 06:34:43] SENT group=3/27 ids=6103901564,6871324606,6870544688 method=shadow-button typed=True screenshot=C:\Users\Admin\PycharmProjects\MercadoApp\bit\跃马扬鞭_BR_loop_20260627_063415_ai_group_3.png
[2026-06-27 06:34:51] SENT group=4/27 ids=6247651816,6823523342,6275596542 method=shadow-button typed=True screenshot=C:\Users\Admin\PycharmProjects\MercadoApp\bit\跃马扬鞭_BR_loop_20260627_063415_ai_group_4.png
[2026-06-27 06:34:59] SENT group=5/27 ids=6816324084,6816092368,6782108752 method=shadow-button typed=True screenshot=C:\Users\Admin\PycharmProjects\MercadoApp\bit\跃马扬鞭_BR_loop_20260627_063415_ai_group_5.png
[2026-06-27 06:35:07] SENT group=6/27 ids=6782086038,6782075896,6107792912 method=shadow-button typed=True screenshot=C:\Users\Admin\PycharmProjects\MercadoApp\bit\跃马扬鞭_BR_loop_20260627_063415_ai_group_6.png
[2026-06-27 06:35:15] SENT group=7/27 ids=6256291768,4385863883,6221601498 method=shadow-button typed=True screenshot=C:\Users\Admin\PycharmProjects\MercadoApp\bit\跃马扬鞭_BR_loop_20260627_063415_ai_group_7.png
[2026-06-27 06:35:23] SENT group=8/27 ids=6207099882,4529976111,6636102802 method=shadow-button typed=True screenshot=C:\Users\Admin\PycharmProjects\MercadoApp\bit\跃马扬鞭_BR_loop_20260627_063415_ai_group_8.png
[2026-06-27 06:35:31] SENT group=9/27 ids=6635994752,6636102844,6636102812 method=shadow-button typed=True screenshot=C:\Users\Admin\PycharmProjects\MercadoApp\bit\跃马扬鞭_BR_loop_20260627_063415_ai_group_9.png
[2026-06-27 06:35:39] SENT group=10/27 ids=6635994722,6636077666,6635994660 method=shadow-button typed=True screenshot=C:\Users\Admin\PycharmProjects\MercadoApp\bit\跃马扬鞭_BR_loop_20260627_063415_ai_group_10.png
[2026-06-27 06:35:46] SENT group=11/27 ids=6636090270,6635994668,6631312950 method=shadow-button typed=True screenshot=C:\Users\Admin\PycharmProjects\MercadoApp\bit\跃马扬鞭_BR_loop_20260627_063415_ai_group_11.png
[2026-06-27 06:35:54] SENT group=12/27 ids=6631421766,4612951769,6631248858 method=shadow-button typed=True screenshot=C:\Users\Admin\PycharmProjects\MercadoApp\bit\跃马扬鞭_BR_loop_20260627_063415_ai_group_12.png
[2026-06-27 06:36:02] SENT group=13/27 ids=6631308762,6631247728,6631308332 method=shadow-button typed=True screenshot=C:\Users\Admin\PycharmProjects\MercadoApp\bit\跃马扬鞭_BR_loop_20260627_063415_ai_group_13.png
[2026-06-27 06:36:10] SENT group=14/27 ids=6631308288,6631247700,6631308208 method=shadow-button typed=True screenshot=C:\Users\Admin\PycharmProjects\MercadoApp\bit\跃马扬鞭_BR_loop_20260627_063415_ai_group_14.png
[2026-06-27 06:36:18] SENT group=15/27 ids=6631144870,4612866923,6631246670 method=shadow-button typed=True screenshot=C:\Users\Admin\PycharmProjects\MercadoApp\bit\跃马扬鞭_BR_loop_20260627_063415_ai_group_15.png
[2026-06-27 06:36:26] SENT group=16/27 ids=4612866887,6631143318,4612866205 method=shadow-button typed=True screenshot=C:\Users\Admin\PycharmProjects\MercadoApp\bit\跃马扬鞭_BR_loop_20260627_063415_ai_group_16.png
[2026-06-27 06:36:34] SENT group=17/27 ids=6631143200,4476953283,4500329799 method=shadow-button typed=True screenshot=C:\Users\Admin\PycharmProjects\MercadoApp\bit\跃马扬鞭_BR_loop_20260627_063415_ai_group_17.png
[2026-06-27 06:36:42] SENT group=18/27 ids=6127671802,6177861432,6107767296 method=shadow-button typed=True screenshot=C:\Users\Admin\PycharmProjects\MercadoApp\bit\跃马扬鞭_BR_loop_20260627_063415_ai_group_18.png
[2026-06-27 06:36:50] SENT group=19/27 ids=6107767340,6120906798,4447701763 method=shadow-button typed=True screenshot=C:\Users\Admin\PycharmProjects\MercadoApp\bit\跃马扬鞭_BR_loop_20260627_063415_ai_group_19.png
[2026-06-27 06:36:58] SENT group=20/27 ids=4381937041,6273419292,6107792788 method=shadow-button typed=True screenshot=C:\Users\Admin\PycharmProjects\MercadoApp\bit\跃马扬鞭_BR_loop_20260627_063415_ai_group_20.png
[2026-06-27 06:37:05] SENT group=21/27 ids=6328307078,4385901999,6107525314 method=shadow-button typed=True screenshot=C:\Users\Admin\PycharmProjects\MercadoApp\bit\跃马扬鞭_BR_loop_20260627_063415_ai_group_21.png
[2026-06-27 06:37:13] SENT group=22/27 ids=4392218123,4447520625,4566699745 method=shadow-button typed=True screenshot=C:\Users\Admin\PycharmProjects\MercadoApp\bit\跃马扬鞭_BR_loop_20260627_063415_ai_group_22.png
[2026-06-27 06:37:21] SENT group=23/27 ids=6530755390,6530656488,4566660187 method=shadow-button typed=True screenshot=C:\Users\Admin\PycharmProjects\MercadoApp\bit\跃马扬鞭_BR_loop_20260627_063415_ai_group_23.png
[2026-06-27 06:37:29] SENT group=24/27 ids=4379405861,4530001545,6275609532 method=shadow-button typed=True screenshot=C:\Users\Admin\PycharmProjects\MercadoApp\bit\跃马扬鞭_BR_loop_20260627_063415_ai_group_24.png
[2026-06-27 06:37:37] SENT group=25/27 ids=6444077292,6443865202,6426073740 method=shadow-button typed=True screenshot=C:\Users\Admin\PycharmProjects\MercadoApp\bit\跃马扬鞭_BR_loop_20260627_063415_ai_group_25.png
[2026-06-27 06:37:45] SENT group=26/27 ids=6087035048,4432416123,4443240057 method=shadow-button typed=True screenshot=C:\Users\Admin\PycharmProjects\MercadoApp\bit\跃马扬鞭_BR_loop_20260627_063415_ai_group_26.png
[2026-06-27 06:37:53] SENT group=27/27 ids=6158192696,4421876747,6120674468 method=shadow-button typed=True screenshot=C:\Users\Admin\PycharmProjects\MercadoApp\bit\跃马扬鞭_BR_loop_20260627_063415_ai_group_27.png
[2026-06-27 06:37:53] DONE ids=81 sent_groups=27
[2026-06-27 06:43:17] START window=跃马扬鞭 site=BR
[2026-06-27 06:44:15] COLLECTED ids=81 groups=27
[2026-06-27 06:44:27] SENT group=1/27 ids=6096510794,6782142216,6782116756 method=shadow-button typed=True screenshot=C:\Users\Admin\PycharmProjects\MercadoApp\bit\跃马扬鞭_BR_loop_20260627_064415_ai_group_1.png
[2026-06-27 06:44:35] SENT group=2/27 ids=6158241752,4500278569,4566672579 method=shadow-button typed=True screenshot=C:\Users\Admin\PycharmProjects\MercadoApp\bit\跃马扬鞭_BR_loop_20260627_064415_ai_group_2.png
[2026-06-27 06:44:43] SENT group=3/27 ids=6103901564,6871324606,6870544688 method=shadow-button typed=True screenshot=C:\Users\Admin\PycharmProjects\MercadoApp\bit\跃马扬鞭_BR_loop_20260627_064415_ai_group_3.png
[2026-06-27 06:44:51] SENT group=4/27 ids=6247651816,6823523342,6275596542 method=shadow-button typed=True screenshot=C:\Users\Admin\PycharmProjects\MercadoApp\bit\跃马扬鞭_BR_loop_20260627_064415_ai_group_4.png
[2026-06-27 06:44:58] SENT group=5/27 ids=6816324084,6816092368,6782108752 method=shadow-button typed=True screenshot=C:\Users\Admin\PycharmProjects\MercadoApp\bit\跃马扬鞭_BR_loop_20260627_064415_ai_group_5.png
[2026-06-27 06:45:06] SENT group=6/27 ids=6782086038,6782075896,6107792912 method=shadow-button typed=True screenshot=C:\Users\Admin\PycharmProjects\MercadoApp\bit\跃马扬鞭_BR_loop_20260627_064415_ai_group_6.png
[2026-06-27 06:45:14] SENT group=7/27 ids=6256291768,4385863883,6221601498 method=shadow-button typed=True screenshot=C:\Users\Admin\PycharmProjects\MercadoApp\bit\跃马扬鞭_BR_loop_20260627_064415_ai_group_7.png
[2026-06-27 06:45:22] SENT group=8/27 ids=6207099882,4529976111,6636102802 method=shadow-button typed=True screenshot=C:\Users\Admin\PycharmProjects\MercadoApp\bit\跃马扬鞭_BR_loop_20260627_064415_ai_group_8.png
[2026-06-27 06:45:30] SENT group=9/27 ids=6635994752,6636102844,6636102812 method=shadow-button typed=True screenshot=C:\Users\Admin\PycharmProjects\MercadoApp\bit\跃马扬鞭_BR_loop_20260627_064415_ai_group_9.png
[2026-06-27 06:45:38] SENT group=10/27 ids=6635994722,6636077666,6635994660 method=shadow-button typed=True screenshot=C:\Users\Admin\PycharmProjects\MercadoApp\bit\跃马扬鞭_BR_loop_20260627_064415_ai_group_10.png
[2026-06-27 06:45:46] SENT group=11/27 ids=6636090270,6635994668,6631312950 method=shadow-button typed=True screenshot=C:\Users\Admin\PycharmProjects\MercadoApp\bit\跃马扬鞭_BR_loop_20260627_064415_ai_group_11.png
[2026-06-27 06:45:54] SENT group=12/27 ids=6631421766,4612951769,6631248858 method=shadow-button typed=True screenshot=C:\Users\Admin\PycharmProjects\MercadoApp\bit\跃马扬鞭_BR_loop_20260627_064415_ai_group_12.png
[2026-06-27 06:46:02] SENT group=13/27 ids=6631308762,6631247728,6631308332 method=shadow-button typed=True screenshot=C:\Users\Admin\PycharmProjects\MercadoApp\bit\跃马扬鞭_BR_loop_20260627_064415_ai_group_13.png
[2026-06-27 06:46:10] SENT group=14/27 ids=6631308288,6631247700,6631308208 method=shadow-button typed=True screenshot=C:\Users\Admin\PycharmProjects\MercadoApp\bit\跃马扬鞭_BR_loop_20260627_064415_ai_group_14.png
[2026-06-27 06:46:18] SENT group=15/27 ids=6631144870,4612866923,6631246670 method=shadow-button typed=True screenshot=C:\Users\Admin\PycharmProjects\MercadoApp\bit\跃马扬鞭_BR_loop_20260627_064415_ai_group_15.png
[2026-06-27 06:46:26] SENT group=16/27 ids=4612866887,6631143318,4612866205 method=shadow-button typed=True screenshot=C:\Users\Admin\PycharmProjects\MercadoApp\bit\跃马扬鞭_BR_loop_20260627_064415_ai_group_16.png
[2026-06-27 06:46:33] SENT group=17/27 ids=6631143200,4476953283,4500329799 method=shadow-button typed=True screenshot=C:\Users\Admin\PycharmProjects\MercadoApp\bit\跃马扬鞭_BR_loop_20260627_064415_ai_group_17.png
[2026-06-27 06:46:41] SENT group=18/27 ids=6127671802,6177861432,6107767296 method=shadow-button typed=True screenshot=C:\Users\Admin\PycharmProjects\MercadoApp\bit\跃马扬鞭_BR_loop_20260627_064415_ai_group_18.png
[2026-06-27 06:46:49] SENT group=19/27 ids=6107767340,6120906798,4447701763 method=shadow-button typed=True screenshot=C:\Users\Admin\PycharmProjects\MercadoApp\bit\跃马扬鞭_BR_loop_20260627_064415_ai_group_19.png
[2026-06-27 06:46:57] SENT group=20/27 ids=4381937041,6273419292,6107792788 method=shadow-button typed=True screenshot=C:\Users\Admin\PycharmProjects\MercadoApp\bit\跃马扬鞭_BR_loop_20260627_064415_ai_group_20.png
[2026-06-27 06:47:05] SENT group=21/27 ids=6328307078,4385901999,6107525314 method=shadow-button typed=True screenshot=C:\Users\Admin\PycharmProjects\MercadoApp\bit\跃马扬鞭_BR_loop_20260627_064415_ai_group_21.png
[2026-06-27 06:47:13] SENT group=22/27 ids=4392218123,4447520625,4566699745 method=shadow-button typed=True screenshot=C:\Users\Admin\PycharmProjects\MercadoApp\bit\跃马扬鞭_BR_loop_20260627_064415_ai_group_22.png
[2026-06-27 06:47:21] SENT group=23/27 ids=6530755390,6530656488,4566660187 method=shadow-button typed=True screenshot=C:\Users\Admin\PycharmProjects\MercadoApp\bit\跃马扬鞭_BR_loop_20260627_064415_ai_group_23.png
[2026-06-27 06:47:29] SENT group=24/27 ids=4379405861,4530001545,6275609532 method=shadow-button typed=True screenshot=C:\Users\Admin\PycharmProjects\MercadoApp\bit\跃马扬鞭_BR_loop_20260627_064415_ai_group_24.png
[2026-06-27 06:47:37] SENT group=25/27 ids=6444077292,6443865202,6426073740 method=shadow-button typed=True screenshot=C:\Users\Admin\PycharmProjects\MercadoApp\bit\跃马扬鞭_BR_loop_20260627_064415_ai_group_25.png
[2026-06-27 06:47:44] SENT group=26/27 ids=6087035048,4432416123,4443240057 method=shadow-button typed=True screenshot=C:\Users\Admin\PycharmProjects\MercadoApp\bit\跃马扬鞭_BR_loop_20260627_064415_ai_group_26.png
[2026-06-27 06:47:52] SENT group=27/27 ids=6158192696,4421876747,6120674468 method=shadow-button typed=True screenshot=C:\Users\Admin\PycharmProjects\MercadoApp\bit\跃马扬鞭_BR_loop_20260627_064415_ai_group_27.png
[2026-06-27 06:47:52] DONE ids=81 sent_groups=27
[2026-06-27 06:53:20] START window=跃马扬鞭 site=BR
[2026-06-27 06:54:19] COLLECTED ids=81 groups=27
[2026-06-27 06:54:31] SENT group=1/27 ids=6096510794,6782142216,6782116756 method=shadow-button typed=True screenshot=C:\Users\Admin\PycharmProjects\MercadoApp\bit\跃马扬鞭_BR_loop_20260627_065419_ai_group_1.png
[2026-06-27 06:54:39] SENT group=2/27 ids=6158241752,4500278569,4566672579 method=shadow-button typed=True screenshot=C:\Users\Admin\PycharmProjects\MercadoApp\bit\跃马扬鞭_BR_loop_20260627_065419_ai_group_2.png
[2026-06-27 06:54:47] SENT group=3/27 ids=6103901564,6871324606,6870544688 method=shadow-button typed=True screenshot=C:\Users\Admin\PycharmProjects\MercadoApp\bit\跃马扬鞭_BR_loop_20260627_065419_ai_group_3.png
[2026-06-27 06:54:55] SENT group=4/27 ids=6247651816,6823523342,6275596542 method=shadow-button typed=True screenshot=C:\Users\Admin\PycharmProjects\MercadoApp\bit\跃马扬鞭_BR_loop_20260627_065419_ai_group_4.png
[2026-06-27 06:55:02] SENT group=5/27 ids=6816324084,6816092368,6782108752 method=shadow-button typed=True screenshot=C:\Users\Admin\PycharmProjects\MercadoApp\bit\跃马扬鞭_BR_loop_20260627_065419_ai_group_5.png
[2026-06-27 06:55:10] SENT group=6/27 ids=6782086038,6782075896,6107792912 method=shadow-button typed=True screenshot=C:\Users\Admin\PycharmProjects\MercadoApp\bit\跃马扬鞭_BR_loop_20260627_065419_ai_group_6.png
[2026-06-27 06:55:18] SENT group=7/27 ids=6256291768,4385863883,6221601498 method=shadow-button typed=True screenshot=C:\Users\Admin\PycharmProjects\MercadoApp\bit\跃马扬鞭_BR_loop_20260627_065419_ai_group_7.png
[2026-06-27 06:55:26] SENT group=8/27 ids=6207099882,4529976111,6636102802 method=shadow-button typed=True screenshot=C:\Users\Admin\PycharmProjects\MercadoApp\bit\跃马扬鞭_BR_loop_20260627_065419_ai_group_8.png
[2026-06-27 06:55:34] SENT group=9/27 ids=6635994752,6636102844,6636102812 method=shadow-button typed=True screenshot=C:\Users\Admin\PycharmProjects\MercadoApp\bit\跃马扬鞭_BR_loop_20260627_065419_ai_group_9.png
[2026-06-27 06:55:42] SENT group=10/27 ids=6635994722,6636077666,6635994660 method=shadow-button typed=True screenshot=C:\Users\Admin\PycharmProjects\MercadoApp\bit\跃马扬鞭_BR_loop_20260627_065419_ai_group_10.png
[2026-06-27 06:55:50] SENT group=11/27 ids=6636090270,6635994668,6631312950 method=shadow-button typed=True screenshot=C:\Users\Admin\PycharmProjects\MercadoApp\bit\跃马扬鞭_BR_loop_20260627_065419_ai_group_11.png
[2026-06-27 06:55:58] SENT group=12/27 ids=6631421766,4612951769,6631248858 method=shadow-button typed=True screenshot=C:\Users\Admin\PycharmProjects\MercadoApp\bit\跃马扬鞭_BR_loop_20260627_065419_ai_group_12.png
[2026-06-27 06:56:06] SENT group=13/27 ids=6631308762,6631247728,6631308332 method=shadow-button typed=True screenshot=C:\Users\Admin\PycharmProjects\MercadoApp\bit\跃马扬鞭_BR_loop_20260627_065419_ai_group_13.png
[2026-06-27 06:56:13] SENT group=14/27 ids=6631308288,6631247700,6631308208 method=shadow-button typed=True screenshot=C:\Users\Admin\PycharmProjects\MercadoApp\bit\跃马扬鞭_BR_loop_20260627_065419_ai_group_14.png
[2026-06-27 06:56:21] SENT group=15/27 ids=6631144870,4612866923,6631246670 method=shadow-button typed=True screenshot=C:\Users\Admin\PycharmProjects\MercadoApp\bit\跃马扬鞭_BR_loop_20260627_065419_ai_group_15.png
[2026-06-27 06:56:29] SENT group=16/27 ids=4612866887,6631143318,4612866205 method=shadow-button typed=True screenshot=C:\Users\Admin\PycharmProjects\MercadoApp\bit\跃马扬鞭_BR_loop_20260627_065419_ai_group_16.png
[2026-06-27 06:56:37] SENT group=17/27 ids=6631143200,4476953283,4500329799 method=shadow-button typed=True screenshot=C:\Users\Admin\PycharmProjects\MercadoApp\bit\跃马扬鞭_BR_loop_20260627_065419_ai_group_17.png
[2026-06-27 06:56:45] SENT group=18/27 ids=6127671802,6177861432,6107767296 method=shadow-button typed=True screenshot=C:\Users\Admin\PycharmProjects\MercadoApp\bit\跃马扬鞭_BR_loop_20260627_065419_ai_group_18.png
[2026-06-27 06:56:53] SENT group=19/27 ids=6107767340,6120906798,4447701763 method=shadow-button typed=True screenshot=C:\Users\Admin\PycharmProjects\MercadoApp\bit\跃马扬鞭_BR_loop_20260627_065419_ai_group_19.png
[2026-06-27 06:57:01] SENT group=20/27 ids=4381937041,6273419292,6107792788 method=shadow-button typed=True screenshot=C:\Users\Admin\PycharmProjects\MercadoApp\bit\跃马扬鞭_BR_loop_20260627_065419_ai_group_20.png
[2026-06-27 06:57:09] SENT group=21/27 ids=6328307078,4385901999,6107525314 method=shadow-button typed=True screenshot=C:\Users\Admin\PycharmProjects\MercadoApp\bit\跃马扬鞭_BR_loop_20260627_065419_ai_group_21.png
[2026-06-27 06:57:17] SENT group=22/27 ids=4392218123,4447520625,4566699745 method=shadow-button typed=True screenshot=C:\Users\Admin\PycharmProjects\MercadoApp\bit\跃马扬鞭_BR_loop_20260627_065419_ai_group_22.png
[2026-06-27 06:57:25] SENT group=23/27 ids=6530755390,6530656488,4566660187 method=shadow-button typed=True screenshot=C:\Users\Admin\PycharmProjects\MercadoApp\bit\跃马扬鞭_BR_loop_20260627_065419_ai_group_23.png
[2026-06-27 06:57:33] SENT group=24/27 ids=4379405861,4530001545,6275609532 method=shadow-button typed=True screenshot=C:\Users\Admin\PycharmProjects\MercadoApp\bit\跃马扬鞭_BR_loop_20260627_065419_ai_group_24.png
[2026-06-27 06:57:40] SENT group=25/27 ids=6444077292,6443865202,6426073740 method=shadow-button typed=True screenshot=C:\Users\Admin\PycharmProjects\MercadoApp\bit\跃马扬鞭_BR_loop_20260627_065419_ai_group_25.png
[2026-06-27 06:57:48] SENT group=26/27 ids=6087035048,4432416123,4443240057 method=shadow-button typed=True screenshot=C:\Users\Admin\PycharmProjects\MercadoApp\bit\跃马扬鞭_BR_loop_20260627_065419_ai_group_26.png
[2026-06-27 06:57:56] SENT group=27/27 ids=6158192696,4421876747,6120674468 method=shadow-button typed=True screenshot=C:\Users\Admin\PycharmProjects\MercadoApp\bit\跃马扬鞭_BR_loop_20260627_065419_ai_group_27.png
[2026-06-27 06:57:56] DONE ids=81 sent_groups=27
[2026-06-27 07:03:17] START window=跃马扬鞭 site=BR
[2026-06-27 07:04:15] COLLECTED ids=81 groups=27
[2026-06-27 07:04:27] SENT group=1/27 ids=6096510794,6782142216,6782116756 method=shadow-button typed=True screenshot=C:\Users\Admin\PycharmProjects\MercadoApp\bit\跃马扬鞭_BR_loop_20260627_070415_ai_group_1.png
[2026-06-27 07:04:35] SENT group=2/27 ids=6158241752,4500278569,4566672579 method=shadow-button typed=True screenshot=C:\Users\Admin\PycharmProjects\MercadoApp\bit\跃马扬鞭_BR_loop_20260627_070415_ai_group_2.png
[2026-06-27 07:04:43] SENT group=3/27 ids=6103901564,6871324606,6870544688 method=shadow-button typed=True screenshot=C:\Users\Admin\PycharmProjects\MercadoApp\bit\跃马扬鞭_BR_loop_20260627_070415_ai_group_3.png
[2026-06-27 07:04:51] SENT group=4/27 ids=6247651816,6823523342,6275596542 method=shadow-button typed=True screenshot=C:\Users\Admin\PycharmProjects\MercadoApp\bit\跃马扬鞭_BR_loop_20260627_070415_ai_group_4.png
[2026-06-27 07:04:59] SENT group=5/27 ids=6816324084,6816092368,6782108752 method=shadow-button typed=True screenshot=C:\Users\Admin\PycharmProjects\MercadoApp\bit\跃马扬鞭_BR_loop_20260627_070415_ai_group_5.png
[2026-06-27 07:05:07] SENT group=6/27 ids=6782086038,6782075896,6107792912 method=shadow-button typed=True screenshot=C:\Users\Admin\PycharmProjects\MercadoApp\bit\跃马扬鞭_BR_loop_20260627_070415_ai_group_6.png
[2026-06-27 07:05:15] SENT group=7/27 ids=6256291768,4385863883,6221601498 method=shadow-button typed=True screenshot=C:\Users\Admin\PycharmProjects\MercadoApp\bit\跃马扬鞭_BR_loop_20260627_070415_ai_group_7.png
[2026-06-27 07:05:23] SENT group=8/27 ids=6207099882,4529976111,6636102802 method=shadow-button typed=True screenshot=C:\Users\Admin\PycharmProjects\MercadoApp\bit\跃马扬鞭_BR_loop_20260627_070415_ai_group_8.png
[2026-06-27 07:05:31] SENT group=9/27 ids=6635994752,6636102844,6636102812 method=shadow-button typed=True screenshot=C:\Users\Admin\PycharmProjects\MercadoApp\bit\跃马扬鞭_BR_loop_20260627_070415_ai_group_9.png
[2026-06-27 07:05:39] SENT group=10/27 ids=6635994722,6636077666,6635994660 method=shadow-button typed=True screenshot=C:\Users\Admin\PycharmProjects\MercadoApp\bit\跃马扬鞭_BR_loop_20260627_070415_ai_group_10.png
[2026-06-27 07:05:47] SENT group=11/27 ids=6636090270,6635994668,6631312950 method=shadow-button typed=True screenshot=C:\Users\Admin\PycharmProjects\MercadoApp\bit\跃马扬鞭_BR_loop_20260627_070415_ai_group_11.png
[2026-06-27 07:05:55] SENT group=12/27 ids=6631421766,4612951769,6631248858 method=shadow-button typed=True screenshot=C:\Users\Admin\PycharmProjects\MercadoApp\bit\跃马扬鞭_BR_loop_20260627_070415_ai_group_12.png
[2026-06-27 07:06:02] SENT group=13/27 ids=6631308762,6631247728,6631308332 method=shadow-button typed=True screenshot=C:\Users\Admin\PycharmProjects\MercadoApp\bit\跃马扬鞭_BR_loop_20260627_070415_ai_group_13.png
[2026-06-27 07:06:10] SENT group=14/27 ids=6631308288,6631247700,6631308208 method=shadow-button typed=True screenshot=C:\Users\Admin\PycharmProjects\MercadoApp\bit\跃马扬鞭_BR_loop_20260627_070415_ai_group_14.png
[2026-06-27 07:06:18] SENT group=15/27 ids=6631144870,4612866923,6631246670 method=shadow-button typed=True screenshot=C:\Users\Admin\PycharmProjects\MercadoApp\bit\跃马扬鞭_BR_loop_20260627_070415_ai_group_15.png
[2026-06-27 07:06:26] SENT group=16/27 ids=4612866887,6631143318,4612866205 method=shadow-button typed=True screenshot=C:\Users\Admin\PycharmProjects\MercadoApp\bit\跃马扬鞭_BR_loop_20260627_070415_ai_group_16.png
[2026-06-27 07:06:34] SENT group=17/27 ids=6631143200,4476953283,4500329799 method=shadow-button typed=True screenshot=C:\Users\Admin\PycharmProjects\MercadoApp\bit\跃马扬鞭_BR_loop_20260627_070415_ai_group_17.png
[2026-06-27 07:06:42] SENT group=18/27 ids=6127671802,6177861432,6107767296 method=shadow-button typed=True screenshot=C:\Users\Admin\PycharmProjects\MercadoApp\bit\跃马扬鞭_BR_loop_20260627_070415_ai_group_18.png
[2026-06-27 07:06:50] SENT group=19/27 ids=6107767340,6120906798,4447701763 method=shadow-button typed=True screenshot=C:\Users\Admin\PycharmProjects\MercadoApp\bit\跃马扬鞭_BR_loop_20260627_070415_ai_group_19.png
[2026-06-27 07:06:58] SENT group=20/27 ids=4381937041,6273419292,6107792788 method=shadow-button typed=True screenshot=C:\Users\Admin\PycharmProjects\MercadoApp\bit\跃马扬鞭_BR_loop_20260627_070415_ai_group_20.png
[2026-06-27 07:07:06] SENT group=21/27 ids=6328307078,4385901999,6107525314 method=shadow-button typed=True screenshot=C:\Users\Admin\PycharmProjects\MercadoApp\bit\跃马扬鞭_BR_loop_20260627_070415_ai_group_21.png
[2026-06-27 07:07:14] SENT group=22/27 ids=4392218123,4447520625,4566699745 method=shadow-button typed=True screenshot=C:\Users\Admin\PycharmProjects\MercadoApp\bit\跃马扬鞭_BR_loop_20260627_070415_ai_group_22.png
[2026-06-27 07:07:21] SENT group=23/27 ids=6530755390,6530656488,4566660187 method=shadow-button typed=True screenshot=C:\Users\Admin\PycharmProjects\MercadoApp\bit\跃马扬鞭_BR_loop_20260627_070415_ai_group_23.png
[2026-06-27 07:07:29] SENT group=24/27 ids=4379405861,4530001545,6275609532 method=shadow-button typed=True screenshot=C:\Users\Admin\PycharmProjects\MercadoApp\bit\跃马扬鞭_BR_loop_20260627_070415_ai_group_24.png
[2026-06-27 07:07:37] SENT group=25/27 ids=6444077292,6443865202,6426073740 method=shadow-button typed=True screenshot=C:\Users\Admin\PycharmProjects\MercadoApp\bit\跃马扬鞭_BR_loop_20260627_070415_ai_group_25.png
[2026-06-27 07:07:45] SENT group=26/27 ids=6087035048,4432416123,4443240057 method=shadow-button typed=True screenshot=C:\Users\Admin\PycharmProjects\MercadoApp\bit\跃马扬鞭_BR_loop_20260627_070415_ai_group_26.png
[2026-06-27 07:07:53] SENT group=27/27 ids=6158192696,4421876747,6120674468 method=shadow-button typed=True screenshot=C:\Users\Admin\PycharmProjects\MercadoApp\bit\跃马扬鞭_BR_loop_20260627_070415_ai_group_27.png
[2026-06-27 07:07:53] DONE ids=81 sent_groups=27
[2026-06-27 07:13:39] START window=跃马扬鞭 site=BR
[2026-06-27 07:14:38] COLLECTED ids=81 groups=27
[2026-06-27 07:14:50] SENT group=1/27 ids=6096510794,6782142216,6782116756 method=shadow-button typed=True screenshot=C:\Users\Admin\PycharmProjects\MercadoApp\bit\跃马扬鞭_BR_loop_20260627_071438_ai_group_1.png
[2026-06-27 07:14:58] SENT group=2/27 ids=6158241752,4500278569,4566672579 method=shadow-button typed=True screenshot=C:\Users\Admin\PycharmProjects\MercadoApp\bit\跃马扬鞭_BR_loop_20260627_071438_ai_group_2.png
[2026-06-27 07:15:06] SENT group=3/27 ids=6103901564,6871324606,6870544688 method=shadow-button typed=True screenshot=C:\Users\Admin\PycharmProjects\MercadoApp\bit\跃马扬鞭_BR_loop_20260627_071438_ai_group_3.png
[2026-06-27 07:15:13] SENT group=4/27 ids=6247651816,6823523342,6275596542 method=shadow-button typed=True screenshot=C:\Users\Admin\PycharmProjects\MercadoApp\bit\跃马扬鞭_BR_loop_20260627_071438_ai_group_4.png
[2026-06-27 07:15:21] SENT group=5/27 ids=6816324084,6816092368,6782108752 method=shadow-button typed=True screenshot=C:\Users\Admin\PycharmProjects\MercadoApp\bit\跃马扬鞭_BR_loop_20260627_071438_ai_group_5.png
[2026-06-27 07:15:29] SENT group=6/27 ids=6782086038,6782075896,6107792912 method=shadow-button typed=True screenshot=C:\Users\Admin\PycharmProjects\MercadoApp\bit\跃马扬鞭_BR_loop_20260627_071438_ai_group_6.png
[2026-06-27 07:15:37] SENT group=7/27 ids=6256291768,4385863883,6221601498 method=shadow-button typed=True screenshot=C:\Users\Admin\PycharmProjects\MercadoApp\bit\跃马扬鞭_BR_loop_20260627_071438_ai_group_7.png
[2026-06-27 07:15:45] SENT group=8/27 ids=6207099882,4529976111,6636102802 method=shadow-button typed=True screenshot=C:\Users\Admin\PycharmProjects\MercadoApp\bit\跃马扬鞭_BR_loop_20260627_071438_ai_group_8.png
[2026-06-27 07:15:53] SENT group=9/27 ids=6635994752,6636102844,6636102812 method=shadow-button typed=True screenshot=C:\Users\Admin\PycharmProjects\MercadoApp\bit\跃马扬鞭_BR_loop_20260627_071438_ai_group_9.png
[2026-06-27 07:16:01] SENT group=10/27 ids=6635994722,6636077666,6635994660 method=shadow-button typed=True screenshot=C:\Users\Admin\PycharmProjects\MercadoApp\bit\跃马扬鞭_BR_loop_20260627_071438_ai_group_10.png
[2026-06-27 07:16:09] SENT group=11/27 ids=6636090270,6635994668,6631312950 method=shadow-button typed=True screenshot=C:\Users\Admin\PycharmProjects\MercadoApp\bit\跃马扬鞭_BR_loop_20260627_071438_ai_group_11.png
[2026-06-27 07:16:17] SENT group=12/27 ids=6631421766,4612951769,6631248858 method=shadow-button typed=True screenshot=C:\Users\Admin\PycharmProjects\MercadoApp\bit\跃马扬鞭_BR_loop_20260627_071438_ai_group_12.png
[2026-06-27 07:16:25] SENT group=13/27 ids=6631308762,6631247728,6631308332 method=shadow-button typed=True screenshot=C:\Users\Admin\PycharmProjects\MercadoApp\bit\跃马扬鞭_BR_loop_20260627_071438_ai_group_13.png
[2026-06-27 07:16:33] SENT group=14/27 ids=6631308288,6631247700,6631308208 method=shadow-button typed=True screenshot=C:\Users\Admin\PycharmProjects\MercadoApp\bit\跃马扬鞭_BR_loop_20260627_071438_ai_group_14.png
[2026-06-27 07:16:41] SENT group=15/27 ids=6631144870,4612866923,6631246670 method=shadow-button typed=True screenshot=C:\Users\Admin\PycharmProjects\MercadoApp\bit\跃马扬鞭_BR_loop_20260627_071438_ai_group_15.png
[2026-06-27 07:16:49] SENT group=16/27 ids=4612866887,6631143318,4612866205 method=shadow-button typed=True screenshot=C:\Users\Admin\PycharmProjects\MercadoApp\bit\跃马扬鞭_BR_loop_20260627_071438_ai_group_16.png
[2026-06-27 07:16:56] SENT group=17/27 ids=6631143200,4476953283,4500329799 method=shadow-button typed=True screenshot=C:\Users\Admin\PycharmProjects\MercadoApp\bit\跃马扬鞭_BR_loop_20260627_071438_ai_group_17.png
[2026-06-27 07:17:04] SENT group=18/27 ids=6127671802,6177861432,6107767296 method=shadow-button typed=True screenshot=C:\Users\Admin\PycharmProjects\MercadoApp\bit\跃马扬鞭_BR_loop_20260627_071438_ai_group_18.png
[2026-06-27 07:17:12] SENT group=19/27 ids=6107767340,6120906798,4447701763 method=shadow-button typed=True screenshot=C:\Users\Admin\PycharmProjects\MercadoApp\bit\跃马扬鞭_BR_loop_20260627_071438_ai_group_19.png
[2026-06-27 07:17:20] SENT group=20/27 ids=4381937041,6273419292,6107792788 method=shadow-button typed=True screenshot=C:\Users\Admin\PycharmProjects\MercadoApp\bit\跃马扬鞭_BR_loop_20260627_071438_ai_group_20.png
[2026-06-27 07:17:28] SENT group=21/27 ids=6328307078,4385901999,6107525314 method=shadow-button typed=True screenshot=C:\Users\Admin\PycharmProjects\MercadoApp\bit\跃马扬鞭_BR_loop_20260627_071438_ai_group_21.png
[2026-06-27 07:17:36] SENT group=22/27 ids=4392218123,4447520625,4566699745 method=shadow-button typed=True screenshot=C:\Users\Admin\PycharmProjects\MercadoApp\bit\跃马扬鞭_BR_loop_20260627_071438_ai_group_22.png
[2026-06-27 07:17:44] SENT group=23/27 ids=6530755390,6530656488,4566660187 method=shadow-button typed=True screenshot=C:\Users\Admin\PycharmProjects\MercadoApp\bit\跃马扬鞭_BR_loop_20260627_071438_ai_group_23.png
[2026-06-27 07:17:52] SENT group=24/27 ids=4379405861,4530001545,6275609532 method=shadow-button typed=True screenshot=C:\Users\Admin\PycharmProjects\MercadoApp\bit\跃马扬鞭_BR_loop_20260627_071438_ai_group_24.png
[2026-06-27 07:18:00] SENT group=25/27 ids=6444077292,6443865202,6426073740 method=shadow-button typed=True screenshot=C:\Users\Admin\PycharmProjects\MercadoApp\bit\跃马扬鞭_BR_loop_20260627_071438_ai_group_25.png
[2026-06-27 07:18:08] SENT group=26/27 ids=6087035048,4432416123,4443240057 method=shadow-button typed=True screenshot=C:\Users\Admin\PycharmProjects\MercadoApp\bit\跃马扬鞭_BR_loop_20260627_071438_ai_group_26.png
[2026-06-27 07:18:15] SENT group=27/27 ids=6158192696,4421876747,6120674468 method=shadow-button typed=True screenshot=C:\Users\Admin\PycharmProjects\MercadoApp\bit\跃马扬鞭_BR_loop_20260627_071438_ai_group_27.png
[2026-06-27 07:18:15] DONE ids=81 sent_groups=27
[2026-06-27 07:23:26] START window=跃马扬鞭 site=BR
[2026-06-27 07:24:25] COLLECTED ids=81 groups=27
[2026-06-27 07:24:37] SENT group=1/27 ids=6096510794,6782142216,6782116756 method=shadow-button typed=True screenshot=C:\Users\Admin\PycharmProjects\MercadoApp\bit\跃马扬鞭_BR_loop_20260627_072425_ai_group_1.png
[2026-06-27 07:24:45] SENT group=2/27 ids=6158241752,4500278569,4566672579 method=shadow-button typed=True screenshot=C:\Users\Admin\PycharmProjects\MercadoApp\bit\跃马扬鞭_BR_loop_20260627_072425_ai_group_2.png
[2026-06-27 07:24:53] SENT group=3/27 ids=6103901564,6871324606,6870544688 method=shadow-button typed=True screenshot=C:\Users\Admin\PycharmProjects\MercadoApp\bit\跃马扬鞭_BR_loop_20260627_072425_ai_group_3.png
[2026-06-27 07:25:01] SENT group=4/27 ids=6247651816,6823523342,6275596542 method=shadow-button typed=True screenshot=C:\Users\Admin\PycharmProjects\MercadoApp\bit\跃马扬鞭_BR_loop_20260627_072425_ai_group_4.png
[2026-06-27 07:25:09] SENT group=5/27 ids=6816324084,6816092368,6782108752 method=shadow-button typed=True screenshot=C:\Users\Admin\PycharmProjects\MercadoApp\bit\跃马扬鞭_BR_loop_20260627_072425_ai_group_5.png
[2026-06-27 07:25:17] SENT group=6/27 ids=6782086038,6782075896,6107792912 method=shadow-button typed=True screenshot=C:\Users\Admin\PycharmProjects\MercadoApp\bit\跃马扬鞭_BR_loop_20260627_072425_ai_group_6.png
[2026-06-27 07:25:25] SENT group=7/27 ids=6256291768,4385863883,6221601498 method=shadow-button typed=True screenshot=C:\Users\Admin\PycharmProjects\MercadoApp\bit\跃马扬鞭_BR_loop_20260627_072425_ai_group_7.png
[2026-06-27 07:25:32] SENT group=8/27 ids=6207099882,4529976111,6636102802 method=shadow-button typed=True screenshot=C:\Users\Admin\PycharmProjects\MercadoApp\bit\跃马扬鞭_BR_loop_20260627_072425_ai_group_8.png
[2026-06-27 07:25:40] SENT group=9/27 ids=6635994752,6636102844,6636102812 method=shadow-button typed=True screenshot=C:\Users\Admin\PycharmProjects\MercadoApp\bit\跃马扬鞭_BR_loop_20260627_072425_ai_group_9.png
[2026-06-27 07:25:48] SENT group=10/27 ids=6635994722,6636077666,6635994660 method=shadow-button typed=True screenshot=C:\Users\Admin\PycharmProjects\MercadoApp\bit\跃马扬鞭_BR_loop_20260627_072425_ai_group_10.png
[2026-06-27 07:25:56] SENT group=11/27 ids=6636090270,6635994668,6631312950 method=shadow-button typed=True screenshot=C:\Users\Admin\PycharmProjects\MercadoApp\bit\跃马扬鞭_BR_loop_20260627_072425_ai_group_11.png
[2026-06-27 07:26:04] SENT group=12/27 ids=6631421766,4612951769,6631248858 method=shadow-button typed=True screenshot=C:\Users\Admin\PycharmProjects\MercadoApp\bit\跃马扬鞭_BR_loop_20260627_072425_ai_group_12.png
[2026-06-27 07:26:12] SENT group=13/27 ids=6631308762,6631247728,6631308332 method=shadow-button typed=True screenshot=C:\Users\Admin\PycharmProjects\MercadoApp\bit\跃马扬鞭_BR_loop_20260627_072425_ai_group_13.png
[2026-06-27 07:26:20] SENT group=14/27 ids=6631308288,6631247700,6631308208 method=shadow-button typed=True screenshot=C:\Users\Admin\PycharmProjects\MercadoApp\bit\跃马扬鞭_BR_loop_20260627_072425_ai_group_14.png
[2026-06-27 07:26:28] SENT group=15/27 ids=6631144870,4612866923,6631246670 method=shadow-button typed=True screenshot=C:\Users\Admin\PycharmProjects\MercadoApp\bit\跃马扬鞭_BR_loop_20260627_072425_ai_group_15.png
[2026-06-27 07:26:36] SENT group=16/27 ids=4612866887,6631143318,4612866205 method=shadow-button typed=True screenshot=C:\Users\Admin\PycharmProjects\MercadoApp\bit\跃马扬鞭_BR_loop_20260627_072425_ai_group_16.png
[2026-06-27 07:26:44] SENT group=17/27 ids=6631143200,4476953283,4500329799 method=shadow-button typed=True screenshot=C:\Users\Admin\PycharmProjects\MercadoApp\bit\跃马扬鞭_BR_loop_20260627_072425_ai_group_17.png
[2026-06-27 07:26:52] SENT group=18/27 ids=6127671802,6177861432,6107767296 method=shadow-button typed=True screenshot=C:\Users\Admin\PycharmProjects\MercadoApp\bit\跃马扬鞭_BR_loop_20260627_072425_ai_group_18.png
[2026-06-27 07:27:00] SENT group=19/27 ids=6107767340,6120906798,4447701763 method=shadow-button typed=True screenshot=C:\Users\Admin\PycharmProjects\MercadoApp\bit\跃马扬鞭_BR_loop_20260627_072425_ai_group_19.png
[2026-06-27 07:27:08] SENT group=20/27 ids=4381937041,6273419292,6107792788 method=shadow-button typed=True screenshot=C:\Users\Admin\PycharmProjects\MercadoApp\bit\跃马扬鞭_BR_loop_20260627_072425_ai_group_20.png
[2026-06-27 07:27:15] SENT group=21/27 ids=6328307078,4385901999,6107525314 method=shadow-button typed=True screenshot=C:\Users\Admin\PycharmProjects\MercadoApp\bit\跃马扬鞭_BR_loop_20260627_072425_ai_group_21.png
[2026-06-27 07:27:23] SENT group=22/27 ids=4392218123,4447520625,4566699745 method=shadow-button typed=True screenshot=C:\Users\Admin\PycharmProjects\MercadoApp\bit\跃马扬鞭_BR_loop_20260627_072425_ai_group_22.png
[2026-06-27 07:27:31] SENT group=23/27 ids=6530755390,6530656488,4566660187 method=shadow-button typed=True screenshot=C:\Users\Admin\PycharmProjects\MercadoApp\bit\跃马扬鞭_BR_loop_20260627_072425_ai_group_23.png
[2026-06-27 07:27:39] SENT group=24/27 ids=4379405861,4530001545,6275609532 method=shadow-button typed=True screenshot=C:\Users\Admin\PycharmProjects\MercadoApp\bit\跃马扬鞭_BR_loop_20260627_072425_ai_group_24.png
[2026-06-27 07:27:47] SENT group=25/27 ids=6444077292,6443865202,6426073740 method=shadow-button typed=True screenshot=C:\Users\Admin\PycharmProjects\MercadoApp\bit\跃马扬鞭_BR_loop_20260627_072425_ai_group_25.png
[2026-06-27 07:27:55] SENT group=26/27 ids=6087035048,4432416123,4443240057 method=shadow-button typed=True screenshot=C:\Users\Admin\PycharmProjects\MercadoApp\bit\跃马扬鞭_BR_loop_20260627_072425_ai_group_26.png
[2026-06-27 07:28:03] SENT group=27/27 ids=6158192696,4421876747,6120674468 method=shadow-button typed=True screenshot=C:\Users\Admin\PycharmProjects\MercadoApp\bit\跃马扬鞭_BR_loop_20260627_072425_ai_group_27.png
[2026-06-27 07:28:03] DONE ids=81 sent_groups=27
[2026-06-27 07:33:22] START window=跃马扬鞭 site=BR
[2026-06-27 07:34:20] COLLECTED ids=81 groups=27
[2026-06-27 07:34:32] SENT group=1/27 ids=6096510794,6782142216,6782116756 method=shadow-button typed=True screenshot=C:\Users\Admin\PycharmProjects\MercadoApp\bit\跃马扬鞭_BR_loop_20260627_073420_ai_group_1.png
[2026-06-27 07:34:40] SENT group=2/27 ids=6158241752,4500278569,4566672579 method=shadow-button typed=True screenshot=C:\Users\Admin\PycharmProjects\MercadoApp\bit\跃马扬鞭_BR_loop_20260627_073420_ai_group_2.png
[2026-06-27 07:34:48] SENT group=3/27 ids=6103901564,6871324606,6870544688 method=shadow-button typed=True screenshot=C:\Users\Admin\PycharmProjects\MercadoApp\bit\跃马扬鞭_BR_loop_20260627_073420_ai_group_3.png
[2026-06-27 07:34:56] SENT group=4/27 ids=6247651816,6823523342,6275596542 method=shadow-button typed=True screenshot=C:\Users\Admin\PycharmProjects\MercadoApp\bit\跃马扬鞭_BR_loop_20260627_073420_ai_group_4.png
[2026-06-27 07:35:04] SENT group=5/27 ids=6816324084,6816092368,6782108752 method=shadow-button typed=True screenshot=C:\Users\Admin\PycharmProjects\MercadoApp\bit\跃马扬鞭_BR_loop_20260627_073420_ai_group_5.png
[2026-06-27 07:35:12] SENT group=6/27 ids=6782086038,6782075896,6107792912 method=shadow-button typed=True screenshot=C:\Users\Admin\PycharmProjects\MercadoApp\bit\跃马扬鞭_BR_loop_20260627_073420_ai_group_6.png
[2026-06-27 07:35:20] SENT group=7/27 ids=6256291768,4385863883,6221601498 method=shadow-button typed=True screenshot=C:\Users\Admin\PycharmProjects\MercadoApp\bit\跃马扬鞭_BR_loop_20260627_073420_ai_group_7.png
[2026-06-27 07:35:28] SENT group=8/27 ids=6207099882,4529976111,6636102802 method=shadow-button typed=True screenshot=C:\Users\Admin\PycharmProjects\MercadoApp\bit\跃马扬鞭_BR_loop_20260627_073420_ai_group_8.png
[2026-06-27 07:35:36] SENT group=9/27 ids=6635994752,6636102844,6636102812 method=shadow-button typed=True screenshot=C:\Users\Admin\PycharmProjects\MercadoApp\bit\跃马扬鞭_BR_loop_20260627_073420_ai_group_9.png
[2026-06-27 07:35:44] SENT group=10/27 ids=6635994722,6636077666,6635994660 method=shadow-button typed=True screenshot=C:\Users\Admin\PycharmProjects\MercadoApp\bit\跃马扬鞭_BR_loop_20260627_073420_ai_group_10.png
[2026-06-27 07:35:52] SENT group=11/27 ids=6636090270,6635994668,6631312950 method=shadow-button typed=True screenshot=C:\Users\Admin\PycharmProjects\MercadoApp\bit\跃马扬鞭_BR_loop_20260627_073420_ai_group_11.png
[2026-06-27 07:35:59] SENT group=12/27 ids=6631421766,4612951769,6631248858 method=shadow-button typed=True screenshot=C:\Users\Admin\PycharmProjects\MercadoApp\bit\跃马扬鞭_BR_loop_20260627_073420_ai_group_12.png
[2026-06-27 07:36:07] SENT group=13/27 ids=6631308762,6631247728,6631308332 method=shadow-button typed=True screenshot=C:\Users\Admin\PycharmProjects\MercadoApp\bit\跃马扬鞭_BR_loop_20260627_073420_ai_group_13.png
[2026-06-27 07:36:15] SENT group=14/27 ids=6631308288,6631247700,6631308208 method=shadow-button typed=True screenshot=C:\Users\Admin\PycharmProjects\MercadoApp\bit\跃马扬鞭_BR_loop_20260627_073420_ai_group_14.png
[2026-06-27 07:36:23] SENT group=15/27 ids=6631144870,4612866923,6631246670 method=shadow-button typed=True screenshot=C:\Users\Admin\PycharmProjects\MercadoApp\bit\跃马扬鞭_BR_loop_20260627_073420_ai_group_15.png
[2026-06-27 07:36:31] SENT group=16/27 ids=4612866887,6631143318,4612866205 method=shadow-button typed=True screenshot=C:\Users\Admin\PycharmProjects\MercadoApp\bit\跃马扬鞭_BR_loop_20260627_073420_ai_group_16.png
[2026-06-27 07:36:39] SENT group=17/27 ids=6631143200,4476953283,4500329799 method=shadow-button typed=True screenshot=C:\Users\Admin\PycharmProjects\MercadoApp\bit\跃马扬鞭_BR_loop_20260627_073420_ai_group_17.png
[2026-06-27 07:36:47] SENT group=18/27 ids=6127671802,6177861432,6107767296 method=shadow-button typed=True screenshot=C:\Users\Admin\PycharmProjects\MercadoApp\bit\跃马扬鞭_BR_loop_20260627_073420_ai_group_18.png
[2026-06-27 07:36:55] SENT group=19/27 ids=6107767340,6120906798,4447701763 method=shadow-button typed=True screenshot=C:\Users\Admin\PycharmProjects\MercadoApp\bit\跃马扬鞭_BR_loop_20260627_073420_ai_group_19.png
[2026-06-27 07:37:03] SENT group=20/27 ids=4381937041,6273419292,6107792788 method=shadow-button typed=True screenshot=C:\Users\Admin\PycharmProjects\MercadoApp\bit\跃马扬鞭_BR_loop_20260627_073420_ai_group_20.png
[2026-06-27 07:37:11] SENT group=21/27 ids=6328307078,4385901999,6107525314 method=shadow-button typed=True screenshot=C:\Users\Admin\PycharmProjects\MercadoApp\bit\跃马扬鞭_BR_loop_20260627_073420_ai_group_21.png
[2026-06-27 07:37:18] SENT group=22/27 ids=4392218123,4447520625,4566699745 method=shadow-button typed=True screenshot=C:\Users\Admin\PycharmProjects\MercadoApp\bit\跃马扬鞭_BR_loop_20260627_073420_ai_group_22.png
[2026-06-27 07:37:26] SENT group=23/27 ids=6530755390,6530656488,4566660187 method=shadow-button typed=True screenshot=C:\Users\Admin\PycharmProjects\MercadoApp\bit\跃马扬鞭_BR_loop_20260627_073420_ai_group_23.png
[2026-06-27 07:37:34] SENT group=24/27 ids=4379405861,4530001545,6275609532 method=shadow-button typed=True screenshot=C:\Users\Admin\PycharmProjects\MercadoApp\bit\跃马扬鞭_BR_loop_20260627_073420_ai_group_24.png
[2026-06-27 07:37:42] SENT group=25/27 ids=6444077292,6443865202,6426073740 method=shadow-button typed=True screenshot=C:\Users\Admin\PycharmProjects\MercadoApp\bit\跃马扬鞭_BR_loop_20260627_073420_ai_group_25.png
[2026-06-27 07:37:50] SENT group=26/27 ids=6087035048,4432416123,4443240057 method=shadow-button typed=True screenshot=C:\Users\Admin\PycharmProjects\MercadoApp\bit\跃马扬鞭_BR_loop_20260627_073420_ai_group_26.png
[2026-06-27 07:37:58] SENT group=27/27 ids=6158192696,4421876747,6120674468 method=shadow-button typed=True screenshot=C:\Users\Admin\PycharmProjects\MercadoApp\bit\跃马扬鞭_BR_loop_20260627_073420_ai_group_27.png
[2026-06-27 07:37:58] DONE ids=81 sent_groups=27
[2026-06-27 07:43:19] START window=跃马扬鞭 site=BR
[2026-06-27 07:44:18] COLLECTED ids=81 groups=27
[2026-06-27 07:44:30] SENT group=1/27 ids=6096510794,6782142216,6782116756 method=shadow-button typed=True screenshot=C:\Users\Admin\PycharmProjects\MercadoApp\bit\跃马扬鞭_BR_loop_20260627_074418_ai_group_1.png
[2026-06-27 07:44:38] SENT group=2/27 ids=6158241752,4500278569,4566672579 method=shadow-button typed=True screenshot=C:\Users\Admin\PycharmProjects\MercadoApp\bit\跃马扬鞭_BR_loop_20260627_074418_ai_group_2.png
[2026-06-27 07:44:45] SENT group=3/27 ids=6103901564,6871324606,6870544688 method=shadow-button typed=True screenshot=C:\Users\Admin\PycharmProjects\MercadoApp\bit\跃马扬鞭_BR_loop_20260627_074418_ai_group_3.png
[2026-06-27 07:44:53] SENT group=4/27 ids=6247651816,6823523342,6275596542 method=shadow-button typed=True screenshot=C:\Users\Admin\PycharmProjects\MercadoApp\bit\跃马扬鞭_BR_loop_20260627_074418_ai_group_4.png
[2026-06-27 07:45:01] SENT group=5/27 ids=6816324084,6816092368,6782108752 method=shadow-button typed=True screenshot=C:\Users\Admin\PycharmProjects\MercadoApp\bit\跃马扬鞭_BR_loop_20260627_074418_ai_group_5.png
[2026-06-27 07:45:09] SENT group=6/27 ids=6782086038,6782075896,6107792912 method=shadow-button typed=True screenshot=C:\Users\Admin\PycharmProjects\MercadoApp\bit\跃马扬鞭_BR_loop_20260627_074418_ai_group_6.png
[2026-06-27 07:45:17] SENT group=7/27 ids=6256291768,4385863883,6221601498 method=shadow-button typed=True screenshot=C:\Users\Admin\PycharmProjects\MercadoApp\bit\跃马扬鞭_BR_loop_20260627_074418_ai_group_7.png
[2026-06-27 07:45:25] SENT group=8/27 ids=6207099882,4529976111,6636102802 method=shadow-button typed=True screenshot=C:\Users\Admin\PycharmProjects\MercadoApp\bit\跃马扬鞭_BR_loop_20260627_074418_ai_group_8.png
[2026-06-27 07:45:33] SENT group=9/27 ids=6635994752,6636102844,6636102812 method=shadow-button typed=True screenshot=C:\Users\Admin\PycharmProjects\MercadoApp\bit\跃马扬鞭_BR_loop_20260627_074418_ai_group_9.png
[2026-06-27 07:45:41] SENT group=10/27 ids=6635994722,6636077666,6635994660 method=shadow-button typed=True screenshot=C:\Users\Admin\PycharmProjects\MercadoApp\bit\跃马扬鞭_BR_loop_20260627_074418_ai_group_10.png
[2026-06-27 07:45:49] SENT group=11/27 ids=6636090270,6635994668,6631312950 method=shadow-button typed=True screenshot=C:\Users\Admin\PycharmProjects\MercadoApp\bit\跃马扬鞭_BR_loop_20260627_074418_ai_group_11.png
[2026-06-27 07:45:57] SENT group=12/27 ids=6631421766,4612951769,6631248858 method=shadow-button typed=True screenshot=C:\Users\Admin\PycharmProjects\MercadoApp\bit\跃马扬鞭_BR_loop_20260627_074418_ai_group_12.png
[2026-06-27 07:46:05] SENT group=13/27 ids=6631308762,6631247728,6631308332 method=shadow-button typed=True screenshot=C:\Users\Admin\PycharmProjects\MercadoApp\bit\跃马扬鞭_BR_loop_20260627_074418_ai_group_13.png
[2026-06-27 07:46:12] SENT group=14/27 ids=6631308288,6631247700,6631308208 method=shadow-button typed=True screenshot=C:\Users\Admin\PycharmProjects\MercadoApp\bit\跃马扬鞭_BR_loop_20260627_074418_ai_group_14.png
[2026-06-27 07:46:21] SENT group=15/27 ids=6631144870,4612866923,6631246670 method=shadow-button typed=True screenshot=C:\Users\Admin\PycharmProjects\MercadoApp\bit\跃马扬鞭_BR_loop_20260627_074418_ai_group_15.png
[2026-06-27 07:46:28] SENT group=16/27 ids=4612866887,6631143318,4612866205 method=shadow-button typed=True screenshot=C:\Users\Admin\PycharmProjects\MercadoApp\bit\跃马扬鞭_BR_loop_20260627_074418_ai_group_16.png
[2026-06-27 07:46:36] SENT group=17/27 ids=6631143200,4476953283,4500329799 method=shadow-button typed=True screenshot=C:\Users\Admin\PycharmProjects\MercadoApp\bit\跃马扬鞭_BR_loop_20260627_074418_ai_group_17.png
[2026-06-27 07:46:44] SENT group=18/27 ids=6127671802,6177861432,6107767296 method=shadow-button typed=True screenshot=C:\Users\Admin\PycharmProjects\MercadoApp\bit\跃马扬鞭_BR_loop_20260627_074418_ai_group_18.png
[2026-06-27 07:46:52] SENT group=19/27 ids=6107767340,6120906798,4447701763 method=shadow-button typed=True screenshot=C:\Users\Admin\PycharmProjects\MercadoApp\bit\跃马扬鞭_BR_loop_20260627_074418_ai_group_19.png
[2026-06-27 07:47:00] SENT group=20/27 ids=4381937041,6273419292,6107792788 method=shadow-button typed=True screenshot=C:\Users\Admin\PycharmProjects\MercadoApp\bit\跃马扬鞭_BR_loop_20260627_074418_ai_group_20.png
[2026-06-27 07:47:08] SENT group=21/27 ids=6328307078,4385901999,6107525314 method=shadow-button typed=True screenshot=C:\Users\Admin\PycharmProjects\MercadoApp\bit\跃马扬鞭_BR_loop_20260627_074418_ai_group_21.png
[2026-06-27 07:47:16] SENT group=22/27 ids=4392218123,4447520625,4566699745 method=shadow-button typed=True screenshot=C:\Users\Admin\PycharmProjects\MercadoApp\bit\跃马扬鞭_BR_loop_20260627_074418_ai_group_22.png
[2026-06-27 07:47:24] SENT group=23/27 ids=6530755390,6530656488,4566660187 method=shadow-button typed=True screenshot=C:\Users\Admin\PycharmProjects\MercadoApp\bit\跃马扬鞭_BR_loop_20260627_074418_ai_group_23.png
[2026-06-27 07:47:32] SENT group=24/27 ids=4379405861,4530001545,6275609532 method=shadow-button typed=True screenshot=C:\Users\Admin\PycharmProjects\MercadoApp\bit\跃马扬鞭_BR_loop_20260627_074418_ai_group_24.png
[2026-06-27 07:47:40] SENT group=25/27 ids=6444077292,6443865202,6426073740 method=shadow-button typed=True screenshot=C:\Users\Admin\PycharmProjects\MercadoApp\bit\跃马扬鞭_BR_loop_20260627_074418_ai_group_25.png
[2026-06-27 07:47:48] SENT group=26/27 ids=6087035048,4432416123,4443240057 method=shadow-button typed=True screenshot=C:\Users\Admin\PycharmProjects\MercadoApp\bit\跃马扬鞭_BR_loop_20260627_074418_ai_group_26.png
[2026-06-27 07:47:55] SENT group=27/27 ids=6158192696,4421876747,6120674468 method=shadow-button typed=True screenshot=C:\Users\Admin\PycharmProjects\MercadoApp\bit\跃马扬鞭_BR_loop_20260627_074418_ai_group_27.png
[2026-06-27 07:47:56] DONE ids=81 sent_groups=27
[2026-06-27 07:53:18] START window=跃马扬鞭 site=BR
[2026-06-27 07:54:17] COLLECTED ids=81 groups=27
[2026-06-27 07:54:29] SENT group=1/27 ids=6096510794,6782142216,6782116756 method=shadow-button typed=True screenshot=C:\Users\Admin\PycharmProjects\MercadoApp\bit\跃马扬鞭_BR_loop_20260627_075417_ai_group_1.png
[2026-06-27 07:54:37] SENT group=2/27 ids=6158241752,4500278569,4566672579 method=shadow-button typed=True screenshot=C:\Users\Admin\PycharmProjects\MercadoApp\bit\跃马扬鞭_BR_loop_20260627_075417_ai_group_2.png
[2026-06-27 07:54:45] SENT group=3/27 ids=6103901564,6871324606,6870544688 method=shadow-button typed=True screenshot=C:\Users\Admin\PycharmProjects\MercadoApp\bit\跃马扬鞭_BR_loop_20260627_075417_ai_group_3.png
[2026-06-27 07:54:53] SENT group=4/27 ids=6247651816,6823523342,6275596542 method=shadow-button typed=True screenshot=C:\Users\Admin\PycharmProjects\MercadoApp\bit\跃马扬鞭_BR_loop_20260627_075417_ai_group_4.png
[2026-06-27 07:55:01] SENT group=5/27 ids=6816324084,6816092368,6782108752 method=shadow-button typed=True screenshot=C:\Users\Admin\PycharmProjects\MercadoApp\bit\跃马扬鞭_BR_loop_20260627_075417_ai_group_5.png
[2026-06-27 07:55:09] SENT group=6/27 ids=6782086038,6782075896,6107792912 method=shadow-button typed=True screenshot=C:\Users\Admin\PycharmProjects\MercadoApp\bit\跃马扬鞭_BR_loop_20260627_075417_ai_group_6.png
[2026-06-27 07:55:17] SENT group=7/27 ids=6256291768,4385863883,6221601498 method=shadow-button typed=True screenshot=C:\Users\Admin\PycharmProjects\MercadoApp\bit\跃马扬鞭_BR_loop_20260627_075417_ai_group_7.png
[2026-06-27 07:55:25] SENT group=8/27 ids=6207099882,4529976111,6636102802 method=shadow-button typed=True screenshot=C:\Users\Admin\PycharmProjects\MercadoApp\bit\跃马扬鞭_BR_loop_20260627_075417_ai_group_8.png
[2026-06-27 07:55:32] SENT group=9/27 ids=6635994752,6636102844,6636102812 method=shadow-button typed=True screenshot=C:\Users\Admin\PycharmProjects\MercadoApp\bit\跃马扬鞭_BR_loop_20260627_075417_ai_group_9.png
[2026-06-27 07:55:40] SENT group=10/27 ids=6635994722,6636077666,6635994660 method=shadow-button typed=True screenshot=C:\Users\Admin\PycharmProjects\MercadoApp\bit\跃马扬鞭_BR_loop_20260627_075417_ai_group_10.png
[2026-06-27 07:55:48] SENT group=11/27 ids=6636090270,6635994668,6631312950 method=shadow-button typed=True screenshot=C:\Users\Admin\PycharmProjects\MercadoApp\bit\跃马扬鞭_BR_loop_20260627_075417_ai_group_11.png
[2026-06-27 07:55:56] SENT group=12/27 ids=6631421766,4612951769,6631248858 method=shadow-button typed=True screenshot=C:\Users\Admin\PycharmProjects\MercadoApp\bit\跃马扬鞭_BR_loop_20260627_075417_ai_group_12.png
[2026-06-27 07:56:04] SENT group=13/27 ids=6631308762,6631247728,6631308332 method=shadow-button typed=True screenshot=C:\Users\Admin\PycharmProjects\MercadoApp\bit\跃马扬鞭_BR_loop_20260627_075417_ai_group_13.png
[2026-06-27 07:56:12] SENT group=14/27 ids=6631308288,6631247700,6631308208 method=shadow-button typed=True screenshot=C:\Users\Admin\PycharmProjects\MercadoApp\bit\跃马扬鞭_BR_loop_20260627_075417_ai_group_14.png
[2026-06-27 07:56:20] SENT group=15/27 ids=6631144870,4612866923,6631246670 method=shadow-button typed=True screenshot=C:\Users\Admin\PycharmProjects\MercadoApp\bit\跃马扬鞭_BR_loop_20260627_075417_ai_group_15.png
[2026-06-27 07:56:28] SENT group=16/27 ids=4612866887,6631143318,4612866205 method=shadow-button typed=True screenshot=C:\Users\Admin\PycharmProjects\MercadoApp\bit\跃马扬鞭_BR_loop_20260627_075417_ai_group_16.png
[2026-06-27 07:56:36] SENT group=17/27 ids=6631143200,4476953283,4500329799 method=shadow-button typed=True screenshot=C:\Users\Admin\PycharmProjects\MercadoApp\bit\跃马扬鞭_BR_loop_20260627_075417_ai_group_17.png
[2026-06-27 07:56:44] SENT group=18/27 ids=6127671802,6177861432,6107767296 method=shadow-button typed=True screenshot=C:\Users\Admin\PycharmProjects\MercadoApp\bit\跃马扬鞭_BR_loop_20260627_075417_ai_group_18.png
[2026-06-27 07:56:52] SENT group=19/27 ids=6107767340,6120906798,4447701763 method=shadow-button typed=True screenshot=C:\Users\Admin\PycharmProjects\MercadoApp\bit\跃马扬鞭_BR_loop_20260627_075417_ai_group_19.png
[2026-06-27 07:57:00] SENT group=20/27 ids=4381937041,6273419292,6107792788 method=shadow-button typed=True screenshot=C:\Users\Admin\PycharmProjects\MercadoApp\bit\跃马扬鞭_BR_loop_20260627_075417_ai_group_20.png
[2026-06-27 07:57:08] SENT group=21/27 ids=6328307078,4385901999,6107525314 method=shadow-button typed=True screenshot=C:\Users\Admin\PycharmProjects\MercadoApp\bit\跃马扬鞭_BR_loop_20260627_075417_ai_group_21.png
[2026-06-27 07:57:16] SENT group=22/27 ids=4392218123,4447520625,4566699745 method=shadow-button typed=True screenshot=C:\Users\Admin\PycharmProjects\MercadoApp\bit\跃马扬鞭_BR_loop_20260627_075417_ai_group_22.png
[2026-06-27 07:57:23] SENT group=23/27 ids=6530755390,6530656488,4566660187 method=shadow-button typed=True screenshot=C:\Users\Admin\PycharmProjects\MercadoApp\bit\跃马扬鞭_BR_loop_20260627_075417_ai_group_23.png
[2026-06-27 07:57:31] SENT group=24/27 ids=4379405861,4530001545,6275609532 method=shadow-button typed=True screenshot=C:\Users\Admin\PycharmProjects\MercadoApp\bit\跃马扬鞭_BR_loop_20260627_075417_ai_group_24.png
[2026-06-27 07:57:39] SENT group=25/27 ids=6444077292,6443865202,6426073740 method=shadow-button typed=True screenshot=C:\Users\Admin\PycharmProjects\MercadoApp\bit\跃马扬鞭_BR_loop_20260627_075417_ai_group_25.png
[2026-06-27 07:57:47] SENT group=26/27 ids=6087035048,4432416123,4443240057 method=shadow-button typed=True screenshot=C:\Users\Admin\PycharmProjects\MercadoApp\bit\跃马扬鞭_BR_loop_20260627_075417_ai_group_26.png
[2026-06-27 07:57:55] SENT group=27/27 ids=6158192696,4421876747,6120674468 method=shadow-button typed=True screenshot=C:\Users\Admin\PycharmProjects\MercadoApp\bit\跃马扬鞭_BR_loop_20260627_075417_ai_group_27.png
[2026-06-27 07:57:55] DONE ids=81 sent_groups=27
[2026-06-27 08:03:22] START window=跃马扬鞭 site=BR
[2026-06-27 08:04:21] COLLECTED ids=81 groups=27
[2026-06-27 08:04:33] SENT group=1/27 ids=6096510794,6782142216,6782116756 method=shadow-button typed=True screenshot=C:\Users\Admin\PycharmProjects\MercadoApp\bit\跃马扬鞭_BR_loop_20260627_080421_ai_group_1.png
[2026-06-27 08:04:40] SENT group=2/27 ids=6158241752,4500278569,4566672579 method=shadow-button typed=True screenshot=C:\Users\Admin\PycharmProjects\MercadoApp\bit\跃马扬鞭_BR_loop_20260627_080421_ai_group_2.png
[2026-06-27 08:04:48] SENT group=3/27 ids=6103901564,6871324606,6870544688 method=shadow-button typed=True screenshot=C:\Users\Admin\PycharmProjects\MercadoApp\bit\跃马扬鞭_BR_loop_20260627_080421_ai_group_3.png
[2026-06-27 08:04:56] SENT group=4/27 ids=6247651816,6823523342,6275596542 method=shadow-button typed=True screenshot=C:\Users\Admin\PycharmProjects\MercadoApp\bit\跃马扬鞭_BR_loop_20260627_080421_ai_group_4.png
[2026-06-27 08:05:04] SENT group=5/27 ids=6816324084,6816092368,6782108752 method=shadow-button typed=True screenshot=C:\Users\Admin\PycharmProjects\MercadoApp\bit\跃马扬鞭_BR_loop_20260627_080421_ai_group_5.png
[2026-06-27 08:05:12] SENT group=6/27 ids=6782086038,6782075896,6107792912 method=shadow-button typed=True screenshot=C:\Users\Admin\PycharmProjects\MercadoApp\bit\跃马扬鞭_BR_loop_20260627_080421_ai_group_6.png
[2026-06-27 08:05:20] SENT group=7/27 ids=6256291768,4385863883,6221601498 method=shadow-button typed=True screenshot=C:\Users\Admin\PycharmProjects\MercadoApp\bit\跃马扬鞭_BR_loop_20260627_080421_ai_group_7.png
[2026-06-27 08:05:28] SENT group=8/27 ids=6207099882,4529976111,6636102802 method=shadow-button typed=True screenshot=C:\Users\Admin\PycharmProjects\MercadoApp\bit\跃马扬鞭_BR_loop_20260627_080421_ai_group_8.png
[2026-06-27 08:05:36] SENT group=9/27 ids=6635994752,6636102844,6636102812 method=shadow-button typed=True screenshot=C:\Users\Admin\PycharmProjects\MercadoApp\bit\跃马扬鞭_BR_loop_20260627_080421_ai_group_9.png
[2026-06-27 08:05:44] SENT group=10/27 ids=6635994722,6636077666,6635994660 method=shadow-button typed=True screenshot=C:\Users\Admin\PycharmProjects\MercadoApp\bit\跃马扬鞭_BR_loop_20260627_080421_ai_group_10.png
[2026-06-27 08:05:52] SENT group=11/27 ids=6636090270,6635994668,6631312950 method=shadow-button typed=True screenshot=C:\Users\Admin\PycharmProjects\MercadoApp\bit\跃马扬鞭_BR_loop_20260627_080421_ai_group_11.png
[2026-06-27 08:06:00] SENT group=12/27 ids=6631421766,4612951769,6631248858 method=shadow-button typed=True screenshot=C:\Users\Admin\PycharmProjects\MercadoApp\bit\跃马扬鞭_BR_loop_20260627_080421_ai_group_12.png
[2026-06-27 08:06:08] SENT group=13/27 ids=6631308762,6631247728,6631308332 method=shadow-button typed=True screenshot=C:\Users\Admin\PycharmProjects\MercadoApp\bit\跃马扬鞭_BR_loop_20260627_080421_ai_group_13.png
[2026-06-27 08:06:16] SENT group=14/27 ids=6631308288,6631247700,6631308208 method=shadow-button typed=True screenshot=C:\Users\Admin\PycharmProjects\MercadoApp\bit\跃马扬鞭_BR_loop_20260627_080421_ai_group_14.png
[2026-06-27 08:06:24] SENT group=15/27 ids=6631144870,4612866923,6631246670 method=shadow-button typed=True screenshot=C:\Users\Admin\PycharmProjects\MercadoApp\bit\跃马扬鞭_BR_loop_20260627_080421_ai_group_15.png
[2026-06-27 08:06:32] SENT group=16/27 ids=4612866887,6631143318,4612866205 method=shadow-button typed=True screenshot=C:\Users\Admin\PycharmProjects\MercadoApp\bit\跃马扬鞭_BR_loop_20260627_080421_ai_group_16.png
[2026-06-27 08:06:40] SENT group=17/27 ids=6631143200,4476953283,4500329799 method=shadow-button typed=True screenshot=C:\Users\Admin\PycharmProjects\MercadoApp\bit\跃马扬鞭_BR_loop_20260627_080421_ai_group_17.png
[2026-06-27 08:06:47] SENT group=18/27 ids=6127671802,6177861432,6107767296 method=shadow-button typed=True screenshot=C:\Users\Admin\PycharmProjects\MercadoApp\bit\跃马扬鞭_BR_loop_20260627_080421_ai_group_18.png
[2026-06-27 08:06:55] SENT group=19/27 ids=6107767340,6120906798,4447701763 method=shadow-button typed=True screenshot=C:\Users\Admin\PycharmProjects\MercadoApp\bit\跃马扬鞭_BR_loop_20260627_080421_ai_group_19.png
[2026-06-27 08:07:03] SENT group=20/27 ids=4381937041,6273419292,6107792788 method=shadow-button typed=True screenshot=C:\Users\Admin\PycharmProjects\MercadoApp\bit\跃马扬鞭_BR_loop_20260627_080421_ai_group_20.png
[2026-06-27 08:07:11] SENT group=21/27 ids=6328307078,4385901999,6107525314 method=shadow-button typed=True screenshot=C:\Users\Admin\PycharmProjects\MercadoApp\bit\跃马扬鞭_BR_loop_20260627_080421_ai_group_21.png
[2026-06-27 08:07:19] SENT group=22/27 ids=4392218123,4447520625,4566699745 method=shadow-button typed=True screenshot=C:\Users\Admin\PycharmProjects\MercadoApp\bit\跃马扬鞭_BR_loop_20260627_080421_ai_group_22.png
[2026-06-27 08:07:27] SENT group=23/27 ids=6530755390,6530656488,4566660187 method=shadow-button typed=True screenshot=C:\Users\Admin\PycharmProjects\MercadoApp\bit\跃马扬鞭_BR_loop_20260627_080421_ai_group_23.png
[2026-06-27 08:07:35] SENT group=24/27 ids=4379405861,4530001545,6275609532 method=shadow-button typed=True screenshot=C:\Users\Admin\PycharmProjects\MercadoApp\bit\跃马扬鞭_BR_loop_20260627_080421_ai_group_24.png
[2026-06-27 08:07:43] SENT group=25/27 ids=6444077292,6443865202,6426073740 method=shadow-button typed=True screenshot=C:\Users\Admin\PycharmProjects\MercadoApp\bit\跃马扬鞭_BR_loop_20260627_080421_ai_group_25.png
[2026-06-27 08:07:51] SENT group=26/27 ids=6087035048,4432416123,4443240057 method=shadow-button typed=True screenshot=C:\Users\Admin\PycharmProjects\MercadoApp\bit\跃马扬鞭_BR_loop_20260627_080421_ai_group_26.png
[2026-06-27 08:07:59] SENT group=27/27 ids=6158192696,4421876747,6120674468 method=shadow-button typed=True screenshot=C:\Users\Admin\PycharmProjects\MercadoApp\bit\跃马扬鞭_BR_loop_20260627_080421_ai_group_27.png
[2026-06-27 08:07:59] DONE ids=81 sent_groups=27
[2026-06-27 08:13:20] START window=跃马扬鞭 site=BR
[2026-06-27 08:14:19] COLLECTED ids=81 groups=27
[2026-06-27 08:14:31] SENT group=1/27 ids=6096510794,6782142216,6782116756 method=shadow-button typed=True screenshot=C:\Users\Admin\PycharmProjects\MercadoApp\bit\跃马扬鞭_BR_loop_20260627_081419_ai_group_1.png
[2026-06-27 08:14:38] SENT group=2/27 ids=6158241752,4500278569,4566672579 method=shadow-button typed=True screenshot=C:\Users\Admin\PycharmProjects\MercadoApp\bit\跃马扬鞭_BR_loop_20260627_081419_ai_group_2.png
[2026-06-27 08:14:46] SENT group=3/27 ids=6103901564,6871324606,6870544688 method=shadow-button typed=True screenshot=C:\Users\Admin\PycharmProjects\MercadoApp\bit\跃马扬鞭_BR_loop_20260627_081419_ai_group_3.png
[2026-06-27 08:14:54] SENT group=4/27 ids=6247651816,6823523342,6275596542 method=shadow-button typed=True screenshot=C:\Users\Admin\PycharmProjects\MercadoApp\bit\跃马扬鞭_BR_loop_20260627_081419_ai_group_4.png
[2026-06-27 08:15:02] SENT group=5/27 ids=6816324084,6816092368,6782108752 method=shadow-button typed=True screenshot=C:\Users\Admin\PycharmProjects\MercadoApp\bit\跃马扬鞭_BR_loop_20260627_081419_ai_group_5.png
[2026-06-27 08:15:10] SENT group=6/27 ids=6782086038,6782075896,6107792912 method=shadow-button typed=True screenshot=C:\Users\Admin\PycharmProjects\MercadoApp\bit\跃马扬鞭_BR_loop_20260627_081419_ai_group_6.png
[2026-06-27 08:15:18] SENT group=7/27 ids=6256291768,4385863883,6221601498 method=shadow-button typed=True screenshot=C:\Users\Admin\PycharmProjects\MercadoApp\bit\跃马扬鞭_BR_loop_20260627_081419_ai_group_7.png
[2026-06-27 08:15:26] SENT group=8/27 ids=6207099882,4529976111,6636102802 method=shadow-button typed=True screenshot=C:\Users\Admin\PycharmProjects\MercadoApp\bit\跃马扬鞭_BR_loop_20260627_081419_ai_group_8.png
[2026-06-27 08:15:34] SENT group=9/27 ids=6635994752,6636102844,6636102812 method=shadow-button typed=True screenshot=C:\Users\Admin\PycharmProjects\MercadoApp\bit\跃马扬鞭_BR_loop_20260627_081419_ai_group_9.png
[2026-06-27 08:15:42] SENT group=10/27 ids=6635994722,6636077666,6635994660 method=shadow-button typed=True screenshot=C:\Users\Admin\PycharmProjects\MercadoApp\bit\跃马扬鞭_BR_loop_20260627_081419_ai_group_10.png
[2026-06-27 08:15:50] SENT group=11/27 ids=6636090270,6635994668,6631312950 method=shadow-button typed=True screenshot=C:\Users\Admin\PycharmProjects\MercadoApp\bit\跃马扬鞭_BR_loop_20260627_081419_ai_group_11.png
[2026-06-27 08:15:58] SENT group=12/27 ids=6631421766,4612951769,6631248858 method=shadow-button typed=True screenshot=C:\Users\Admin\PycharmProjects\MercadoApp\bit\跃马扬鞭_BR_loop_20260627_081419_ai_group_12.png
[2026-06-27 08:16:06] SENT group=13/27 ids=6631308762,6631247728,6631308332 method=shadow-button typed=True screenshot=C:\Users\Admin\PycharmProjects\MercadoApp\bit\跃马扬鞭_BR_loop_20260627_081419_ai_group_13.png
[2026-06-27 08:16:14] SENT group=14/27 ids=6631308288,6631247700,6631308208 method=shadow-button typed=True screenshot=C:\Users\Admin\PycharmProjects\MercadoApp\bit\跃马扬鞭_BR_loop_20260627_081419_ai_group_14.png
[2026-06-27 08:16:21] SENT group=15/27 ids=6631144870,4612866923,6631246670 method=shadow-button typed=True screenshot=C:\Users\Admin\PycharmProjects\MercadoApp\bit\跃马扬鞭_BR_loop_20260627_081419_ai_group_15.png
[2026-06-27 08:16:29] SENT group=16/27 ids=4612866887,6631143318,4612866205 method=shadow-button typed=True screenshot=C:\Users\Admin\PycharmProjects\MercadoApp\bit\跃马扬鞭_BR_loop_20260627_081419_ai_group_16.png
[2026-06-27 08:16:37] SENT group=17/27 ids=6631143200,4476953283,4500329799 method=shadow-button typed=True screenshot=C:\Users\Admin\PycharmProjects\MercadoApp\bit\跃马扬鞭_BR_loop_20260627_081419_ai_group_17.png
[2026-06-27 08:16:45] SENT group=18/27 ids=6127671802,6177861432,6107767296 method=shadow-button typed=True screenshot=C:\Users\Admin\PycharmProjects\MercadoApp\bit\跃马扬鞭_BR_loop_20260627_081419_ai_group_18.png
[2026-06-27 08:16:53] SENT group=19/27 ids=6107767340,6120906798,4447701763 method=shadow-button typed=True screenshot=C:\Users\Admin\PycharmProjects\MercadoApp\bit\跃马扬鞭_BR_loop_20260627_081419_ai_group_19.png
[2026-06-27 08:17:01] SENT group=20/27 ids=4381937041,6273419292,6107792788 method=shadow-button typed=True screenshot=C:\Users\Admin\PycharmProjects\MercadoApp\bit\跃马扬鞭_BR_loop_20260627_081419_ai_group_20.png
[2026-06-27 08:17:09] SENT group=21/27 ids=6328307078,4385901999,6107525314 method=shadow-button typed=True screenshot=C:\Users\Admin\PycharmProjects\MercadoApp\bit\跃马扬鞭_BR_loop_20260627_081419_ai_group_21.png
[2026-06-27 08:17:17] SENT group=22/27 ids=4392218123,4447520625,4566699745 method=shadow-button typed=True screenshot=C:\Users\Admin\PycharmProjects\MercadoApp\bit\跃马扬鞭_BR_loop_20260627_081419_ai_group_22.png
[2026-06-27 08:17:25] SENT group=23/27 ids=6530755390,6530656488,4566660187 method=shadow-button typed=True screenshot=C:\Users\Admin\PycharmProjects\MercadoApp\bit\跃马扬鞭_BR_loop_20260627_081419_ai_group_23.png
[2026-06-27 08:17:33] SENT group=24/27 ids=4379405861,4530001545,6275609532 method=shadow-button typed=True screenshot=C:\Users\Admin\PycharmProjects\MercadoApp\bit\跃马扬鞭_BR_loop_20260627_081419_ai_group_24.png
[2026-06-27 08:17:41] SENT group=25/27 ids=6444077292,6443865202,6426073740 method=shadow-button typed=True screenshot=C:\Users\Admin\PycharmProjects\MercadoApp\bit\跃马扬鞭_BR_loop_20260627_081419_ai_group_25.png
[2026-06-27 08:17:49] SENT group=26/27 ids=6087035048,4432416123,4443240057 method=shadow-button typed=True screenshot=C:\Users\Admin\PycharmProjects\MercadoApp\bit\跃马扬鞭_BR_loop_20260627_081419_ai_group_26.png
[2026-06-27 08:17:57] SENT group=27/27 ids=6158192696,4421876747,6120674468 method=shadow-button typed=True screenshot=C:\Users\Admin\PycharmProjects\MercadoApp\bit\跃马扬鞭_BR_loop_20260627_081419_ai_group_27.png
[2026-06-27 08:17:57] DONE ids=81 sent_groups=27
[2026-06-27 08:23:20] START window=跃马扬鞭 site=BR
[2026-06-27 08:24:19] COLLECTED ids=81 groups=27
[2026-06-27 08:24:31] SENT group=1/27 ids=6096510794,6782142216,6782116756 method=shadow-button typed=True screenshot=C:\Users\Admin\PycharmProjects\MercadoApp\bit\跃马扬鞭_BR_loop_20260627_082419_ai_group_1.png
[2026-06-27 08:24:39] SENT group=2/27 ids=6158241752,4500278569,4566672579 method=shadow-button typed=True screenshot=C:\Users\Admin\PycharmProjects\MercadoApp\bit\跃马扬鞭_BR_loop_20260627_082419_ai_group_2.png
[2026-06-27 08:24:47] SENT group=3/27 ids=6103901564,6871324606,6870544688 method=shadow-button typed=True screenshot=C:\Users\Admin\PycharmProjects\MercadoApp\bit\跃马扬鞭_BR_loop_20260627_082419_ai_group_3.png
[2026-06-27 08:24:54] SENT group=4/27 ids=6247651816,6823523342,6275596542 method=shadow-button typed=True screenshot=C:\Users\Admin\PycharmProjects\MercadoApp\bit\跃马扬鞭_BR_loop_20260627_082419_ai_group_4.png
[2026-06-27 08:25:02] SENT group=5/27 ids=6816324084,6816092368,6782108752 method=shadow-button typed=True screenshot=C:\Users\Admin\PycharmProjects\MercadoApp\bit\跃马扬鞭_BR_loop_20260627_082419_ai_group_5.png
[2026-06-27 08:25:10] SENT group=6/27 ids=6782086038,6782075896,6107792912 method=shadow-button typed=True screenshot=C:\Users\Admin\PycharmProjects\MercadoApp\bit\跃马扬鞭_BR_loop_20260627_082419_ai_group_6.png
[2026-06-27 08:25:18] SENT group=7/27 ids=6256291768,4385863883,6221601498 method=shadow-button typed=True screenshot=C:\Users\Admin\PycharmProjects\MercadoApp\bit\跃马扬鞭_BR_loop_20260627_082419_ai_group_7.png
[2026-06-27 08:25:26] SENT group=8/27 ids=6207099882,4529976111,6636102802 method=shadow-button typed=True screenshot=C:\Users\Admin\PycharmProjects\MercadoApp\bit\跃马扬鞭_BR_loop_20260627_082419_ai_group_8.png
[2026-06-27 08:25:34] SENT group=9/27 ids=6635994752,6636102844,6636102812 method=shadow-button typed=True screenshot=C:\Users\Admin\PycharmProjects\MercadoApp\bit\跃马扬鞭_BR_loop_20260627_082419_ai_group_9.png
[2026-06-27 08:25:42] SENT group=10/27 ids=6635994722,6636077666,6635994660 method=shadow-button typed=True screenshot=C:\Users\Admin\PycharmProjects\MercadoApp\bit\跃马扬鞭_BR_loop_20260627_082419_ai_group_10.png
[2026-06-27 08:25:50] SENT group=11/27 ids=6636090270,6635994668,6631312950 method=shadow-button typed=True screenshot=C:\Users\Admin\PycharmProjects\MercadoApp\bit\跃马扬鞭_BR_loop_20260627_082419_ai_group_11.png
[2026-06-27 08:25:58] SENT group=12/27 ids=6631421766,4612951769,6631248858 method=shadow-button typed=True screenshot=C:\Users\Admin\PycharmProjects\MercadoApp\bit\跃马扬鞭_BR_loop_20260627_082419_ai_group_12.png
[2026-06-27 08:26:06] SENT group=13/27 ids=6631308762,6631247728,6631308332 method=shadow-button typed=True screenshot=C:\Users\Admin\PycharmProjects\MercadoApp\bit\跃马扬鞭_BR_loop_20260627_082419_ai_group_13.png
[2026-06-27 08:26:14] SENT group=14/27 ids=6631308288,6631247700,6631308208 method=shadow-button typed=True screenshot=C:\Users\Admin\PycharmProjects\MercadoApp\bit\跃马扬鞭_BR_loop_20260627_082419_ai_group_14.png
[2026-06-27 08:26:22] SENT group=15/27 ids=6631144870,4612866923,6631246670 method=shadow-button typed=True screenshot=C:\Users\Admin\PycharmProjects\MercadoApp\bit\跃马扬鞭_BR_loop_20260627_082419_ai_group_15.png
[2026-06-27 08:26:30] SENT group=16/27 ids=4612866887,6631143318,4612866205 method=shadow-button typed=True screenshot=C:\Users\Admin\PycharmProjects\MercadoApp\bit\跃马扬鞭_BR_loop_20260627_082419_ai_group_16.png
[2026-06-27 08:26:37] SENT group=17/27 ids=6631143200,4476953283,4500329799 method=shadow-button typed=True screenshot=C:\Users\Admin\PycharmProjects\MercadoApp\bit\跃马扬鞭_BR_loop_20260627_082419_ai_group_17.png
[2026-06-27 08:26:45] SENT group=18/27 ids=6127671802,6177861432,6107767296 method=shadow-button typed=True screenshot=C:\Users\Admin\PycharmProjects\MercadoApp\bit\跃马扬鞭_BR_loop_20260627_082419_ai_group_18.png
[2026-06-27 08:26:53] SENT group=19/27 ids=6107767340,6120906798,4447701763 method=shadow-button typed=True screenshot=C:\Users\Admin\PycharmProjects\MercadoApp\bit\跃马扬鞭_BR_loop_20260627_082419_ai_group_19.png
[2026-06-27 08:27:01] SENT group=20/27 ids=4381937041,6273419292,6107792788 method=shadow-button typed=True screenshot=C:\Users\Admin\PycharmProjects\MercadoApp\bit\跃马扬鞭_BR_loop_20260627_082419_ai_group_20.png
[2026-06-27 08:27:09] SENT group=21/27 ids=6328307078,4385901999,6107525314 method=shadow-button typed=True screenshot=C:\Users\Admin\PycharmProjects\MercadoApp\bit\跃马扬鞭_BR_loop_20260627_082419_ai_group_21.png
[2026-06-27 08:27:17] SENT group=22/27 ids=4392218123,4447520625,4566699745 method=shadow-button typed=True screenshot=C:\Users\Admin\PycharmProjects\MercadoApp\bit\跃马扬鞭_BR_loop_20260627_082419_ai_group_22.png
[2026-06-27 08:27:25] SENT group=23/27 ids=6530755390,6530656488,4566660187 method=shadow-button typed=True screenshot=C:\Users\Admin\PycharmProjects\MercadoApp\bit\跃马扬鞭_BR_loop_20260627_082419_ai_group_23.png
[2026-06-27 08:27:33] SENT group=24/27 ids=4379405861,4530001545,6275609532 method=shadow-button typed=True screenshot=C:\Users\Admin\PycharmProjects\MercadoApp\bit\跃马扬鞭_BR_loop_20260627_082419_ai_group_24.png
[2026-06-27 08:27:41] SENT group=25/27 ids=6444077292,6443865202,6426073740 method=shadow-button typed=True screenshot=C:\Users\Admin\PycharmProjects\MercadoApp\bit\跃马扬鞭_BR_loop_20260627_082419_ai_group_25.png
[2026-06-27 08:27:49] SENT group=26/27 ids=6087035048,4432416123,4443240057 method=shadow-button typed=True screenshot=C:\Users\Admin\PycharmProjects\MercadoApp\bit\跃马扬鞭_BR_loop_20260627_082419_ai_group_26.png
[2026-06-27 08:27:57] SENT group=27/27 ids=6158192696,4421876747,6120674468 method=shadow-button typed=True screenshot=C:\Users\Admin\PycharmProjects\MercadoApp\bit\跃马扬鞭_BR_loop_20260627_082419_ai_group_27.png
[2026-06-27 08:27:57] DONE ids=81 sent_groups=27
[2026-06-27 08:33:20] START window=跃马扬鞭 site=BR
[2026-06-27 08:34:19] COLLECTED ids=81 groups=27
[2026-06-27 08:34:31] SENT group=1/27 ids=6096510794,6782142216,6782116756 method=shadow-button typed=True screenshot=C:\Users\Admin\PycharmProjects\MercadoApp\bit\跃马扬鞭_BR_loop_20260627_083419_ai_group_1.png
[2026-06-27 08:34:39] SENT group=2/27 ids=6158241752,4500278569,4566672579 method=shadow-button typed=True screenshot=C:\Users\Admin\PycharmProjects\MercadoApp\bit\跃马扬鞭_BR_loop_20260627_083419_ai_group_2.png
[2026-06-27 08:34:47] SENT group=3/27 ids=6103901564,6871324606,6870544688 method=shadow-button typed=True screenshot=C:\Users\Admin\PycharmProjects\MercadoApp\bit\跃马扬鞭_BR_loop_20260627_083419_ai_group_3.png
[2026-06-27 08:34:55] SENT group=4/27 ids=6247651816,6823523342,6275596542 method=shadow-button typed=True screenshot=C:\Users\Admin\PycharmProjects\MercadoApp\bit\跃马扬鞭_BR_loop_20260627_083419_ai_group_4.png
[2026-06-27 08:35:03] SENT group=5/27 ids=6816324084,6816092368,6782108752 method=shadow-button typed=True screenshot=C:\Users\Admin\PycharmProjects\MercadoApp\bit\跃马扬鞭_BR_loop_20260627_083419_ai_group_5.png
[2026-06-27 08:35:11] SENT group=6/27 ids=6782086038,6782075896,6107792912 method=shadow-button typed=True screenshot=C:\Users\Admin\PycharmProjects\MercadoApp\bit\跃马扬鞭_BR_loop_20260627_083419_ai_group_6.png
[2026-06-27 08:35:19] SENT group=7/27 ids=6256291768,4385863883,6221601498 method=shadow-button typed=True screenshot=C:\Users\Admin\PycharmProjects\MercadoApp\bit\跃马扬鞭_BR_loop_20260627_083419_ai_group_7.png
[2026-06-27 08:35:27] SENT group=8/27 ids=6207099882,4529976111,6636102802 method=shadow-button typed=True screenshot=C:\Users\Admin\PycharmProjects\MercadoApp\bit\跃马扬鞭_BR_loop_20260627_083419_ai_group_8.png
[2026-06-27 08:35:35] SENT group=9/27 ids=6635994752,6636102844,6636102812 method=shadow-button typed=True screenshot=C:\Users\Admin\PycharmProjects\MercadoApp\bit\跃马扬鞭_BR_loop_20260627_083419_ai_group_9.png
[2026-06-27 08:35:42] SENT group=10/27 ids=6635994722,6636077666,6635994660 method=shadow-button typed=True screenshot=C:\Users\Admin\PycharmProjects\MercadoApp\bit\跃马扬鞭_BR_loop_20260627_083419_ai_group_10.png
[2026-06-27 08:35:50] SENT group=11/27 ids=6636090270,6635994668,6631312950 method=shadow-button typed=True screenshot=C:\Users\Admin\PycharmProjects\MercadoApp\bit\跃马扬鞭_BR_loop_20260627_083419_ai_group_11.png
[2026-06-27 08:35:58] SENT group=12/27 ids=6631421766,4612951769,6631248858 method=shadow-button typed=True screenshot=C:\Users\Admin\PycharmProjects\MercadoApp\bit\跃马扬鞭_BR_loop_20260627_083419_ai_group_12.png
[2026-06-27 08:36:06] SENT group=13/27 ids=6631308762,6631247728,6631308332 method=shadow-button typed=True screenshot=C:\Users\Admin\PycharmProjects\MercadoApp\bit\跃马扬鞭_BR_loop_20260627_083419_ai_group_13.png
[2026-06-27 08:36:14] SENT group=14/27 ids=6631308288,6631247700,6631308208 method=shadow-button typed=True screenshot=C:\Users\Admin\PycharmProjects\MercadoApp\bit\跃马扬鞭_BR_loop_20260627_083419_ai_group_14.png
[2026-06-27 08:36:22] SENT group=15/27 ids=6631144870,4612866923,6631246670 method=shadow-button typed=True screenshot=C:\Users\Admin\PycharmProjects\MercadoApp\bit\跃马扬鞭_BR_loop_20260627_083419_ai_group_15.png
[2026-06-27 08:36:30] SENT group=16/27 ids=4612866887,6631143318,4612866205 method=shadow-button typed=True screenshot=C:\Users\Admin\PycharmProjects\MercadoApp\bit\跃马扬鞭_BR_loop_20260627_083419_ai_group_16.png
[2026-06-27 08:36:38] SENT group=17/27 ids=6631143200,4476953283,4500329799 method=shadow-button typed=True screenshot=C:\Users\Admin\PycharmProjects\MercadoApp\bit\跃马扬鞭_BR_loop_20260627_083419_ai_group_17.png
[2026-06-27 08:36:46] SENT group=18/27 ids=6127671802,6177861432,6107767296 method=shadow-button typed=True screenshot=C:\Users\Admin\PycharmProjects\MercadoApp\bit\跃马扬鞭_BR_loop_20260627_083419_ai_group_18.png
[2026-06-27 08:36:54] SENT group=19/27 ids=6107767340,6120906798,4447701763 method=shadow-button typed=True screenshot=C:\Users\Admin\PycharmProjects\MercadoApp\bit\跃马扬鞭_BR_loop_20260627_083419_ai_group_19.png
[2026-06-27 08:37:02] SENT group=20/27 ids=4381937041,6273419292,6107792788 method=shadow-button typed=True screenshot=C:\Users\Admin\PycharmProjects\MercadoApp\bit\跃马扬鞭_BR_loop_20260627_083419_ai_group_20.png
[2026-06-27 08:37:10] SENT group=21/27 ids=6328307078,4385901999,6107525314 method=shadow-button typed=True screenshot=C:\Users\Admin\PycharmProjects\MercadoApp\bit\跃马扬鞭_BR_loop_20260627_083419_ai_group_21.png
[2026-06-27 08:37:18] SENT group=22/27 ids=4392218123,4447520625,4566699745 method=shadow-button typed=True screenshot=C:\Users\Admin\PycharmProjects\MercadoApp\bit\跃马扬鞭_BR_loop_20260627_083419_ai_group_22.png
[2026-06-27 08:37:26] SENT group=23/27 ids=6530755390,6530656488,4566660187 method=shadow-button typed=True screenshot=C:\Users\Admin\PycharmProjects\MercadoApp\bit\跃马扬鞭_BR_loop_20260627_083419_ai_group_23.png
[2026-06-27 08:37:34] SENT group=24/27 ids=4379405861,4530001545,6275609532 method=shadow-button typed=True screenshot=C:\Users\Admin\PycharmProjects\MercadoApp\bit\跃马扬鞭_BR_loop_20260627_083419_ai_group_24.png
[2026-06-27 08:37:42] SENT group=25/27 ids=6444077292,6443865202,6426073740 method=shadow-button typed=True screenshot=C:\Users\Admin\PycharmProjects\MercadoApp\bit\跃马扬鞭_BR_loop_20260627_083419_ai_group_25.png
[2026-06-27 08:37:49] SENT group=26/27 ids=6087035048,4432416123,4443240057 method=shadow-button typed=True screenshot=C:\Users\Admin\PycharmProjects\MercadoApp\bit\跃马扬鞭_BR_loop_20260627_083419_ai_group_26.png
[2026-06-27 08:37:57] SENT group=27/27 ids=6158192696,4421876747,6120674468 method=shadow-button typed=True screenshot=C:\Users\Admin\PycharmProjects\MercadoApp\bit\跃马扬鞭_BR_loop_20260627_083419_ai_group_27.png
[2026-06-27 08:37:57] DONE ids=81 sent_groups=27
[2026-06-27 08:43:22] START window=跃马扬鞭 site=BR
[2026-06-27 08:44:20] COLLECTED ids=81 groups=27
[2026-06-27 08:44:32] SENT group=1/27 ids=6096510794,6782142216,6782116756 method=shadow-button typed=True screenshot=C:\Users\Admin\PycharmProjects\MercadoApp\bit\跃马扬鞭_BR_loop_20260627_084420_ai_group_1.png
[2026-06-27 08:44:40] SENT group=2/27 ids=6158241752,4500278569,4566672579 method=shadow-button typed=True screenshot=C:\Users\Admin\PycharmProjects\MercadoApp\bit\跃马扬鞭_BR_loop_20260627_084420_ai_group_2.png
[2026-06-27 08:44:48] SENT group=3/27 ids=6103901564,6871324606,6870544688 method=shadow-button typed=True screenshot=C:\Users\Admin\PycharmProjects\MercadoApp\bit\跃马扬鞭_BR_loop_20260627_084420_ai_group_3.png
[2026-06-27 08:44:56] SENT group=4/27 ids=6247651816,6823523342,6275596542 method=shadow-button typed=True screenshot=C:\Users\Admin\PycharmProjects\MercadoApp\bit\跃马扬鞭_BR_loop_20260627_084420_ai_group_4.png
[2026-06-27 08:45:04] SENT group=5/27 ids=6816324084,6816092368,6782108752 method=shadow-button typed=True screenshot=C:\Users\Admin\PycharmProjects\MercadoApp\bit\跃马扬鞭_BR_loop_20260627_084420_ai_group_5.png
[2026-06-27 08:45:12] SENT group=6/27 ids=6782086038,6782075896,6107792912 method=shadow-button typed=True screenshot=C:\Users\Admin\PycharmProjects\MercadoApp\bit\跃马扬鞭_BR_loop_20260627_084420_ai_group_6.png
[2026-06-27 08:45:20] SENT group=7/27 ids=6256291768,4385863883,6221601498 method=shadow-button typed=True screenshot=C:\Users\Admin\PycharmProjects\MercadoApp\bit\跃马扬鞭_BR_loop_20260627_084420_ai_group_7.png
[2026-06-27 08:45:28] SENT group=8/27 ids=6207099882,4529976111,6636102802 method=shadow-button typed=True screenshot=C:\Users\Admin\PycharmProjects\MercadoApp\bit\跃马扬鞭_BR_loop_20260627_084420_ai_group_8.png
[2026-06-27 08:45:36] SENT group=9/27 ids=6635994752,6636102844,6636102812 method=shadow-button typed=True screenshot=C:\Users\Admin\PycharmProjects\MercadoApp\bit\跃马扬鞭_BR_loop_20260627_084420_ai_group_9.png
[2026-06-27 08:45:44] SENT group=10/27 ids=6635994722,6636077666,6635994660 method=shadow-button typed=True screenshot=C:\Users\Admin\PycharmProjects\MercadoApp\bit\跃马扬鞭_BR_loop_20260627_084420_ai_group_10.png
[2026-06-27 08:45:51] SENT group=11/27 ids=6636090270,6635994668,6631312950 method=shadow-button typed=True screenshot=C:\Users\Admin\PycharmProjects\MercadoApp\bit\跃马扬鞭_BR_loop_20260627_084420_ai_group_11.png
[2026-06-27 08:45:59] SENT group=12/27 ids=6631421766,4612951769,6631248858 method=shadow-button typed=True screenshot=C:\Users\Admin\PycharmProjects\MercadoApp\bit\跃马扬鞭_BR_loop_20260627_084420_ai_group_12.png
[2026-06-27 08:46:07] SENT group=13/27 ids=6631308762,6631247728,6631308332 method=shadow-button typed=True screenshot=C:\Users\Admin\PycharmProjects\MercadoApp\bit\跃马扬鞭_BR_loop_20260627_084420_ai_group_13.png
[2026-06-27 08:46:15] SENT group=14/27 ids=6631308288,6631247700,6631308208 method=shadow-button typed=True screenshot=C:\Users\Admin\PycharmProjects\MercadoApp\bit\跃马扬鞭_BR_loop_20260627_084420_ai_group_14.png
[2026-06-27 08:46:23] SENT group=15/27 ids=6631144870,4612866923,6631246670 method=shadow-button typed=True screenshot=C:\Users\Admin\PycharmProjects\MercadoApp\bit\跃马扬鞭_BR_loop_20260627_084420_ai_group_15.png
[2026-06-27 08:46:31] SENT group=16/27 ids=4612866887,6631143318,4612866205 method=shadow-button typed=True screenshot=C:\Users\Admin\PycharmProjects\MercadoApp\bit\跃马扬鞭_BR_loop_20260627_084420_ai_group_16.png
[2026-06-27 08:46:39] SENT group=17/27 ids=6631143200,4476953283,4500329799 method=shadow-button typed=True screenshot=C:\Users\Admin\PycharmProjects\MercadoApp\bit\跃马扬鞭_BR_loop_20260627_084420_ai_group_17.png
[2026-06-27 08:46:47] SENT group=18/27 ids=6127671802,6177861432,6107767296 method=shadow-button typed=True screenshot=C:\Users\Admin\PycharmProjects\MercadoApp\bit\跃马扬鞭_BR_loop_20260627_084420_ai_group_18.png
[2026-06-27 08:46:55] SENT group=19/27 ids=6107767340,6120906798,4447701763 method=shadow-button typed=True screenshot=C:\Users\Admin\PycharmProjects\MercadoApp\bit\跃马扬鞭_BR_loop_20260627_084420_ai_group_19.png
[2026-06-27 08:47:03] SENT group=20/27 ids=4381937041,6273419292,6107792788 method=shadow-button typed=True screenshot=C:\Users\Admin\PycharmProjects\MercadoApp\bit\跃马扬鞭_BR_loop_20260627_084420_ai_group_20.png
[2026-06-27 08:47:11] SENT group=21/27 ids=6328307078,4385901999,6107525314 method=shadow-button typed=True screenshot=C:\Users\Admin\PycharmProjects\MercadoApp\bit\跃马扬鞭_BR_loop_20260627_084420_ai_group_21.png
[2026-06-27 08:47:19] SENT group=22/27 ids=4392218123,4447520625,4566699745 method=shadow-button typed=True screenshot=C:\Users\Admin\PycharmProjects\MercadoApp\bit\跃马扬鞭_BR_loop_20260627_084420_ai_group_22.png
[2026-06-27 08:47:27] SENT group=23/27 ids=6530755390,6530656488,4566660187 method=shadow-button typed=True screenshot=C:\Users\Admin\PycharmProjects\MercadoApp\bit\跃马扬鞭_BR_loop_20260627_084420_ai_group_23.png
[2026-06-27 08:47:35] SENT group=24/27 ids=4379405861,4530001545,6275609532 method=shadow-button typed=True screenshot=C:\Users\Admin\PycharmProjects\MercadoApp\bit\跃马扬鞭_BR_loop_20260627_084420_ai_group_24.png
[2026-06-27 08:47:43] SENT group=25/27 ids=6444077292,6443865202,6426073740 method=shadow-button typed=True screenshot=C:\Users\Admin\PycharmProjects\MercadoApp\bit\跃马扬鞭_BR_loop_20260627_084420_ai_group_25.png
[2026-06-27 08:47:51] SENT group=26/27 ids=6087035048,4432416123,4443240057 method=shadow-button typed=True screenshot=C:\Users\Admin\PycharmProjects\MercadoApp\bit\跃马扬鞭_BR_loop_20260627_084420_ai_group_26.png
[2026-06-27 08:47:58] SENT group=27/27 ids=6158192696,4421876747,6120674468 method=shadow-button typed=True screenshot=C:\Users\Admin\PycharmProjects\MercadoApp\bit\跃马扬鞭_BR_loop_20260627_084420_ai_group_27.png
[2026-06-27 08:47:58] DONE ids=81 sent_groups=27
[2026-06-27 08:53:22] START window=跃马扬鞭 site=BR
[2026-06-27 08:54:20] COLLECTED ids=81 groups=27
[2026-06-27 08:54:32] SENT group=1/27 ids=6096510794,6782142216,6782116756 method=shadow-button typed=True screenshot=C:\Users\Admin\PycharmProjects\MercadoApp\bit\跃马扬鞭_BR_loop_20260627_085420_ai_group_1.png
[2026-06-27 08:54:40] SENT group=2/27 ids=6158241752,4500278569,4566672579 method=shadow-button typed=True screenshot=C:\Users\Admin\PycharmProjects\MercadoApp\bit\跃马扬鞭_BR_loop_20260627_085420_ai_group_2.png
[2026-06-27 08:54:48] SENT group=3/27 ids=6103901564,6871324606,6870544688 method=shadow-button typed=True screenshot=C:\Users\Admin\PycharmProjects\MercadoApp\bit\跃马扬鞭_BR_loop_20260627_085420_ai_group_3.png
[2026-06-27 08:54:56] SENT group=4/27 ids=6247651816,6823523342,6275596542 method=shadow-button typed=True screenshot=C:\Users\Admin\PycharmProjects\MercadoApp\bit\跃马扬鞭_BR_loop_20260627_085420_ai_group_4.png
[2026-06-27 08:55:04] SENT group=5/27 ids=6816324084,6816092368,6782108752 method=shadow-button typed=True screenshot=C:\Users\Admin\PycharmProjects\MercadoApp\bit\跃马扬鞭_BR_loop_20260627_085420_ai_group_5.png
[2026-06-27 08:55:12] SENT group=6/27 ids=6782086038,6782075896,6107792912 method=shadow-button typed=True screenshot=C:\Users\Admin\PycharmProjects\MercadoApp\bit\跃马扬鞭_BR_loop_20260627_085420_ai_group_6.png
[2026-06-27 08:55:20] SENT group=7/27 ids=6256291768,4385863883,6221601498 method=shadow-button typed=True screenshot=C:\Users\Admin\PycharmProjects\MercadoApp\bit\跃马扬鞭_BR_loop_20260627_085420_ai_group_7.png
[2026-06-27 08:55:28] SENT group=8/27 ids=6207099882,4529976111,6636102802 method=shadow-button typed=True screenshot=C:\Users\Admin\PycharmProjects\MercadoApp\bit\跃马扬鞭_BR_loop_20260627_085420_ai_group_8.png
[2026-06-27 08:55:36] SENT group=9/27 ids=6635994752,6636102844,6636102812 method=shadow-button typed=True screenshot=C:\Users\Admin\PycharmProjects\MercadoApp\bit\跃马扬鞭_BR_loop_20260627_085420_ai_group_9.png
[2026-06-27 08:55:44] SENT group=10/27 ids=6635994722,6636077666,6635994660 method=shadow-button typed=True screenshot=C:\Users\Admin\PycharmProjects\MercadoApp\bit\跃马扬鞭_BR_loop_20260627_085420_ai_group_10.png
[2026-06-27 08:55:52] SENT group=11/27 ids=6636090270,6635994668,6631312950 method=shadow-button typed=True screenshot=C:\Users\Admin\PycharmProjects\MercadoApp\bit\跃马扬鞭_BR_loop_20260627_085420_ai_group_11.png
[2026-06-27 08:56:00] SENT group=12/27 ids=6631421766,4612951769,6631248858 method=shadow-button typed=True screenshot=C:\Users\Admin\PycharmProjects\MercadoApp\bit\跃马扬鞭_BR_loop_20260627_085420_ai_group_12.png
[2026-06-27 08:56:08] SENT group=13/27 ids=6631308762,6631247728,6631308332 method=shadow-button typed=True screenshot=C:\Users\Admin\PycharmProjects\MercadoApp\bit\跃马扬鞭_BR_loop_20260627_085420_ai_group_13.png
[2026-06-27 08:56:16] SENT group=14/27 ids=6631308288,6631247700,6631308208 method=shadow-button typed=True screenshot=C:\Users\Admin\PycharmProjects\MercadoApp\bit\跃马扬鞭_BR_loop_20260627_085420_ai_group_14.png
[2026-06-27 08:56:23] SENT group=15/27 ids=6631144870,4612866923,6631246670 method=shadow-button typed=True screenshot=C:\Users\Admin\PycharmProjects\MercadoApp\bit\跃马扬鞭_BR_loop_20260627_085420_ai_group_15.png
[2026-06-27 08:56:31] SENT group=16/27 ids=4612866887,6631143318,4612866205 method=shadow-button typed=True screenshot=C:\Users\Admin\PycharmProjects\MercadoApp\bit\跃马扬鞭_BR_loop_20260627_085420_ai_group_16.png
[2026-06-27 08:56:39] SENT group=17/27 ids=6631143200,4476953283,4500329799 method=shadow-button typed=True screenshot=C:\Users\Admin\PycharmProjects\MercadoApp\bit\跃马扬鞭_BR_loop_20260627_085420_ai_group_17.png
[2026-06-27 08:56:47] SENT group=18/27 ids=6127671802,6177861432,6107767296 method=shadow-button typed=True screenshot=C:\Users\Admin\PycharmProjects\MercadoApp\bit\跃马扬鞭_BR_loop_20260627_085420_ai_group_18.png
[2026-06-27 08:56:55] SENT group=19/27 ids=6107767340,6120906798,4447701763 method=shadow-button typed=True screenshot=C:\Users\Admin\PycharmProjects\MercadoApp\bit\跃马扬鞭_BR_loop_20260627_085420_ai_group_19.png
[2026-06-27 08:57:03] SENT group=20/27 ids=4381937041,6273419292,6107792788 method=shadow-button typed=True screenshot=C:\Users\Admin\PycharmProjects\MercadoApp\bit\跃马扬鞭_BR_loop_20260627_085420_ai_group_20.png
[2026-06-27 08:57:11] SENT group=21/27 ids=6328307078,4385901999,6107525314 method=shadow-button typed=True screenshot=C:\Users\Admin\PycharmProjects\MercadoApp\bit\跃马扬鞭_BR_loop_20260627_085420_ai_group_21.png
[2026-06-27 08:57:19] SENT group=22/27 ids=4392218123,4447520625,4566699745 method=shadow-button typed=True screenshot=C:\Users\Admin\PycharmProjects\MercadoApp\bit\跃马扬鞭_BR_loop_20260627_085420_ai_group_22.png
[2026-06-27 08:57:27] SENT group=23/27 ids=6530755390,6530656488,4566660187 method=shadow-button typed=True screenshot=C:\Users\Admin\PycharmProjects\MercadoApp\bit\跃马扬鞭_BR_loop_20260627_085420_ai_group_23.png
[2026-06-27 08:57:35] SENT group=24/27 ids=4379405861,4530001545,6275609532 method=shadow-button typed=True screenshot=C:\Users\Admin\PycharmProjects\MercadoApp\bit\跃马扬鞭_BR_loop_20260627_085420_ai_group_24.png
[2026-06-27 08:57:43] SENT group=25/27 ids=6444077292,6443865202,6426073740 method=shadow-button typed=True screenshot=C:\Users\Admin\PycharmProjects\MercadoApp\bit\跃马扬鞭_BR_loop_20260627_085420_ai_group_25.png
[2026-06-27 08:57:51] SENT group=26/27 ids=6087035048,4432416123,4443240057 method=shadow-button typed=True screenshot=C:\Users\Admin\PycharmProjects\MercadoApp\bit\跃马扬鞭_BR_loop_20260627_085420_ai_group_26.png
[2026-06-27 08:57:59] SENT group=27/27 ids=6158192696,4421876747,6120674468 method=shadow-button typed=True screenshot=C:\Users\Admin\PycharmProjects\MercadoApp\bit\跃马扬鞭_BR_loop_20260627_085420_ai_group_27.png
[2026-06-27 08:57:59] DONE ids=81 sent_groups=27
[2026-06-27 09:03:20] START window=跃马扬鞭 site=BR
[2026-06-27 09:04:19] COLLECTED ids=81 groups=27
[2026-06-27 09:04:31] SENT group=1/27 ids=6096510794,6782142216,6782116756 method=shadow-button typed=True screenshot=C:\Users\Admin\PycharmProjects\MercadoApp\bit\跃马扬鞭_BR_loop_20260627_090419_ai_group_1.png
[2026-06-27 09:04:39] SENT group=2/27 ids=6158241752,4500278569,4566672579 method=shadow-button typed=True screenshot=C:\Users\Admin\PycharmProjects\MercadoApp\bit\跃马扬鞭_BR_loop_20260627_090419_ai_group_2.png
[2026-06-27 09:04:47] SENT group=3/27 ids=6103901564,6871324606,6870544688 method=shadow-button typed=True screenshot=C:\Users\Admin\PycharmProjects\MercadoApp\bit\跃马扬鞭_BR_loop_20260627_090419_ai_group_3.png
[2026-06-27 09:04:55] SENT group=4/27 ids=6247651816,6823523342,6275596542 method=shadow-button typed=True screenshot=C:\Users\Admin\PycharmProjects\MercadoApp\bit\跃马扬鞭_BR_loop_20260627_090419_ai_group_4.png
[2026-06-27 09:05:03] SENT group=5/27 ids=6816324084,6816092368,6782108752 method=shadow-button typed=True screenshot=C:\Users\Admin\PycharmProjects\MercadoApp\bit\跃马扬鞭_BR_loop_20260627_090419_ai_group_5.png
[2026-06-27 09:05:11] SENT group=6/27 ids=6782086038,6782075896,6107792912 method=shadow-button typed=True screenshot=C:\Users\Admin\PycharmProjects\MercadoApp\bit\跃马扬鞭_BR_loop_20260627_090419_ai_group_6.png
[2026-06-27 09:05:18] SENT group=7/27 ids=6256291768,4385863883,6221601498 method=shadow-button typed=True screenshot=C:\Users\Admin\PycharmProjects\MercadoApp\bit\跃马扬鞭_BR_loop_20260627_090419_ai_group_7.png
[2026-06-27 09:05:27] SENT group=8/27 ids=6207099882,4529976111,6636102802 method=shadow-button typed=True screenshot=C:\Users\Admin\PycharmProjects\MercadoApp\bit\跃马扬鞭_BR_loop_20260627_090419_ai_group_8.png
[2026-06-27 09:05:35] SENT group=9/27 ids=6635994752,6636102844,6636102812 method=shadow-button typed=True screenshot=C:\Users\Admin\PycharmProjects\MercadoApp\bit\跃马扬鞭_BR_loop_20260627_090419_ai_group_9.png
[2026-06-27 09:05:42] SENT group=10/27 ids=6635994722,6636077666,6635994660 method=shadow-button typed=True screenshot=C:\Users\Admin\PycharmProjects\MercadoApp\bit\跃马扬鞭_BR_loop_20260627_090419_ai_group_10.png
[2026-06-27 09:05:50] SENT group=11/27 ids=6636090270,6635994668,6631312950 method=shadow-button typed=True screenshot=C:\Users\Admin\PycharmProjects\MercadoApp\bit\跃马扬鞭_BR_loop_20260627_090419_ai_group_11.png
[2026-06-27 09:05:58] SENT group=12/27 ids=6631421766,4612951769,6631248858 method=shadow-button typed=True screenshot=C:\Users\Admin\PycharmProjects\MercadoApp\bit\跃马扬鞭_BR_loop_20260627_090419_ai_group_12.png
[2026-06-27 09:06:06] SENT group=13/27 ids=6631308762,6631247728,6631308332 method=shadow-button typed=True screenshot=C:\Users\Admin\PycharmProjects\MercadoApp\bit\跃马扬鞭_BR_loop_20260627_090419_ai_group_13.png
[2026-06-27 09:06:14] SENT group=14/27 ids=6631308288,6631247700,6631308208 method=shadow-button typed=True screenshot=C:\Users\Admin\PycharmProjects\MercadoApp\bit\跃马扬鞭_BR_loop_20260627_090419_ai_group_14.png
[2026-06-27 09:06:22] SENT group=15/27 ids=6631144870,4612866923,6631246670 method=shadow-button typed=True screenshot=C:\Users\Admin\PycharmProjects\MercadoApp\bit\跃马扬鞭_BR_loop_20260627_090419_ai_group_15.png
[2026-06-27 09:06:30] SENT group=16/27 ids=4612866887,6631143318,4612866205 method=shadow-button typed=True screenshot=C:\Users\Admin\PycharmProjects\MercadoApp\bit\跃马扬鞭_BR_loop_20260627_090419_ai_group_16.png
[2026-06-27 09:06:38] SENT group=17/27 ids=6631143200,4476953283,4500329799 method=shadow-button typed=True screenshot=C:\Users\Admin\PycharmProjects\MercadoApp\bit\跃马扬鞭_BR_loop_20260627_090419_ai_group_17.png
[2026-06-27 09:06:46] SENT group=18/27 ids=6127671802,6177861432,6107767296 method=shadow-button typed=True screenshot=C:\Users\Admin\PycharmProjects\MercadoApp\bit\跃马扬鞭_BR_loop_20260627_090419_ai_group_18.png
[2026-06-27 09:06:54] SENT group=19/27 ids=6107767340,6120906798,4447701763 method=shadow-button typed=True screenshot=C:\Users\Admin\PycharmProjects\MercadoApp\bit\跃马扬鞭_BR_loop_20260627_090419_ai_group_19.png
[2026-06-27 09:07:02] SENT group=20/27 ids=4381937041,6273419292,6107792788 method=shadow-button typed=True screenshot=C:\Users\Admin\PycharmProjects\MercadoApp\bit\跃马扬鞭_BR_loop_20260627_090419_ai_group_20.png
[2026-06-27 09:07:10] SENT group=21/27 ids=6328307078,4385901999,6107525314 method=shadow-button typed=True screenshot=C:\Users\Admin\PycharmProjects\MercadoApp\bit\跃马扬鞭_BR_loop_20260627_090419_ai_group_21.png
[2026-06-27 09:07:18] SENT group=22/27 ids=4392218123,4447520625,4566699745 method=shadow-button typed=True screenshot=C:\Users\Admin\PycharmProjects\MercadoApp\bit\跃马扬鞭_BR_loop_20260627_090419_ai_group_22.png
[2026-06-27 09:07:26] SENT group=23/27 ids=6530755390,6530656488,4566660187 method=shadow-button typed=True screenshot=C:\Users\Admin\PycharmProjects\MercadoApp\bit\跃马扬鞭_BR_loop_20260627_090419_ai_group_23.png
[2026-06-27 09:07:34] SENT group=24/27 ids=4379405861,4530001545,6275609532 method=shadow-button typed=True screenshot=C:\Users\Admin\PycharmProjects\MercadoApp\bit\跃马扬鞭_BR_loop_20260627_090419_ai_group_24.png
[2026-06-27 09:07:41] SENT group=25/27 ids=6444077292,6443865202,6426073740 method=shadow-button typed=True screenshot=C:\Users\Admin\PycharmProjects\MercadoApp\bit\跃马扬鞭_BR_loop_20260627_090419_ai_group_25.png
[2026-06-27 09:07:49] SENT group=26/27 ids=6087035048,4432416123,4443240057 method=shadow-button typed=True screenshot=C:\Users\Admin\PycharmProjects\MercadoApp\bit\跃马扬鞭_BR_loop_20260627_090419_ai_group_26.png
[2026-06-27 09:07:58] SENT group=27/27 ids=6158192696,4421876747,6120674468 method=shadow-button typed=True screenshot=C:\Users\Admin\PycharmProjects\MercadoApp\bit\跃马扬鞭_BR_loop_20260627_090419_ai_group_27.png
[2026-06-27 09:07:58] DONE ids=81 sent_groups=27
[2026-06-27 09:13:20] START window=跃马扬鞭 site=BR
[2026-06-27 09:14:18] COLLECTED ids=81 groups=27
[2026-06-27 09:14:30] SENT group=1/27 ids=6096510794,6782142216,6782116756 method=shadow-button typed=True screenshot=C:\Users\Admin\PycharmProjects\MercadoApp\bit\跃马扬鞭_BR_loop_20260627_091418_ai_group_1.png
[2026-06-27 09:14:38] SENT group=2/27 ids=6158241752,4500278569,4566672579 method=shadow-button typed=True screenshot=C:\Users\Admin\PycharmProjects\MercadoApp\bit\跃马扬鞭_BR_loop_20260627_091418_ai_group_2.png
[2026-06-27 09:14:45] SENT group=3/27 ids=6103901564,6871324606,6870544688 method=shadow-button typed=True screenshot=C:\Users\Admin\PycharmProjects\MercadoApp\bit\跃马扬鞭_BR_loop_20260627_091418_ai_group_3.png
[2026-06-27 09:14:53] SENT group=4/27 ids=6247651816,6823523342,6275596542 method=shadow-button typed=True screenshot=C:\Users\Admin\PycharmProjects\MercadoApp\bit\跃马扬鞭_BR_loop_20260627_091418_ai_group_4.png
[2026-06-27 09:15:01] SENT group=5/27 ids=6816324084,6816092368,6782108752 method=shadow-button typed=True screenshot=C:\Users\Admin\PycharmProjects\MercadoApp\bit\跃马扬鞭_BR_loop_20260627_091418_ai_group_5.png
[2026-06-27 09:15:09] SENT group=6/27 ids=6782086038,6782075896,6107792912 method=shadow-button typed=True screenshot=C:\Users\Admin\PycharmProjects\MercadoApp\bit\跃马扬鞭_BR_loop_20260627_091418_ai_group_6.png
[2026-06-27 09:15:17] SENT group=7/27 ids=6256291768,4385863883,6221601498 method=shadow-button typed=True screenshot=C:\Users\Admin\PycharmProjects\MercadoApp\bit\跃马扬鞭_BR_loop_20260627_091418_ai_group_7.png
[2026-06-27 09:15:25] SENT group=8/27 ids=6207099882,4529976111,6636102802 method=shadow-button typed=True screenshot=C:\Users\Admin\PycharmProjects\MercadoApp\bit\跃马扬鞭_BR_loop_20260627_091418_ai_group_8.png
[2026-06-27 09:15:33] SENT group=9/27 ids=6635994752,6636102844,6636102812 method=shadow-button typed=True screenshot=C:\Users\Admin\PycharmProjects\MercadoApp\bit\跃马扬鞭_BR_loop_20260627_091418_ai_group_9.png
[2026-06-27 09:15:41] SENT group=10/27 ids=6635994722,6636077666,6635994660 method=shadow-button typed=True screenshot=C:\Users\Admin\PycharmProjects\MercadoApp\bit\跃马扬鞭_BR_loop_20260627_091418_ai_group_10.png
[2026-06-27 09:15:49] SENT group=11/27 ids=6636090270,6635994668,6631312950 method=shadow-button typed=True screenshot=C:\Users\Admin\PycharmProjects\MercadoApp\bit\跃马扬鞭_BR_loop_20260627_091418_ai_group_11.png
[2026-06-27 09:15:57] SENT group=12/27 ids=6631421766,4612951769,6631248858 method=shadow-button typed=True screenshot=C:\Users\Admin\PycharmProjects\MercadoApp\bit\跃马扬鞭_BR_loop_20260627_091418_ai_group_12.png
[2026-06-27 09:16:05] SENT group=13/27 ids=6631308762,6631247728,6631308332 method=shadow-button typed=True screenshot=C:\Users\Admin\PycharmProjects\MercadoApp\bit\跃马扬鞭_BR_loop_20260627_091418_ai_group_13.png
[2026-06-27 09:16:13] SENT group=14/27 ids=6631308288,6631247700,6631308208 method=shadow-button typed=True screenshot=C:\Users\Admin\PycharmProjects\MercadoApp\bit\跃马扬鞭_BR_loop_20260627_091418_ai_group_14.png
[2026-06-27 09:16:21] SENT group=15/27 ids=6631144870,4612866923,6631246670 method=shadow-button typed=True screenshot=C:\Users\Admin\PycharmProjects\MercadoApp\bit\跃马扬鞭_BR_loop_20260627_091418_ai_group_15.png
[2026-06-27 09:16:29] SENT group=16/27 ids=4612866887,6631143318,4612866205 method=shadow-button typed=True screenshot=C:\Users\Admin\PycharmProjects\MercadoApp\bit\跃马扬鞭_BR_loop_20260627_091418_ai_group_16.png
[2026-06-27 09:16:37] SENT group=17/27 ids=6631143200,4476953283,4500329799 method=shadow-button typed=True screenshot=C:\Users\Admin\PycharmProjects\MercadoApp\bit\跃马扬鞭_BR_loop_20260627_091418_ai_group_17.png
[2026-06-27 09:16:45] SENT group=18/27 ids=6127671802,6177861432,6107767296 method=shadow-button typed=True screenshot=C:\Users\Admin\PycharmProjects\MercadoApp\bit\跃马扬鞭_BR_loop_20260627_091418_ai_group_18.png
[2026-06-27 09:16:53] SENT group=19/27 ids=6107767340,6120906798,4447701763 method=shadow-button typed=True screenshot=C:\Users\Admin\PycharmProjects\MercadoApp\bit\跃马扬鞭_BR_loop_20260627_091418_ai_group_19.png
[2026-06-27 09:17:01] SENT group=20/27 ids=4381937041,6273419292,6107792788 method=shadow-button typed=True screenshot=C:\Users\Admin\PycharmProjects\MercadoApp\bit\跃马扬鞭_BR_loop_20260627_091418_ai_group_20.png
[2026-06-27 09:17:09] SENT group=21/27 ids=6328307078,4385901999,6107525314 method=shadow-button typed=True screenshot=C:\Users\Admin\PycharmProjects\MercadoApp\bit\跃马扬鞭_BR_loop_20260627_091418_ai_group_21.png
[2026-06-27 09:17:16] SENT group=22/27 ids=4392218123,4447520625,4566699745 method=shadow-button typed=True screenshot=C:\Users\Admin\PycharmProjects\MercadoApp\bit\跃马扬鞭_BR_loop_20260627_091418_ai_group_22.png
[2026-06-27 09:17:24] SENT group=23/27 ids=6530755390,6530656488,4566660187 method=shadow-button typed=True screenshot=C:\Users\Admin\PycharmProjects\MercadoApp\bit\跃马扬鞭_BR_loop_20260627_091418_ai_group_23.png
[2026-06-27 09:17:32] SENT group=24/27 ids=4379405861,4530001545,6275609532 method=shadow-button typed=True screenshot=C:\Users\Admin\PycharmProjects\MercadoApp\bit\跃马扬鞭_BR_loop_20260627_091418_ai_group_24.png
[2026-06-27 09:17:40] SENT group=25/27 ids=6444077292,6443865202,6426073740 method=shadow-button typed=True screenshot=C:\Users\Admin\PycharmProjects\MercadoApp\bit\跃马扬鞭_BR_loop_20260627_091418_ai_group_25.png
[2026-06-27 09:17:48] SENT group=26/27 ids=6087035048,4432416123,4443240057 method=shadow-button typed=True screenshot=C:\Users\Admin\PycharmProjects\MercadoApp\bit\跃马扬鞭_BR_loop_20260627_091418_ai_group_26.png
[2026-06-27 09:17:56] SENT group=27/27 ids=6158192696,4421876747,6120674468 method=shadow-button typed=True screenshot=C:\Users\Admin\PycharmProjects\MercadoApp\bit\跃马扬鞭_BR_loop_20260627_091418_ai_group_27.png
[2026-06-27 09:17:56] DONE ids=81 sent_groups=27
[2026-06-27 09:23:22] START window=跃马扬鞭 site=BR
[2026-06-27 09:24:22] COLLECTED ids=81 groups=27
[2026-06-27 09:24:34] SENT group=1/27 ids=6096510794,6782142216,6782116756 method=shadow-button typed=True screenshot=C:\Users\Admin\PycharmProjects\MercadoApp\bit\跃马扬鞭_BR_loop_20260627_092422_ai_group_1.png
[2026-06-27 09:24:41] SENT group=2/27 ids=6158241752,4500278569,4566672579 method=shadow-button typed=True screenshot=C:\Users\Admin\PycharmProjects\MercadoApp\bit\跃马扬鞭_BR_loop_20260627_092422_ai_group_2.png
[2026-06-27 09:24:49] SENT group=3/27 ids=6103901564,6871324606,6870544688 method=shadow-button typed=True screenshot=C:\Users\Admin\PycharmProjects\MercadoApp\bit\跃马扬鞭_BR_loop_20260627_092422_ai_group_3.png
[2026-06-27 09:24:57] SENT group=4/27 ids=6247651816,6823523342,6275596542 method=shadow-button typed=True screenshot=C:\Users\Admin\PycharmProjects\MercadoApp\bit\跃马扬鞭_BR_loop_20260627_092422_ai_group_4.png
[2026-06-27 09:25:05] SENT group=5/27 ids=6816324084,6816092368,6782108752 method=shadow-button typed=True screenshot=C:\Users\Admin\PycharmProjects\MercadoApp\bit\跃马扬鞭_BR_loop_20260627_092422_ai_group_5.png
[2026-06-27 09:25:13] SENT group=6/27 ids=6782086038,6782075896,6107792912 method=shadow-button typed=True screenshot=C:\Users\Admin\PycharmProjects\MercadoApp\bit\跃马扬鞭_BR_loop_20260627_092422_ai_group_6.png
[2026-06-27 09:25:21] SENT group=7/27 ids=6256291768,4385863883,6221601498 method=shadow-button typed=True screenshot=C:\Users\Admin\PycharmProjects\MercadoApp\bit\跃马扬鞭_BR_loop_20260627_092422_ai_group_7.png
[2026-06-27 09:25:29] SENT group=8/27 ids=6207099882,4529976111,6636102802 method=shadow-button typed=True screenshot=C:\Users\Admin\PycharmProjects\MercadoApp\bit\跃马扬鞭_BR_loop_20260627_092422_ai_group_8.png
[2026-06-27 09:25:37] SENT group=9/27 ids=6635994752,6636102844,6636102812 method=shadow-button typed=True screenshot=C:\Users\Admin\PycharmProjects\MercadoApp\bit\跃马扬鞭_BR_loop_20260627_092422_ai_group_9.png
[2026-06-27 09:25:45] SENT group=10/27 ids=6635994722,6636077666,6635994660 method=shadow-button typed=True screenshot=C:\Users\Admin\PycharmProjects\MercadoApp\bit\跃马扬鞭_BR_loop_20260627_092422_ai_group_10.png
[2026-06-27 09:25:53] SENT group=11/27 ids=6636090270,6635994668,6631312950 method=shadow-button typed=True screenshot=C:\Users\Admin\PycharmProjects\MercadoApp\bit\跃马扬鞭_BR_loop_20260627_092422_ai_group_11.png
[2026-06-27 09:26:01] SENT group=12/27 ids=6631421766,4612951769,6631248858 method=shadow-button typed=True screenshot=C:\Users\Admin\PycharmProjects\MercadoApp\bit\跃马扬鞭_BR_loop_20260627_092422_ai_group_12.png
[2026-06-27 09:26:09] SENT group=13/27 ids=6631308762,6631247728,6631308332 method=shadow-button typed=True screenshot=C:\Users\Admin\PycharmProjects\MercadoApp\bit\跃马扬鞭_BR_loop_20260627_092422_ai_group_13.png
[2026-06-27 09:26:17] SENT group=14/27 ids=6631308288,6631247700,6631308208 method=shadow-button typed=True screenshot=C:\Users\Admin\PycharmProjects\MercadoApp\bit\跃马扬鞭_BR_loop_20260627_092422_ai_group_14.png
[2026-06-27 09:26:25] SENT group=15/27 ids=6631144870,4612866923,6631246670 method=shadow-button typed=True screenshot=C:\Users\Admin\PycharmProjects\MercadoApp\bit\跃马扬鞭_BR_loop_20260627_092422_ai_group_15.png
[2026-06-27 09:26:33] SENT group=16/27 ids=4612866887,6631143318,4612866205 method=shadow-button typed=True screenshot=C:\Users\Admin\PycharmProjects\MercadoApp\bit\跃马扬鞭_BR_loop_20260627_092422_ai_group_16.png
[2026-06-27 09:26:41] SENT group=17/27 ids=6631143200,4476953283,4500329799 method=shadow-button typed=True screenshot=C:\Users\Admin\PycharmProjects\MercadoApp\bit\跃马扬鞭_BR_loop_20260627_092422_ai_group_17.png
[2026-06-27 09:26:49] SENT group=18/27 ids=6127671802,6177861432,6107767296 method=shadow-button typed=True screenshot=C:\Users\Admin\PycharmProjects\MercadoApp\bit\跃马扬鞭_BR_loop_20260627_092422_ai_group_18.png
[2026-06-27 09:26:56] SENT group=19/27 ids=6107767340,6120906798,4447701763 method=shadow-button typed=True screenshot=C:\Users\Admin\PycharmProjects\MercadoApp\bit\跃马扬鞭_BR_loop_20260627_092422_ai_group_19.png
[2026-06-27 09:27:04] SENT group=20/27 ids=4381937041,6273419292,6107792788 method=shadow-button typed=True screenshot=C:\Users\Admin\PycharmProjects\MercadoApp\bit\跃马扬鞭_BR_loop_20260627_092422_ai_group_20.png
[2026-06-27 09:27:12] SENT group=21/27 ids=6328307078,4385901999,6107525314 method=shadow-button typed=True screenshot=C:\Users\Admin\PycharmProjects\MercadoApp\bit\跃马扬鞭_BR_loop_20260627_092422_ai_group_21.png
[2026-06-27 09:27:20] SENT group=22/27 ids=4392218123,4447520625,4566699745 method=shadow-button typed=True screenshot=C:\Users\Admin\PycharmProjects\MercadoApp\bit\跃马扬鞭_BR_loop_20260627_092422_ai_group_22.png
[2026-06-27 09:27:28] SENT group=23/27 ids=6530755390,6530656488,4566660187 method=shadow-button typed=True screenshot=C:\Users\Admin\PycharmProjects\MercadoApp\bit\跃马扬鞭_BR_loop_20260627_092422_ai_group_23.png
[2026-06-27 09:27:36] SENT group=24/27 ids=4379405861,4530001545,6275609532 method=shadow-button typed=True screenshot=C:\Users\Admin\PycharmProjects\MercadoApp\bit\跃马扬鞭_BR_loop_20260627_092422_ai_group_24.png
[2026-06-27 09:27:44] SENT group=25/27 ids=6444077292,6443865202,6426073740 method=shadow-button typed=True screenshot=C:\Users\Admin\PycharmProjects\MercadoApp\bit\跃马扬鞭_BR_loop_20260627_092422_ai_group_25.png
[2026-06-27 09:27:52] SENT group=26/27 ids=6087035048,4432416123,4443240057 method=shadow-button typed=True screenshot=C:\Users\Admin\PycharmProjects\MercadoApp\bit\跃马扬鞭_BR_loop_20260627_092422_ai_group_26.png
[2026-06-27 09:28:00] SENT group=27/27 ids=6158192696,4421876747,6120674468 method=shadow-button typed=True screenshot=C:\Users\Admin\PycharmProjects\MercadoApp\bit\跃马扬鞭_BR_loop_20260627_092422_ai_group_27.png
[2026-06-27 09:28:00] DONE ids=81 sent_groups=27
[2026-06-27 09:33:24] START window=跃马扬鞭 site=BR
[2026-06-27 09:34:23] COLLECTED ids=81 groups=27
[2026-06-27 09:34:35] SENT group=1/27 ids=6096510794,6782142216,6782116756 method=shadow-button typed=True screenshot=C:\Users\Admin\PycharmProjects\MercadoApp\bit\跃马扬鞭_BR_loop_20260627_093423_ai_group_1.png
[2026-06-27 09:34:43] SENT group=2/27 ids=6158241752,4500278569,4566672579 method=shadow-button typed=True screenshot=C:\Users\Admin\PycharmProjects\MercadoApp\bit\跃马扬鞭_BR_loop_20260627_093423_ai_group_2.png
[2026-06-27 09:34:51] SENT group=3/27 ids=6103901564,6871324606,6870544688 method=shadow-button typed=True screenshot=C:\Users\Admin\PycharmProjects\MercadoApp\bit\跃马扬鞭_BR_loop_20260627_093423_ai_group_3.png
[2026-06-27 09:34:59] SENT group=4/27 ids=6247651816,6823523342,6275596542 method=shadow-button typed=True screenshot=C:\Users\Admin\PycharmProjects\MercadoApp\bit\跃马扬鞭_BR_loop_20260627_093423_ai_group_4.png
[2026-06-27 09:35:07] SENT group=5/27 ids=6816324084,6816092368,6782108752 method=shadow-button typed=True screenshot=C:\Users\Admin\PycharmProjects\MercadoApp\bit\跃马扬鞭_BR_loop_20260627_093423_ai_group_5.png
[2026-06-27 09:35:15] SENT group=6/27 ids=6782086038,6782075896,6107792912 method=shadow-button typed=True screenshot=C:\Users\Admin\PycharmProjects\MercadoApp\bit\跃马扬鞭_BR_loop_20260627_093423_ai_group_6.png
[2026-06-27 09:35:23] SENT group=7/27 ids=6256291768,4385863883,6221601498 method=shadow-button typed=True screenshot=C:\Users\Admin\PycharmProjects\MercadoApp\bit\跃马扬鞭_BR_loop_20260627_093423_ai_group_7.png
[2026-06-27 09:35:31] SENT group=8/27 ids=6207099882,4529976111,6636102802 method=shadow-button typed=True screenshot=C:\Users\Admin\PycharmProjects\MercadoApp\bit\跃马扬鞭_BR_loop_20260627_093423_ai_group_8.png
[2026-06-27 09:35:39] SENT group=9/27 ids=6635994752,6636102844,6636102812 method=shadow-button typed=True screenshot=C:\Users\Admin\PycharmProjects\MercadoApp\bit\跃马扬鞭_BR_loop_20260627_093423_ai_group_9.png
[2026-06-27 09:35:47] SENT group=10/27 ids=6635994722,6636077666,6635994660 method=shadow-button typed=True screenshot=C:\Users\Admin\PycharmProjects\MercadoApp\bit\跃马扬鞭_BR_loop_20260627_093423_ai_group_10.png
[2026-06-27 09:35:55] SENT group=11/27 ids=6636090270,6635994668,6631312950 method=shadow-button typed=True screenshot=C:\Users\Admin\PycharmProjects\MercadoApp\bit\跃马扬鞭_BR_loop_20260627_093423_ai_group_11.png
[2026-06-27 09:36:03] SENT group=12/27 ids=6631421766,4612951769,6631248858 method=shadow-button typed=True screenshot=C:\Users\Admin\PycharmProjects\MercadoApp\bit\跃马扬鞭_BR_loop_20260627_093423_ai_group_12.png
[2026-06-27 09:36:11] SENT group=13/27 ids=6631308762,6631247728,6631308332 method=shadow-button typed=True screenshot=C:\Users\Admin\PycharmProjects\MercadoApp\bit\跃马扬鞭_BR_loop_20260627_093423_ai_group_13.png
[2026-06-27 09:36:19] SENT group=14/27 ids=6631308288,6631247700,6631308208 method=shadow-button typed=True screenshot=C:\Users\Admin\PycharmProjects\MercadoApp\bit\跃马扬鞭_BR_loop_20260627_093423_ai_group_14.png
[2026-06-27 09:36:27] SENT group=15/27 ids=6631144870,4612866923,6631246670 method=shadow-button typed=True screenshot=C:\Users\Admin\PycharmProjects\MercadoApp\bit\跃马扬鞭_BR_loop_20260627_093423_ai_group_15.png
[2026-06-27 09:36:34] SENT group=16/27 ids=4612866887,6631143318,4612866205 method=shadow-button typed=True screenshot=C:\Users\Admin\PycharmProjects\MercadoApp\bit\跃马扬鞭_BR_loop_20260627_093423_ai_group_16.png
[2026-06-27 09:36:42] SENT group=17/27 ids=6631143200,4476953283,4500329799 method=shadow-button typed=True screenshot=C:\Users\Admin\PycharmProjects\MercadoApp\bit\跃马扬鞭_BR_loop_20260627_093423_ai_group_17.png
[2026-06-27 09:36:50] SENT group=18/27 ids=6127671802,6177861432,6107767296 method=shadow-button typed=True screenshot=C:\Users\Admin\PycharmProjects\MercadoApp\bit\跃马扬鞭_BR_loop_20260627_093423_ai_group_18.png
[2026-06-27 09:36:58] SENT group=19/27 ids=6107767340,6120906798,4447701763 method=shadow-button typed=True screenshot=C:\Users\Admin\PycharmProjects\MercadoApp\bit\跃马扬鞭_BR_loop_20260627_093423_ai_group_19.png
[2026-06-27 09:37:06] SENT group=20/27 ids=4381937041,6273419292,6107792788 method=shadow-button typed=True screenshot=C:\Users\Admin\PycharmProjects\MercadoApp\bit\跃马扬鞭_BR_loop_20260627_093423_ai_group_20.png
[2026-06-27 09:37:14] SENT group=21/27 ids=6328307078,4385901999,6107525314 method=shadow-button typed=True screenshot=C:\Users\Admin\PycharmProjects\MercadoApp\bit\跃马扬鞭_BR_loop_20260627_093423_ai_group_21.png
[2026-06-27 09:37:22] SENT group=22/27 ids=4392218123,4447520625,4566699745 method=shadow-button typed=True screenshot=C:\Users\Admin\PycharmProjects\MercadoApp\bit\跃马扬鞭_BR_loop_20260627_093423_ai_group_22.png
[2026-06-27 09:37:30] SENT group=23/27 ids=6530755390,6530656488,4566660187 method=shadow-button typed=True screenshot=C:\Users\Admin\PycharmProjects\MercadoApp\bit\跃马扬鞭_BR_loop_20260627_093423_ai_group_23.png
[2026-06-27 09:37:38] SENT group=24/27 ids=4379405861,4530001545,6275609532 method=shadow-button typed=True screenshot=C:\Users\Admin\PycharmProjects\MercadoApp\bit\跃马扬鞭_BR_loop_20260627_093423_ai_group_24.png
[2026-06-27 09:37:46] SENT group=25/27 ids=6444077292,6443865202,6426073740 method=shadow-button typed=True screenshot=C:\Users\Admin\PycharmProjects\MercadoApp\bit\跃马扬鞭_BR_loop_20260627_093423_ai_group_25.png
[2026-06-27 09:37:54] SENT group=26/27 ids=6087035048,4432416123,4443240057 method=shadow-button typed=True screenshot=C:\Users\Admin\PycharmProjects\MercadoApp\bit\跃马扬鞭_BR_loop_20260627_093423_ai_group_26.png
[2026-06-27 09:38:02] SENT group=27/27 ids=6158192696,4421876747,6120674468 method=shadow-button typed=True screenshot=C:\Users\Admin\PycharmProjects\MercadoApp\bit\跃马扬鞭_BR_loop_20260627_093423_ai_group_27.png
[2026-06-27 09:38:02] DONE ids=81 sent_groups=27
[2026-06-27 09:43:24] START window=跃马扬鞭 site=BR
[2026-06-27 09:44:23] COLLECTED ids=81 groups=27
[2026-06-27 09:44:35] SENT group=1/27 ids=6096510794,6782142216,6782116756 method=shadow-button typed=True screenshot=C:\Users\Admin\PycharmProjects\MercadoApp\bit\跃马扬鞭_BR_loop_20260627_094423_ai_group_1.png
[2026-06-27 09:44:43] SENT group=2/27 ids=6158241752,4500278569,4566672579 method=shadow-button typed=True screenshot=C:\Users\Admin\PycharmProjects\MercadoApp\bit\跃马扬鞭_BR_loop_20260627_094423_ai_group_2.png
[2026-06-27 09:44:51] SENT group=3/27 ids=6103901564,6871324606,6870544688 method=shadow-button typed=True screenshot=C:\Users\Admin\PycharmProjects\MercadoApp\bit\跃马扬鞭_BR_loop_20260627_094423_ai_group_3.png
[2026-06-27 09:44:59] SENT group=4/27 ids=6247651816,6823523342,6275596542 method=shadow-button typed=True screenshot=C:\Users\Admin\PycharmProjects\MercadoApp\bit\跃马扬鞭_BR_loop_20260627_094423_ai_group_4.png
[2026-06-27 09:45:07] SENT group=5/27 ids=6816324084,6816092368,6782108752 method=shadow-button typed=True screenshot=C:\Users\Admin\PycharmProjects\MercadoApp\bit\跃马扬鞭_BR_loop_20260627_094423_ai_group_5.png
[2026-06-27 09:45:15] SENT group=6/27 ids=6782086038,6782075896,6107792912 method=shadow-button typed=True screenshot=C:\Users\Admin\PycharmProjects\MercadoApp\bit\跃马扬鞭_BR_loop_20260627_094423_ai_group_6.png
[2026-06-27 09:45:23] SENT group=7/27 ids=6256291768,4385863883,6221601498 method=shadow-button typed=True screenshot=C:\Users\Admin\PycharmProjects\MercadoApp\bit\跃马扬鞭_BR_loop_20260627_094423_ai_group_7.png
[2026-06-27 09:45:31] SENT group=8/27 ids=6207099882,4529976111,6636102802 method=shadow-button typed=True screenshot=C:\Users\Admin\PycharmProjects\MercadoApp\bit\跃马扬鞭_BR_loop_20260627_094423_ai_group_8.png
[2026-06-27 09:45:39] SENT group=9/27 ids=6635994752,6636102844,6636102812 method=shadow-button typed=True screenshot=C:\Users\Admin\PycharmProjects\MercadoApp\bit\跃马扬鞭_BR_loop_20260627_094423_ai_group_9.png
[2026-06-27 09:45:47] SENT group=10/27 ids=6635994722,6636077666,6635994660 method=shadow-button typed=True screenshot=C:\Users\Admin\PycharmProjects\MercadoApp\bit\跃马扬鞭_BR_loop_20260627_094423_ai_group_10.png
[2026-06-27 09:45:55] SENT group=11/27 ids=6636090270,6635994668,6631312950 method=shadow-button typed=True screenshot=C:\Users\Admin\PycharmProjects\MercadoApp\bit\跃马扬鞭_BR_loop_20260627_094423_ai_group_11.png
[2026-06-27 09:46:03] SENT group=12/27 ids=6631421766,4612951769,6631248858 method=shadow-button typed=True screenshot=C:\Users\Admin\PycharmProjects\MercadoApp\bit\跃马扬鞭_BR_loop_20260627_094423_ai_group_12.png
[2026-06-27 09:46:10] SENT group=13/27 ids=6631308762,6631247728,6631308332 method=shadow-button typed=True screenshot=C:\Users\Admin\PycharmProjects\MercadoApp\bit\跃马扬鞭_BR_loop_20260627_094423_ai_group_13.png
[2026-06-27 09:46:18] SENT group=14/27 ids=6631308288,6631247700,6631308208 method=shadow-button typed=True screenshot=C:\Users\Admin\PycharmProjects\MercadoApp\bit\跃马扬鞭_BR_loop_20260627_094423_ai_group_14.png
[2026-06-27 09:46:26] SENT group=15/27 ids=6631144870,4612866923,6631246670 method=shadow-button typed=True screenshot=C:\Users\Admin\PycharmProjects\MercadoApp\bit\跃马扬鞭_BR_loop_20260627_094423_ai_group_15.png
[2026-06-27 09:46:34] SENT group=16/27 ids=4612866887,6631143318,4612866205 method=shadow-button typed=True screenshot=C:\Users\Admin\PycharmProjects\MercadoApp\bit\跃马扬鞭_BR_loop_20260627_094423_ai_group_16.png
[2026-06-27 09:46:42] SENT group=17/27 ids=6631143200,4476953283,4500329799 method=shadow-button typed=True screenshot=C:\Users\Admin\PycharmProjects\MercadoApp\bit\跃马扬鞭_BR_loop_20260627_094423_ai_group_17.png
[2026-06-27 09:46:50] SENT group=18/27 ids=6127671802,6177861432,6107767296 method=shadow-button typed=True screenshot=C:\Users\Admin\PycharmProjects\MercadoApp\bit\跃马扬鞭_BR_loop_20260627_094423_ai_group_18.png
[2026-06-27 09:46:58] SENT group=19/27 ids=6107767340,6120906798,4447701763 method=shadow-button typed=True screenshot=C:\Users\Admin\PycharmProjects\MercadoApp\bit\跃马扬鞭_BR_loop_20260627_094423_ai_group_19.png
[2026-06-27 09:47:06] SENT group=20/27 ids=4381937041,6273419292,6107792788 method=shadow-button typed=True screenshot=C:\Users\Admin\PycharmProjects\MercadoApp\bit\跃马扬鞭_BR_loop_20260627_094423_ai_group_20.png
[2026-06-27 09:47:14] SENT group=21/27 ids=6328307078,4385901999,6107525314 method=shadow-button typed=True screenshot=C:\Users\Admin\PycharmProjects\MercadoApp\bit\跃马扬鞭_BR_loop_20260627_094423_ai_group_21.png
[2026-06-27 09:47:22] SENT group=22/27 ids=4392218123,4447520625,4566699745 method=shadow-button typed=True screenshot=C:\Users\Admin\PycharmProjects\MercadoApp\bit\跃马扬鞭_BR_loop_20260627_094423_ai_group_22.png
[2026-06-27 09:47:30] SENT group=23/27 ids=6530755390,6530656488,4566660187 method=shadow-button typed=True screenshot=C:\Users\Admin\PycharmProjects\MercadoApp\bit\跃马扬鞭_BR_loop_20260627_094423_ai_group_23.png
[2026-06-27 09:47:38] SENT group=24/27 ids=4379405861,4530001545,6275609532 method=shadow-button typed=True screenshot=C:\Users\Admin\PycharmProjects\MercadoApp\bit\跃马扬鞭_BR_loop_20260627_094423_ai_group_24.png
[2026-06-27 09:47:46] SENT group=25/27 ids=6444077292,6443865202,6426073740 method=shadow-button typed=True screenshot=C:\Users\Admin\PycharmProjects\MercadoApp\bit\跃马扬鞭_BR_loop_20260627_094423_ai_group_25.png
[2026-06-27 09:47:54] SENT group=26/27 ids=6087035048,4432416123,4443240057 method=shadow-button typed=True screenshot=C:\Users\Admin\PycharmProjects\MercadoApp\bit\跃马扬鞭_BR_loop_20260627_094423_ai_group_26.png
[2026-06-27 09:48:02] SENT group=27/27 ids=6158192696,4421876747,6120674468 method=shadow-button typed=True screenshot=C:\Users\Admin\PycharmProjects\MercadoApp\bit\跃马扬鞭_BR_loop_20260627_094423_ai_group_27.png
[2026-06-27 09:48:02] DONE ids=81 sent_groups=27
[2026-06-27 09:53:24] START window=跃马扬鞭 site=BR
[2026-06-27 09:54:22] COLLECTED ids=81 groups=27
[2026-06-27 09:54:34] SENT group=1/27 ids=6096510794,6782142216,6782116756 method=shadow-button typed=True screenshot=C:\Users\Admin\PycharmProjects\MercadoApp\bit\跃马扬鞭_BR_loop_20260627_095422_ai_group_1.png
[2026-06-27 09:54:42] SENT group=2/27 ids=6158241752,4500278569,4566672579 method=shadow-button typed=True screenshot=C:\Users\Admin\PycharmProjects\MercadoApp\bit\跃马扬鞭_BR_loop_20260627_095422_ai_group_2.png
[2026-06-27 09:54:50] SENT group=3/27 ids=6103901564,6871324606,6870544688 method=shadow-button typed=True screenshot=C:\Users\Admin\PycharmProjects\MercadoApp\bit\跃马扬鞭_BR_loop_20260627_095422_ai_group_3.png
[2026-06-27 09:54:58] SENT group=4/27 ids=6247651816,6823523342,6275596542 method=shadow-button typed=True screenshot=C:\Users\Admin\PycharmProjects\MercadoApp\bit\跃马扬鞭_BR_loop_20260627_095422_ai_group_4.png
[2026-06-27 09:55:06] SENT group=5/27 ids=6816324084,6816092368,6782108752 method=shadow-button typed=True screenshot=C:\Users\Admin\PycharmProjects\MercadoApp\bit\跃马扬鞭_BR_loop_20260627_095422_ai_group_5.png
[2026-06-27 09:55:14] SENT group=6/27 ids=6782086038,6782075896,6107792912 method=shadow-button typed=True screenshot=C:\Users\Admin\PycharmProjects\MercadoApp\bit\跃马扬鞭_BR_loop_20260627_095422_ai_group_6.png
[2026-06-27 09:55:22] SENT group=7/27 ids=6256291768,4385863883,6221601498 method=shadow-button typed=True screenshot=C:\Users\Admin\PycharmProjects\MercadoApp\bit\跃马扬鞭_BR_loop_20260627_095422_ai_group_7.png
[2026-06-27 09:55:29] SENT group=8/27 ids=6207099882,4529976111,6636102802 method=shadow-button typed=True screenshot=C:\Users\Admin\PycharmProjects\MercadoApp\bit\跃马扬鞭_BR_loop_20260627_095422_ai_group_8.png
[2026-06-27 09:55:37] SENT group=9/27 ids=6635994752,6636102844,6636102812 method=shadow-button typed=True screenshot=C:\Users\Admin\PycharmProjects\MercadoApp\bit\跃马扬鞭_BR_loop_20260627_095422_ai_group_9.png
[2026-06-27 09:55:45] SENT group=10/27 ids=6635994722,6636077666,6635994660 method=shadow-button typed=True screenshot=C:\Users\Admin\PycharmProjects\MercadoApp\bit\跃马扬鞭_BR_loop_20260627_095422_ai_group_10.png
[2026-06-27 09:55:53] SENT group=11/27 ids=6636090270,6635994668,6631312950 method=shadow-button typed=True screenshot=C:\Users\Admin\PycharmProjects\MercadoApp\bit\跃马扬鞭_BR_loop_20260627_095422_ai_group_11.png
[2026-06-27 09:56:01] SENT group=12/27 ids=6631421766,4612951769,6631248858 method=shadow-button typed=True screenshot=C:\Users\Admin\PycharmProjects\MercadoApp\bit\跃马扬鞭_BR_loop_20260627_095422_ai_group_12.png
[2026-06-27 09:56:09] SENT group=13/27 ids=6631308762,6631247728,6631308332 method=shadow-button typed=True screenshot=C:\Users\Admin\PycharmProjects\MercadoApp\bit\跃马扬鞭_BR_loop_20260627_095422_ai_group_13.png
[2026-06-27 09:56:17] SENT group=14/27 ids=6631308288,6631247700,6631308208 method=shadow-button typed=True screenshot=C:\Users\Admin\PycharmProjects\MercadoApp\bit\跃马扬鞭_BR_loop_20260627_095422_ai_group_14.png
[2026-06-27 09:56:25] SENT group=15/27 ids=6631144870,4612866923,6631246670 method=shadow-button typed=True screenshot=C:\Users\Admin\PycharmProjects\MercadoApp\bit\跃马扬鞭_BR_loop_20260627_095422_ai_group_15.png
[2026-06-27 09:56:33] SENT group=16/27 ids=4612866887,6631143318,4612866205 method=shadow-button typed=True screenshot=C:\Users\Admin\PycharmProjects\MercadoApp\bit\跃马扬鞭_BR_loop_20260627_095422_ai_group_16.png
[2026-06-27 09:56:41] SENT group=17/27 ids=6631143200,4476953283,4500329799 method=shadow-button typed=True screenshot=C:\Users\Admin\PycharmProjects\MercadoApp\bit\跃马扬鞭_BR_loop_20260627_095422_ai_group_17.png
[2026-06-27 09:56:49] SENT group=18/27 ids=6127671802,6177861432,6107767296 method=shadow-button typed=True screenshot=C:\Users\Admin\PycharmProjects\MercadoApp\bit\跃马扬鞭_BR_loop_20260627_095422_ai_group_18.png
[2026-06-27 09:56:57] SENT group=19/27 ids=6107767340,6120906798,4447701763 method=shadow-button typed=True screenshot=C:\Users\Admin\PycharmProjects\MercadoApp\bit\跃马扬鞭_BR_loop_20260627_095422_ai_group_19.png
[2026-06-27 09:57:05] SENT group=20/27 ids=4381937041,6273419292,6107792788 method=shadow-button typed=True screenshot=C:\Users\Admin\PycharmProjects\MercadoApp\bit\跃马扬鞭_BR_loop_20260627_095422_ai_group_20.png
[2026-06-27 09:57:13] SENT group=21/27 ids=6328307078,4385901999,6107525314 method=shadow-button typed=True screenshot=C:\Users\Admin\PycharmProjects\MercadoApp\bit\跃马扬鞭_BR_loop_20260627_095422_ai_group_21.png
[2026-06-27 09:57:21] SENT group=22/27 ids=4392218123,4447520625,4566699745 method=shadow-button typed=True screenshot=C:\Users\Admin\PycharmProjects\MercadoApp\bit\跃马扬鞭_BR_loop_20260627_095422_ai_group_22.png
[2026-06-27 09:57:29] SENT group=23/27 ids=6530755390,6530656488,4566660187 method=shadow-button typed=True screenshot=C:\Users\Admin\PycharmProjects\MercadoApp\bit\跃马扬鞭_BR_loop_20260627_095422_ai_group_23.png
[2026-06-27 09:57:37] SENT group=24/27 ids=4379405861,4530001545,6275609532 method=shadow-button typed=True screenshot=C:\Users\Admin\PycharmProjects\MercadoApp\bit\跃马扬鞭_BR_loop_20260627_095422_ai_group_24.png
[2026-06-27 09:57:45] SENT group=25/27 ids=6444077292,6443865202,6426073740 method=shadow-button typed=True screenshot=C:\Users\Admin\PycharmProjects\MercadoApp\bit\跃马扬鞭_BR_loop_20260627_095422_ai_group_25.png
[2026-06-27 09:57:52] SENT group=26/27 ids=6087035048,4432416123,4443240057 method=shadow-button typed=True screenshot=C:\Users\Admin\PycharmProjects\MercadoApp\bit\跃马扬鞭_BR_loop_20260627_095422_ai_group_26.png
[2026-06-27 09:58:00] SENT group=27/27 ids=6158192696,4421876747,6120674468 method=shadow-button typed=True screenshot=C:\Users\Admin\PycharmProjects\MercadoApp\bit\跃马扬鞭_BR_loop_20260627_095422_ai_group_27.png
[2026-06-27 09:58:00] DONE ids=81 sent_groups=27
[2026-06-27 10:04:13] START window=跃马扬鞭 site=BR
[2026-06-27 10:05:12] COLLECTED ids=81 groups=27
[2026-06-27 10:05:24] SENT group=1/27 ids=6096510794,6782142216,6782116756 method=shadow-button typed=True screenshot=C:\Users\Admin\PycharmProjects\MercadoApp\bit\跃马扬鞭_BR_loop_20260627_100512_ai_group_1.png
[2026-06-27 10:05:32] SENT group=2/27 ids=6158241752,4500278569,4566672579 method=shadow-button typed=True screenshot=C:\Users\Admin\PycharmProjects\MercadoApp\bit\跃马扬鞭_BR_loop_20260627_100512_ai_group_2.png
[2026-06-27 10:05:40] SENT group=3/27 ids=6103901564,6871324606,6870544688 method=shadow-button typed=True screenshot=C:\Users\Admin\PycharmProjects\MercadoApp\bit\跃马扬鞭_BR_loop_20260627_100512_ai_group_3.png
[2026-06-27 10:05:48] SENT group=4/27 ids=6247651816,6823523342,6275596542 method=shadow-button typed=True screenshot=C:\Users\Admin\PycharmProjects\MercadoApp\bit\跃马扬鞭_BR_loop_20260627_100512_ai_group_4.png
[2026-06-27 10:05:56] SENT group=5/27 ids=6816324084,6816092368,6782108752 method=shadow-button typed=True screenshot=C:\Users\Admin\PycharmProjects\MercadoApp\bit\跃马扬鞭_BR_loop_20260627_100512_ai_group_5.png
[2026-06-27 10:06:03] SENT group=6/27 ids=6782086038,6782075896,6107792912 method=shadow-button typed=True screenshot=C:\Users\Admin\PycharmProjects\MercadoApp\bit\跃马扬鞭_BR_loop_20260627_100512_ai_group_6.png
[2026-06-27 10:06:11] SENT group=7/27 ids=6256291768,4385863883,6221601498 method=shadow-button typed=True screenshot=C:\Users\Admin\PycharmProjects\MercadoApp\bit\跃马扬鞭_BR_loop_20260627_100512_ai_group_7.png
[2026-06-27 10:06:19] SENT group=8/27 ids=6207099882,4529976111,6636102802 method=shadow-button typed=True screenshot=C:\Users\Admin\PycharmProjects\MercadoApp\bit\跃马扬鞭_BR_loop_20260627_100512_ai_group_8.png
[2026-06-27 10:06:27] SENT group=9/27 ids=6635994752,6636102844,6636102812 method=shadow-button typed=True screenshot=C:\Users\Admin\PycharmProjects\MercadoApp\bit\跃马扬鞭_BR_loop_20260627_100512_ai_group_9.png
[2026-06-27 10:06:35] SENT group=10/27 ids=6635994722,6636077666,6635994660 method=shadow-button typed=True screenshot=C:\Users\Admin\PycharmProjects\MercadoApp\bit\跃马扬鞭_BR_loop_20260627_100512_ai_group_10.png
[2026-06-27 10:06:43] SENT group=11/27 ids=6636090270,6635994668,6631312950 method=shadow-button typed=True screenshot=C:\Users\Admin\PycharmProjects\MercadoApp\bit\跃马扬鞭_BR_loop_20260627_100512_ai_group_11.png
[2026-06-27 10:06:51] SENT group=12/27 ids=6631421766,4612951769,6631248858 method=shadow-button typed=True screenshot=C:\Users\Admin\PycharmProjects\MercadoApp\bit\跃马扬鞭_BR_loop_20260627_100512_ai_group_12.png
[2026-06-27 10:06:59] SENT group=13/27 ids=6631308762,6631247728,6631308332 method=shadow-button typed=True screenshot=C:\Users\Admin\PycharmProjects\MercadoApp\bit\跃马扬鞭_BR_loop_20260627_100512_ai_group_13.png
[2026-06-27 10:07:07] SENT group=14/27 ids=6631308288,6631247700,6631308208 method=shadow-button typed=True screenshot=C:\Users\Admin\PycharmProjects\MercadoApp\bit\跃马扬鞭_BR_loop_20260627_100512_ai_group_14.png
[2026-06-27 10:07:15] SENT group=15/27 ids=6631144870,4612866923,6631246670 method=shadow-button typed=True screenshot=C:\Users\Admin\PycharmProjects\MercadoApp\bit\跃马扬鞭_BR_loop_20260627_100512_ai_group_15.png
[2026-06-27 10:07:23] SENT group=16/27 ids=4612866887,6631143318,4612866205 method=shadow-button typed=True screenshot=C:\Users\Admin\PycharmProjects\MercadoApp\bit\跃马扬鞭_BR_loop_20260627_100512_ai_group_16.png
[2026-06-27 10:07:31] SENT group=17/27 ids=6631143200,4476953283,4500329799 method=shadow-button typed=True screenshot=C:\Users\Admin\PycharmProjects\MercadoApp\bit\跃马扬鞭_BR_loop_20260627_100512_ai_group_17.png
[2026-06-27 10:07:39] SENT group=18/27 ids=6127671802,6177861432,6107767296 method=shadow-button typed=True screenshot=C:\Users\Admin\PycharmProjects\MercadoApp\bit\跃马扬鞭_BR_loop_20260627_100512_ai_group_18.png
[2026-06-27 10:07:47] SENT group=19/27 ids=6107767340,6120906798,4447701763 method=shadow-button typed=True screenshot=C:\Users\Admin\PycharmProjects\MercadoApp\bit\跃马扬鞭_BR_loop_20260627_100512_ai_group_19.png
[2026-06-27 10:07:55] SENT group=20/27 ids=4381937041,6273419292,6107792788 method=shadow-button typed=True screenshot=C:\Users\Admin\PycharmProjects\MercadoApp\bit\跃马扬鞭_BR_loop_20260627_100512_ai_group_20.png
[2026-06-27 10:08:02] SENT group=21/27 ids=6328307078,4385901999,6107525314 method=shadow-button typed=True screenshot=C:\Users\Admin\PycharmProjects\MercadoApp\bit\跃马扬鞭_BR_loop_20260627_100512_ai_group_21.png
[2026-06-27 10:08:10] SENT group=22/27 ids=4392218123,4447520625,4566699745 method=shadow-button typed=True screenshot=C:\Users\Admin\PycharmProjects\MercadoApp\bit\跃马扬鞭_BR_loop_20260627_100512_ai_group_22.png
[2026-06-27 10:08:19] SENT group=23/27 ids=6530755390,6530656488,4566660187 method=shadow-button typed=True screenshot=C:\Users\Admin\PycharmProjects\MercadoApp\bit\跃马扬鞭_BR_loop_20260627_100512_ai_group_23.png
[2026-06-27 10:08:27] SENT group=24/27 ids=4379405861,4530001545,6275609532 method=shadow-button typed=True screenshot=C:\Users\Admin\PycharmProjects\MercadoApp\bit\跃马扬鞭_BR_loop_20260627_100512_ai_group_24.png
[2026-06-27 10:08:34] SENT group=25/27 ids=6444077292,6443865202,6426073740 method=shadow-button typed=True screenshot=C:\Users\Admin\PycharmProjects\MercadoApp\bit\跃马扬鞭_BR_loop_20260627_100512_ai_group_25.png
[2026-06-27 10:08:42] SENT group=26/27 ids=6087035048,4432416123,4443240057 method=shadow-button typed=True screenshot=C:\Users\Admin\PycharmProjects\MercadoApp\bit\跃马扬鞭_BR_loop_20260627_100512_ai_group_26.png
[2026-06-27 10:08:50] SENT group=27/27 ids=6158192696,4421876747,6120674468 method=shadow-button typed=True screenshot=C:\Users\Admin\PycharmProjects\MercadoApp\bit\跃马扬鞭_BR_loop_20260627_100512_ai_group_27.png
[2026-06-27 10:08:50] DONE ids=81 sent_groups=27
[2026-06-27 10:13:20] START window=跃马扬鞭 site=BR
[2026-06-27 10:14:18] COLLECTED ids=81 groups=27
[2026-06-27 10:14:30] SENT group=1/27 ids=6096510794,6782142216,6782116756 method=shadow-button typed=True screenshot=C:\Users\Admin\PycharmProjects\MercadoApp\bit\跃马扬鞭_BR_loop_20260627_101418_ai_group_1.png
[2026-06-27 10:14:38] SENT group=2/27 ids=6158241752,4500278569,4566672579 method=shadow-button typed=True screenshot=C:\Users\Admin\PycharmProjects\MercadoApp\bit\跃马扬鞭_BR_loop_20260627_101418_ai_group_2.png
[2026-06-27 10:14:46] SENT group=3/27 ids=6103901564,6871324606,6870544688 method=shadow-button typed=True screenshot=C:\Users\Admin\PycharmProjects\MercadoApp\bit\跃马扬鞭_BR_loop_20260627_101418_ai_group_3.png
[2026-06-27 10:14:53] SENT group=4/27 ids=6247651816,6823523342,6275596542 method=shadow-button typed=True screenshot=C:\Users\Admin\PycharmProjects\MercadoApp\bit\跃马扬鞭_BR_loop_20260627_101418_ai_group_4.png
[2026-06-27 10:15:01] SENT group=5/27 ids=6816324084,6816092368,6782108752 method=shadow-button typed=True screenshot=C:\Users\Admin\PycharmProjects\MercadoApp\bit\跃马扬鞭_BR_loop_20260627_101418_ai_group_5.png
[2026-06-27 10:15:09] SENT group=6/27 ids=6782086038,6782075896,6107792912 method=shadow-button typed=True screenshot=C:\Users\Admin\PycharmProjects\MercadoApp\bit\跃马扬鞭_BR_loop_20260627_101418_ai_group_6.png
[2026-06-27 10:15:17] SENT group=7/27 ids=6256291768,4385863883,6221601498 method=shadow-button typed=True screenshot=C:\Users\Admin\PycharmProjects\MercadoApp\bit\跃马扬鞭_BR_loop_20260627_101418_ai_group_7.png
[2026-06-27 10:15:25] SENT group=8/27 ids=6207099882,4529976111,6636102802 method=shadow-button typed=True screenshot=C:\Users\Admin\PycharmProjects\MercadoApp\bit\跃马扬鞭_BR_loop_20260627_101418_ai_group_8.png
[2026-06-27 10:15:33] SENT group=9/27 ids=6635994752,6636102844,6636102812 method=shadow-button typed=True screenshot=C:\Users\Admin\PycharmProjects\MercadoApp\bit\跃马扬鞭_BR_loop_20260627_101418_ai_group_9.png
[2026-06-27 10:15:41] SENT group=10/27 ids=6635994722,6636077666,6635994660 method=shadow-button typed=True screenshot=C:\Users\Admin\PycharmProjects\MercadoApp\bit\跃马扬鞭_BR_loop_20260627_101418_ai_group_10.png
[2026-06-27 10:15:49] SENT group=11/27 ids=6636090270,6635994668,6631312950 method=shadow-button typed=True screenshot=C:\Users\Admin\PycharmProjects\MercadoApp\bit\跃马扬鞭_BR_loop_20260627_101418_ai_group_11.png
[2026-06-27 10:15:57] SENT group=12/27 ids=6631421766,4612951769,6631248858 method=shadow-button typed=True screenshot=C:\Users\Admin\PycharmProjects\MercadoApp\bit\跃马扬鞭_BR_loop_20260627_101418_ai_group_12.png
[2026-06-27 10:16:05] SENT group=13/27 ids=6631308762,6631247728,6631308332 method=shadow-button typed=True screenshot=C:\Users\Admin\PycharmProjects\MercadoApp\bit\跃马扬鞭_BR_loop_20260627_101418_ai_group_13.png
[2026-06-27 10:16:13] SENT group=14/27 ids=6631308288,6631247700,6631308208 method=shadow-button typed=True screenshot=C:\Users\Admin\PycharmProjects\MercadoApp\bit\跃马扬鞭_BR_loop_20260627_101418_ai_group_14.png
[2026-06-27 10:16:21] SENT group=15/27 ids=6631144870,4612866923,6631246670 method=shadow-button typed=True screenshot=C:\Users\Admin\PycharmProjects\MercadoApp\bit\跃马扬鞭_BR_loop_20260627_101418_ai_group_15.png
[2026-06-27 10:16:29] SENT group=16/27 ids=4612866887,6631143318,4612866205 method=shadow-button typed=True screenshot=C:\Users\Admin\PycharmProjects\MercadoApp\bit\跃马扬鞭_BR_loop_20260627_101418_ai_group_16.png
[2026-06-27 10:16:37] SENT group=17/27 ids=6631143200,4476953283,4500329799 method=shadow-button typed=True screenshot=C:\Users\Admin\PycharmProjects\MercadoApp\bit\跃马扬鞭_BR_loop_20260627_101418_ai_group_17.png
[2026-06-27 10:16:45] SENT group=18/27 ids=6127671802,6177861432,6107767296 method=shadow-button typed=True screenshot=C:\Users\Admin\PycharmProjects\MercadoApp\bit\跃马扬鞭_BR_loop_20260627_101418_ai_group_18.png
[2026-06-27 10:16:53] SENT group=19/27 ids=6107767340,6120906798,4447701763 method=shadow-button typed=True screenshot=C:\Users\Admin\PycharmProjects\MercadoApp\bit\跃马扬鞭_BR_loop_20260627_101418_ai_group_19.png
[2026-06-27 10:17:01] SENT group=20/27 ids=4381937041,6273419292,6107792788 method=shadow-button typed=True screenshot=C:\Users\Admin\PycharmProjects\MercadoApp\bit\跃马扬鞭_BR_loop_20260627_101418_ai_group_20.png
[2026-06-27 10:17:09] SENT group=21/27 ids=6328307078,4385901999,6107525314 method=shadow-button typed=True screenshot=C:\Users\Admin\PycharmProjects\MercadoApp\bit\跃马扬鞭_BR_loop_20260627_101418_ai_group_21.png
[2026-06-27 10:17:17] SENT group=22/27 ids=4392218123,4447520625,4566699745 method=shadow-button typed=True screenshot=C:\Users\Admin\PycharmProjects\MercadoApp\bit\跃马扬鞭_BR_loop_20260627_101418_ai_group_22.png
[2026-06-27 10:17:25] SENT group=23/27 ids=6530755390,6530656488,4566660187 method=shadow-button typed=True screenshot=C:\Users\Admin\PycharmProjects\MercadoApp\bit\跃马扬鞭_BR_loop_20260627_101418_ai_group_23.png
[2026-06-27 10:17:32] SENT group=24/27 ids=4379405861,4530001545,6275609532 method=shadow-button typed=True screenshot=C:\Users\Admin\PycharmProjects\MercadoApp\bit\跃马扬鞭_BR_loop_20260627_101418_ai_group_24.png
[2026-06-27 10:17:40] SENT group=25/27 ids=6444077292,6443865202,6426073740 method=shadow-button typed=True screenshot=C:\Users\Admin\PycharmProjects\MercadoApp\bit\跃马扬鞭_BR_loop_20260627_101418_ai_group_25.png
[2026-06-27 10:17:48] SENT group=26/27 ids=6087035048,4432416123,4443240057 method=shadow-button typed=True screenshot=C:\Users\Admin\PycharmProjects\MercadoApp\bit\跃马扬鞭_BR_loop_20260627_101418_ai_group_26.png
[2026-06-27 10:17:56] SENT group=27/27 ids=6158192696,4421876747,6120674468 method=shadow-button typed=True screenshot=C:\Users\Admin\PycharmProjects\MercadoApp\bit\跃马扬鞭_BR_loop_20260627_101418_ai_group_27.png
[2026-06-27 10:17:56] DONE ids=81 sent_groups=27
[2026-06-27 10:23:22] START window=跃马扬鞭 site=BR
[2026-06-27 10:24:24] COLLECTED ids=81 groups=27
[2026-06-27 10:24:36] SENT group=1/27 ids=6096510794,6782142216,6782116756 method=shadow-button typed=True screenshot=C:\Users\Admin\PycharmProjects\MercadoApp\bit\跃马扬鞭_BR_loop_20260627_102424_ai_group_1.png
[2026-06-27 10:24:44] SENT group=2/27 ids=6158241752,4500278569,4566672579 method=shadow-button typed=True screenshot=C:\Users\Admin\PycharmProjects\MercadoApp\bit\跃马扬鞭_BR_loop_20260627_102424_ai_group_2.png
[2026-06-27 10:24:52] SENT group=3/27 ids=6103901564,6871324606,6870544688 method=shadow-button typed=True screenshot=C:\Users\Admin\PycharmProjects\MercadoApp\bit\跃马扬鞭_BR_loop_20260627_102424_ai_group_3.png
[2026-06-27 10:25:00] SENT group=4/27 ids=6247651816,6823523342,6275596542 method=shadow-button typed=True screenshot=C:\Users\Admin\PycharmProjects\MercadoApp\bit\跃马扬鞭_BR_loop_20260627_102424_ai_group_4.png
[2026-06-27 10:25:08] SENT group=5/27 ids=6816324084,6816092368,6782108752 method=shadow-button typed=True screenshot=C:\Users\Admin\PycharmProjects\MercadoApp\bit\跃马扬鞭_BR_loop_20260627_102424_ai_group_5.png
[2026-06-27 10:25:16] SENT group=6/27 ids=6782086038,6782075896,6107792912 method=shadow-button typed=True screenshot=C:\Users\Admin\PycharmProjects\MercadoApp\bit\跃马扬鞭_BR_loop_20260627_102424_ai_group_6.png
[2026-06-27 10:25:24] SENT group=7/27 ids=6256291768,4385863883,6221601498 method=shadow-button typed=True screenshot=C:\Users\Admin\PycharmProjects\MercadoApp\bit\跃马扬鞭_BR_loop_20260627_102424_ai_group_7.png
[2026-06-27 10:25:32] SENT group=8/27 ids=6207099882,4529976111,6636102802 method=shadow-button typed=True screenshot=C:\Users\Admin\PycharmProjects\MercadoApp\bit\跃马扬鞭_BR_loop_20260627_102424_ai_group_8.png
[2026-06-27 10:25:40] SENT group=9/27 ids=6635994752,6636102844,6636102812 method=shadow-button typed=True screenshot=C:\Users\Admin\PycharmProjects\MercadoApp\bit\跃马扬鞭_BR_loop_20260627_102424_ai_group_9.png
[2026-06-27 10:25:47] SENT group=10/27 ids=6635994722,6636077666,6635994660 method=shadow-button typed=True screenshot=C:\Users\Admin\PycharmProjects\MercadoApp\bit\跃马扬鞭_BR_loop_20260627_102424_ai_group_10.png
[2026-06-27 10:25:55] SENT group=11/27 ids=6636090270,6635994668,6631312950 method=shadow-button typed=True screenshot=C:\Users\Admin\PycharmProjects\MercadoApp\bit\跃马扬鞭_BR_loop_20260627_102424_ai_group_11.png
[2026-06-27 10:26:03] SENT group=12/27 ids=6631421766,4612951769,6631248858 method=shadow-button typed=True screenshot=C:\Users\Admin\PycharmProjects\MercadoApp\bit\跃马扬鞭_BR_loop_20260627_102424_ai_group_12.png
[2026-06-27 10:26:11] SENT group=13/27 ids=6631308762,6631247728,6631308332 method=shadow-button typed=True screenshot=C:\Users\Admin\PycharmProjects\MercadoApp\bit\跃马扬鞭_BR_loop_20260627_102424_ai_group_13.png
[2026-06-27 10:26:19] SENT group=14/27 ids=6631308288,6631247700,6631308208 method=shadow-button typed=True screenshot=C:\Users\Admin\PycharmProjects\MercadoApp\bit\跃马扬鞭_BR_loop_20260627_102424_ai_group_14.png
[2026-06-27 10:26:27] SENT group=15/27 ids=6631144870,4612866923,6631246670 method=shadow-button typed=True screenshot=C:\Users\Admin\PycharmProjects\MercadoApp\bit\跃马扬鞭_BR_loop_20260627_102424_ai_group_15.png
[2026-06-27 10:26:35] SENT group=16/27 ids=4612866887,6631143318,4612866205 method=shadow-button typed=True screenshot=C:\Users\Admin\PycharmProjects\MercadoApp\bit\跃马扬鞭_BR_loop_20260627_102424_ai_group_16.png
[2026-06-27 10:26:43] SENT group=17/27 ids=6631143200,4476953283,4500329799 method=shadow-button typed=True screenshot=C:\Users\Admin\PycharmProjects\MercadoApp\bit\跃马扬鞭_BR_loop_20260627_102424_ai_group_17.png
[2026-06-27 10:26:51] SENT group=18/27 ids=6127671802,6177861432,6107767296 method=shadow-button typed=True screenshot=C:\Users\Admin\PycharmProjects\MercadoApp\bit\跃马扬鞭_BR_loop_20260627_102424_ai_group_18.png
[2026-06-27 10:26:59] SENT group=19/27 ids=6107767340,6120906798,4447701763 method=shadow-button typed=True screenshot=C:\Users\Admin\PycharmProjects\MercadoApp\bit\跃马扬鞭_BR_loop_20260627_102424_ai_group_19.png
[2026-06-27 10:27:07] SENT group=20/27 ids=4381937041,6273419292,6107792788 method=shadow-button typed=True screenshot=C:\Users\Admin\PycharmProjects\MercadoApp\bit\跃马扬鞭_BR_loop_20260627_102424_ai_group_20.png
[2026-06-27 10:27:15] SENT group=21/27 ids=6328307078,4385901999,6107525314 method=shadow-button typed=True screenshot=C:\Users\Admin\PycharmProjects\MercadoApp\bit\跃马扬鞭_BR_loop_20260627_102424_ai_group_21.png
[2026-06-27 10:27:23] SENT group=22/27 ids=4392218123,4447520625,4566699745 method=shadow-button typed=True screenshot=C:\Users\Admin\PycharmProjects\MercadoApp\bit\跃马扬鞭_BR_loop_20260627_102424_ai_group_22.png
[2026-06-27 10:27:31] SENT group=23/27 ids=6530755390,6530656488,4566660187 method=shadow-button typed=True screenshot=C:\Users\Admin\PycharmProjects\MercadoApp\bit\跃马扬鞭_BR_loop_20260627_102424_ai_group_23.png
[2026-06-27 10:27:39] SENT group=24/27 ids=4379405861,4530001545,6275609532 method=shadow-button typed=True screenshot=C:\Users\Admin\PycharmProjects\MercadoApp\bit\跃马扬鞭_BR_loop_20260627_102424_ai_group_24.png
[2026-06-27 10:27:47] SENT group=25/27 ids=6444077292,6443865202,6426073740 method=shadow-button typed=True screenshot=C:\Users\Admin\PycharmProjects\MercadoApp\bit\跃马扬鞭_BR_loop_20260627_102424_ai_group_25.png
[2026-06-27 10:27:55] SENT group=26/27 ids=6087035048,4432416123,4443240057 method=shadow-button typed=True screenshot=C:\Users\Admin\PycharmProjects\MercadoApp\bit\跃马扬鞭_BR_loop_20260627_102424_ai_group_26.png
[2026-06-27 10:28:03] SENT group=27/27 ids=6158192696,4421876747,6120674468 method=shadow-button typed=True screenshot=C:\Users\Admin\PycharmProjects\MercadoApp\bit\跃马扬鞭_BR_loop_20260627_102424_ai_group_27.png
[2026-06-27 10:28:03] DONE ids=81 sent_groups=27
[2026-06-27 10:33:23] START window=跃马扬鞭 site=BR
[2026-06-27 10:34:22] COLLECTED ids=81 groups=27
[2026-06-27 10:34:34] SENT group=1/27 ids=6096510794,6782142216,6782116756 method=shadow-button typed=True screenshot=C:\Users\Admin\PycharmProjects\MercadoApp\bit\跃马扬鞭_BR_loop_20260627_103422_ai_group_1.png
[2026-06-27 10:34:42] SENT group=2/27 ids=6158241752,4500278569,4566672579 method=shadow-button typed=True screenshot=C:\Users\Admin\PycharmProjects\MercadoApp\bit\跃马扬鞭_BR_loop_20260627_103422_ai_group_2.png
[2026-06-27 10:34:50] SENT group=3/27 ids=6103901564,6871324606,6870544688 method=shadow-button typed=True screenshot=C:\Users\Admin\PycharmProjects\MercadoApp\bit\跃马扬鞭_BR_loop_20260627_103422_ai_group_3.png
[2026-06-27 10:34:58] SENT group=4/27 ids=6247651816,6823523342,6275596542 method=shadow-button typed=True screenshot=C:\Users\Admin\PycharmProjects\MercadoApp\bit\跃马扬鞭_BR_loop_20260627_103422_ai_group_4.png
[2026-06-27 10:35:06] SENT group=5/27 ids=6816324084,6816092368,6782108752 method=shadow-button typed=True screenshot=C:\Users\Admin\PycharmProjects\MercadoApp\bit\跃马扬鞭_BR_loop_20260627_103422_ai_group_5.png
[2026-06-27 10:35:14] SENT group=6/27 ids=6782086038,6782075896,6107792912 method=shadow-button typed=True screenshot=C:\Users\Admin\PycharmProjects\MercadoApp\bit\跃马扬鞭_BR_loop_20260627_103422_ai_group_6.png
[2026-06-27 10:35:22] SENT group=7/27 ids=6256291768,4385863883,6221601498 method=shadow-button typed=True screenshot=C:\Users\Admin\PycharmProjects\MercadoApp\bit\跃马扬鞭_BR_loop_20260627_103422_ai_group_7.png
[2026-06-27 10:35:30] SENT group=8/27 ids=6207099882,4529976111,6636102802 method=shadow-button typed=True screenshot=C:\Users\Admin\PycharmProjects\MercadoApp\bit\跃马扬鞭_BR_loop_20260627_103422_ai_group_8.png
[2026-06-27 10:35:38] SENT group=9/27 ids=6635994752,6636102844,6636102812 method=shadow-button typed=True screenshot=C:\Users\Admin\PycharmProjects\MercadoApp\bit\跃马扬鞭_BR_loop_20260627_103422_ai_group_9.png
[2026-06-27 10:35:46] SENT group=10/27 ids=6635994722,6636077666,6635994660 method=shadow-button typed=True screenshot=C:\Users\Admin\PycharmProjects\MercadoApp\bit\跃马扬鞭_BR_loop_20260627_103422_ai_group_10.png
[2026-06-27 10:35:54] SENT group=11/27 ids=6636090270,6635994668,6631312950 method=shadow-button typed=True screenshot=C:\Users\Admin\PycharmProjects\MercadoApp\bit\跃马扬鞭_BR_loop_20260627_103422_ai_group_11.png
[2026-06-27 10:36:02] SENT group=12/27 ids=6631421766,4612951769,6631248858 method=shadow-button typed=True screenshot=C:\Users\Admin\PycharmProjects\MercadoApp\bit\跃马扬鞭_BR_loop_20260627_103422_ai_group_12.png
[2026-06-27 10:36:10] SENT group=13/27 ids=6631308762,6631247728,6631308332 method=shadow-button typed=True screenshot=C:\Users\Admin\PycharmProjects\MercadoApp\bit\跃马扬鞭_BR_loop_20260627_103422_ai_group_13.png
[2026-06-27 10:36:18] SENT group=14/27 ids=6631308288,6631247700,6631308208 method=shadow-button typed=True screenshot=C:\Users\Admin\PycharmProjects\MercadoApp\bit\跃马扬鞭_BR_loop_20260627_103422_ai_group_14.png
[2026-06-27 10:36:26] SENT group=15/27 ids=6631144870,4612866923,6631246670 method=shadow-button typed=True screenshot=C:\Users\Admin\PycharmProjects\MercadoApp\bit\跃马扬鞭_BR_loop_20260627_103422_ai_group_15.png
[2026-06-27 10:36:34] SENT group=16/27 ids=4612866887,6631143318,4612866205 method=shadow-button typed=True screenshot=C:\Users\Admin\PycharmProjects\MercadoApp\bit\跃马扬鞭_BR_loop_20260627_103422_ai_group_16.png
[2026-06-27 10:36:42] SENT group=17/27 ids=6631143200,4476953283,4500329799 method=shadow-button typed=True screenshot=C:\Users\Admin\PycharmProjects\MercadoApp\bit\跃马扬鞭_BR_loop_20260627_103422_ai_group_17.png
[2026-06-27 10:36:50] SENT group=18/27 ids=6127671802,6177861432,6107767296 method=shadow-button typed=True screenshot=C:\Users\Admin\PycharmProjects\MercadoApp\bit\跃马扬鞭_BR_loop_20260627_103422_ai_group_18.png
[2026-06-27 10:36:58] SENT group=19/27 ids=6107767340,6120906798,4447701763 method=shadow-button typed=True screenshot=C:\Users\Admin\PycharmProjects\MercadoApp\bit\跃马扬鞭_BR_loop_20260627_103422_ai_group_19.png
[2026-06-27 10:37:06] SENT group=20/27 ids=4381937041,6273419292,6107792788 method=shadow-button typed=True screenshot=C:\Users\Admin\PycharmProjects\MercadoApp\bit\跃马扬鞭_BR_loop_20260627_103422_ai_group_20.png
[2026-06-27 10:37:14] SENT group=21/27 ids=6328307078,4385901999,6107525314 method=shadow-button typed=True screenshot=C:\Users\Admin\PycharmProjects\MercadoApp\bit\跃马扬鞭_BR_loop_20260627_103422_ai_group_21.png
[2026-06-27 10:37:22] SENT group=22/27 ids=4392218123,4447520625,4566699745 method=shadow-button typed=True screenshot=C:\Users\Admin\PycharmProjects\MercadoApp\bit\跃马扬鞭_BR_loop_20260627_103422_ai_group_22.png
[2026-06-27 10:37:30] SENT group=23/27 ids=6530755390,6530656488,4566660187 method=shadow-button typed=True screenshot=C:\Users\Admin\PycharmProjects\MercadoApp\bit\跃马扬鞭_BR_loop_20260627_103422_ai_group_23.png
[2026-06-27 10:37:38] SENT group=24/27 ids=4379405861,4530001545,6275609532 method=shadow-button typed=True screenshot=C:\Users\Admin\PycharmProjects\MercadoApp\bit\跃马扬鞭_BR_loop_20260627_103422_ai_group_24.png
[2026-06-27 10:37:46] SENT group=25/27 ids=6444077292,6443865202,6426073740 method=shadow-button typed=True screenshot=C:\Users\Admin\PycharmProjects\MercadoApp\bit\跃马扬鞭_BR_loop_20260627_103422_ai_group_25.png
[2026-06-27 10:37:54] SENT group=26/27 ids=6087035048,4432416123,4443240057 method=shadow-button typed=True screenshot=C:\Users\Admin\PycharmProjects\MercadoApp\bit\跃马扬鞭_BR_loop_20260627_103422_ai_group_26.png
[2026-06-27 10:38:02] SENT group=27/27 ids=6158192696,4421876747,6120674468 method=shadow-button typed=True screenshot=C:\Users\Admin\PycharmProjects\MercadoApp\bit\跃马扬鞭_BR_loop_20260627_103422_ai_group_27.png
[2026-06-27 10:38:02] DONE ids=81 sent_groups=27
[2026-06-27 10:43:21] START window=跃马扬鞭 site=BR
[2026-06-27 10:44:20] COLLECTED ids=81 groups=27
[2026-06-27 10:44:32] SENT group=1/27 ids=6096510794,6782142216,6782116756 method=shadow-button typed=True screenshot=C:\Users\Admin\PycharmProjects\MercadoApp\bit\跃马扬鞭_BR_loop_20260627_104420_ai_group_1.png
[2026-06-27 10:44:40] SENT group=2/27 ids=6158241752,4500278569,4566672579 method=shadow-button typed=True screenshot=C:\Users\Admin\PycharmProjects\MercadoApp\bit\跃马扬鞭_BR_loop_20260627_104420_ai_group_2.png
[2026-06-27 10:44:48] SENT group=3/27 ids=6103901564,6871324606,6870544688 method=shadow-button typed=True screenshot=C:\Users\Admin\PycharmProjects\MercadoApp\bit\跃马扬鞭_BR_loop_20260627_104420_ai_group_3.png
[2026-06-27 10:44:56] SENT group=4/27 ids=6247651816,6823523342,6275596542 method=shadow-button typed=True screenshot=C:\Users\Admin\PycharmProjects\MercadoApp\bit\跃马扬鞭_BR_loop_20260627_104420_ai_group_4.png
[2026-06-27 10:45:04] SENT group=5/27 ids=6816324084,6816092368,6782108752 method=shadow-button typed=True screenshot=C:\Users\Admin\PycharmProjects\MercadoApp\bit\跃马扬鞭_BR_loop_20260627_104420_ai_group_5.png
[2026-06-27 10:45:12] SENT group=6/27 ids=6782086038,6782075896,6107792912 method=shadow-button typed=True screenshot=C:\Users\Admin\PycharmProjects\MercadoApp\bit\跃马扬鞭_BR_loop_20260627_104420_ai_group_6.png
[2026-06-27 10:45:19] SENT group=7/27 ids=6256291768,4385863883,6221601498 method=shadow-button typed=True screenshot=C:\Users\Admin\PycharmProjects\MercadoApp\bit\跃马扬鞭_BR_loop_20260627_104420_ai_group_7.png
[2026-06-27 10:45:27] SENT group=8/27 ids=6207099882,4529976111,6636102802 method=shadow-button typed=True screenshot=C:\Users\Admin\PycharmProjects\MercadoApp\bit\跃马扬鞭_BR_loop_20260627_104420_ai_group_8.png
[2026-06-27 10:45:35] SENT group=9/27 ids=6635994752,6636102844,6636102812 method=shadow-button typed=True screenshot=C:\Users\Admin\PycharmProjects\MercadoApp\bit\跃马扬鞭_BR_loop_20260627_104420_ai_group_9.png
[2026-06-27 10:45:43] SENT group=10/27 ids=6635994722,6636077666,6635994660 method=shadow-button typed=True screenshot=C:\Users\Admin\PycharmProjects\MercadoApp\bit\跃马扬鞭_BR_loop_20260627_104420_ai_group_10.png
[2026-06-27 10:45:51] SENT group=11/27 ids=6636090270,6635994668,6631312950 method=shadow-button typed=True screenshot=C:\Users\Admin\PycharmProjects\MercadoApp\bit\跃马扬鞭_BR_loop_20260627_104420_ai_group_11.png
[2026-06-27 10:45:59] SENT group=12/27 ids=6631421766,4612951769,6631248858 method=shadow-button typed=True screenshot=C:\Users\Admin\PycharmProjects\MercadoApp\bit\跃马扬鞭_BR_loop_20260627_104420_ai_group_12.png
[2026-06-27 10:46:07] SENT group=13/27 ids=6631308762,6631247728,6631308332 method=shadow-button typed=True screenshot=C:\Users\Admin\PycharmProjects\MercadoApp\bit\跃马扬鞭_BR_loop_20260627_104420_ai_group_13.png
[2026-06-27 10:46:15] SENT group=14/27 ids=6631308288,6631247700,6631308208 method=shadow-button typed=True screenshot=C:\Users\Admin\PycharmProjects\MercadoApp\bit\跃马扬鞭_BR_loop_20260627_104420_ai_group_14.png
[2026-06-27 10:46:23] SENT group=15/27 ids=6631144870,4612866923,6631246670 method=shadow-button typed=True screenshot=C:\Users\Admin\PycharmProjects\MercadoApp\bit\跃马扬鞭_BR_loop_20260627_104420_ai_group_15.png
[2026-06-27 10:46:31] SENT group=16/27 ids=4612866887,6631143318,4612866205 method=shadow-button typed=True screenshot=C:\Users\Admin\PycharmProjects\MercadoApp\bit\跃马扬鞭_BR_loop_20260627_104420_ai_group_16.png
[2026-06-27 10:46:39] SENT group=17/27 ids=6631143200,4476953283,4500329799 method=shadow-button typed=True screenshot=C:\Users\Admin\PycharmProjects\MercadoApp\bit\跃马扬鞭_BR_loop_20260627_104420_ai_group_17.png
[2026-06-27 10:46:47] SENT group=18/27 ids=6127671802,6177861432,6107767296 method=shadow-button typed=True screenshot=C:\Users\Admin\PycharmProjects\MercadoApp\bit\跃马扬鞭_BR_loop_20260627_104420_ai_group_18.png
[2026-06-27 10:46:55] SENT group=19/27 ids=6107767340,6120906798,4447701763 method=shadow-button typed=True screenshot=C:\Users\Admin\PycharmProjects\MercadoApp\bit\跃马扬鞭_BR_loop_20260627_104420_ai_group_19.png
[2026-06-27 10:47:03] SENT group=20/27 ids=4381937041,6273419292,6107792788 method=shadow-button typed=True screenshot=C:\Users\Admin\PycharmProjects\MercadoApp\bit\跃马扬鞭_BR_loop_20260627_104420_ai_group_20.png
[2026-06-27 10:47:11] SENT group=21/27 ids=6328307078,4385901999,6107525314 method=shadow-button typed=True screenshot=C:\Users\Admin\PycharmProjects\MercadoApp\bit\跃马扬鞭_BR_loop_20260627_104420_ai_group_21.png
[2026-06-27 10:47:19] SENT group=22/27 ids=4392218123,4447520625,4566699745 method=shadow-button typed=True screenshot=C:\Users\Admin\PycharmProjects\MercadoApp\bit\跃马扬鞭_BR_loop_20260627_104420_ai_group_22.png
[2026-06-27 10:47:27] SENT group=23/27 ids=6530755390,6530656488,4566660187 method=shadow-button typed=True screenshot=C:\Users\Admin\PycharmProjects\MercadoApp\bit\跃马扬鞭_BR_loop_20260627_104420_ai_group_23.png
[2026-06-27 10:47:35] SENT group=24/27 ids=4379405861,4530001545,6275609532 method=shadow-button typed=True screenshot=C:\Users\Admin\PycharmProjects\MercadoApp\bit\跃马扬鞭_BR_loop_20260627_104420_ai_group_24.png
[2026-06-27 10:47:43] SENT group=25/27 ids=6444077292,6443865202,6426073740 method=shadow-button typed=True screenshot=C:\Users\Admin\PycharmProjects\MercadoApp\bit\跃马扬鞭_BR_loop_20260627_104420_ai_group_25.png
[2026-06-27 10:47:51] SENT group=26/27 ids=6087035048,4432416123,4443240057 method=shadow-button typed=True screenshot=C:\Users\Admin\PycharmProjects\MercadoApp\bit\跃马扬鞭_BR_loop_20260627_104420_ai_group_26.png
[2026-06-27 10:47:59] SENT group=27/27 ids=6158192696,4421876747,6120674468 method=shadow-button typed=True screenshot=C:\Users\Admin\PycharmProjects\MercadoApp\bit\跃马扬鞭_BR_loop_20260627_104420_ai_group_27.png
[2026-06-27 10:47:59] DONE ids=81 sent_groups=27
[2026-06-27 10:53:21] START window=跃马扬鞭 site=BR
[2026-06-27 10:54:19] COLLECTED ids=81 groups=27
[2026-06-27 10:54:31] SENT group=1/27 ids=6096510794,6782142216,6782116756 method=shadow-button typed=True screenshot=C:\Users\Admin\PycharmProjects\MercadoApp\bit\跃马扬鞭_BR_loop_20260627_105419_ai_group_1.png
[2026-06-27 10:54:39] SENT group=2/27 ids=6158241752,4500278569,4566672579 method=shadow-button typed=True screenshot=C:\Users\Admin\PycharmProjects\MercadoApp\bit\跃马扬鞭_BR_loop_20260627_105419_ai_group_2.png
[2026-06-27 10:54:47] SENT group=3/27 ids=6103901564,6871324606,6870544688 method=shadow-button typed=True screenshot=C:\Users\Admin\PycharmProjects\MercadoApp\bit\跃马扬鞭_BR_loop_20260627_105419_ai_group_3.png
[2026-06-27 10:54:55] SENT group=4/27 ids=6247651816,6823523342,6275596542 method=shadow-button typed=True screenshot=C:\Users\Admin\PycharmProjects\MercadoApp\bit\跃马扬鞭_BR_loop_20260627_105419_ai_group_4.png
[2026-06-27 10:55:03] SENT group=5/27 ids=6816324084,6816092368,6782108752 method=shadow-button typed=True screenshot=C:\Users\Admin\PycharmProjects\MercadoApp\bit\跃马扬鞭_BR_loop_20260627_105419_ai_group_5.png
[2026-06-27 10:55:11] SENT group=6/27 ids=6782086038,6782075896,6107792912 method=shadow-button typed=True screenshot=C:\Users\Admin\PycharmProjects\MercadoApp\bit\跃马扬鞭_BR_loop_20260627_105419_ai_group_6.png
[2026-06-27 10:55:19] SENT group=7/27 ids=6256291768,4385863883,6221601498 method=shadow-button typed=True screenshot=C:\Users\Admin\PycharmProjects\MercadoApp\bit\跃马扬鞭_BR_loop_20260627_105419_ai_group_7.png
[2026-06-27 10:55:27] SENT group=8/27 ids=6207099882,4529976111,6636102802 method=shadow-button typed=True screenshot=C:\Users\Admin\PycharmProjects\MercadoApp\bit\跃马扬鞭_BR_loop_20260627_105419_ai_group_8.png
[2026-06-27 10:55:35] SENT group=9/27 ids=6635994752,6636102844,6636102812 method=shadow-button typed=True screenshot=C:\Users\Admin\PycharmProjects\MercadoApp\bit\跃马扬鞭_BR_loop_20260627_105419_ai_group_9.png
[2026-06-27 10:55:43] SENT group=10/27 ids=6635994722,6636077666,6635994660 method=shadow-button typed=True screenshot=C:\Users\Admin\PycharmProjects\MercadoApp\bit\跃马扬鞭_BR_loop_20260627_105419_ai_group_10.png
[2026-06-27 10:55:50] SENT group=11/27 ids=6636090270,6635994668,6631312950 method=shadow-button typed=True screenshot=C:\Users\Admin\PycharmProjects\MercadoApp\bit\跃马扬鞭_BR_loop_20260627_105419_ai_group_11.png
[2026-06-27 10:55:58] SENT group=12/27 ids=6631421766,4612951769,6631248858 method=shadow-button typed=True screenshot=C:\Users\Admin\PycharmProjects\MercadoApp\bit\跃马扬鞭_BR_loop_20260627_105419_ai_group_12.png
[2026-06-27 10:56:06] SENT group=13/27 ids=6631308762,6631247728,6631308332 method=shadow-button typed=True screenshot=C:\Users\Admin\PycharmProjects\MercadoApp\bit\跃马扬鞭_BR_loop_20260627_105419_ai_group_13.png
[2026-06-27 10:56:14] SENT group=14/27 ids=6631308288,6631247700,6631308208 method=shadow-button typed=True screenshot=C:\Users\Admin\PycharmProjects\MercadoApp\bit\跃马扬鞭_BR_loop_20260627_105419_ai_group_14.png
[2026-06-27 10:56:22] SENT group=15/27 ids=6631144870,4612866923,6631246670 method=shadow-button typed=True screenshot=C:\Users\Admin\PycharmProjects\MercadoApp\bit\跃马扬鞭_BR_loop_20260627_105419_ai_group_15.png
[2026-06-27 10:56:30] SENT group=16/27 ids=4612866887,6631143318,4612866205 method=shadow-button typed=True screenshot=C:\Users\Admin\PycharmProjects\MercadoApp\bit\跃马扬鞭_BR_loop_20260627_105419_ai_group_16.png
[2026-06-27 10:56:38] SENT group=17/27 ids=6631143200,4476953283,4500329799 method=shadow-button typed=True screenshot=C:\Users\Admin\PycharmProjects\MercadoApp\bit\跃马扬鞭_BR_loop_20260627_105419_ai_group_17.png
[2026-06-27 10:56:46] SENT group=18/27 ids=6127671802,6177861432,6107767296 method=shadow-button typed=True screenshot=C:\Users\Admin\PycharmProjects\MercadoApp\bit\跃马扬鞭_BR_loop_20260627_105419_ai_group_18.png
[2026-06-27 10:56:54] SENT group=19/27 ids=6107767340,6120906798,4447701763 method=shadow-button typed=True screenshot=C:\Users\Admin\PycharmProjects\MercadoApp\bit\跃马扬鞭_BR_loop_20260627_105419_ai_group_19.png
[2026-06-27 10:57:02] SENT group=20/27 ids=4381937041,6273419292,6107792788 method=shadow-button typed=True screenshot=C:\Users\Admin\PycharmProjects\MercadoApp\bit\跃马扬鞭_BR_loop_20260627_105419_ai_group_20.png
[2026-06-27 10:57:10] SENT group=21/27 ids=6328307078,4385901999,6107525314 method=shadow-button typed=True screenshot=C:\Users\Admin\PycharmProjects\MercadoApp\bit\跃马扬鞭_BR_loop_20260627_105419_ai_group_21.png
[2026-06-27 10:57:18] SENT group=22/27 ids=4392218123,4447520625,4566699745 method=shadow-button typed=True screenshot=C:\Users\Admin\PycharmProjects\MercadoApp\bit\跃马扬鞭_BR_loop_20260627_105419_ai_group_22.png
[2026-06-27 10:57:26] SENT group=23/27 ids=6530755390,6530656488,4566660187 method=shadow-button typed=True screenshot=C:\Users\Admin\PycharmProjects\MercadoApp\bit\跃马扬鞭_BR_loop_20260627_105419_ai_group_23.png
[2026-06-27 10:57:34] SENT group=24/27 ids=4379405861,4530001545,6275609532 method=shadow-button typed=True screenshot=C:\Users\Admin\PycharmProjects\MercadoApp\bit\跃马扬鞭_BR_loop_20260627_105419_ai_group_24.png
[2026-06-27 10:57:42] SENT group=25/27 ids=6444077292,6443865202,6426073740 method=shadow-button typed=True screenshot=C:\Users\Admin\PycharmProjects\MercadoApp\bit\跃马扬鞭_BR_loop_20260627_105419_ai_group_25.png
[2026-06-27 10:57:50] SENT group=26/27 ids=6087035048,4432416123,4443240057 method=shadow-button typed=True screenshot=C:\Users\Admin\PycharmProjects\MercadoApp\bit\跃马扬鞭_BR_loop_20260627_105419_ai_group_26.png
[2026-06-27 10:57:58] SENT group=27/27 ids=6158192696,4421876747,6120674468 method=shadow-button typed=True screenshot=C:\Users\Admin\PycharmProjects\MercadoApp\bit\跃马扬鞭_BR_loop_20260627_105419_ai_group_27.png
[2026-06-27 10:57:58] DONE ids=81 sent_groups=27
[2026-06-27 11:03:23] START window=跃马扬鞭 site=BR
[2026-06-27 11:04:21] COLLECTED ids=81 groups=27
[2026-06-27 11:04:33] SENT group=1/27 ids=6096510794,6782142216,6782116756 method=shadow-button typed=True screenshot=C:\Users\Admin\PycharmProjects\MercadoApp\bit\跃马扬鞭_BR_loop_20260627_110421_ai_group_1.png
[2026-06-27 11:04:41] SENT group=2/27 ids=6158241752,4500278569,4566672579 method=shadow-button typed=True screenshot=C:\Users\Admin\PycharmProjects\MercadoApp\bit\跃马扬鞭_BR_loop_20260627_110421_ai_group_2.png
[2026-06-27 11:04:49] SENT group=3/27 ids=6103901564,6871324606,6870544688 method=shadow-button typed=True screenshot=C:\Users\Admin\PycharmProjects\MercadoApp\bit\跃马扬鞭_BR_loop_20260627_110421_ai_group_3.png
[2026-06-27 11:04:57] SENT group=4/27 ids=6247651816,6823523342,6275596542 method=shadow-button typed=True screenshot=C:\Users\Admin\PycharmProjects\MercadoApp\bit\跃马扬鞭_BR_loop_20260627_110421_ai_group_4.png
[2026-06-27 11:05:04] SENT group=5/27 ids=6816324084,6816092368,6782108752 method=shadow-button typed=True screenshot=C:\Users\Admin\PycharmProjects\MercadoApp\bit\跃马扬鞭_BR_loop_20260627_110421_ai_group_5.png
[2026-06-27 11:05:12] SENT group=6/27 ids=6782086038,6782075896,6107792912 method=shadow-button typed=True screenshot=C:\Users\Admin\PycharmProjects\MercadoApp\bit\跃马扬鞭_BR_loop_20260627_110421_ai_group_6.png
[2026-06-27 11:05:20] SENT group=7/27 ids=6256291768,4385863883,6221601498 method=shadow-button typed=True screenshot=C:\Users\Admin\PycharmProjects\MercadoApp\bit\跃马扬鞭_BR_loop_20260627_110421_ai_group_7.png
[2026-06-27 11:05:28] SENT group=8/27 ids=6207099882,4529976111,6636102802 method=shadow-button typed=True screenshot=C:\Users\Admin\PycharmProjects\MercadoApp\bit\跃马扬鞭_BR_loop_20260627_110421_ai_group_8.png
[2026-06-27 11:05:36] SENT group=9/27 ids=6635994752,6636102844,6636102812 method=shadow-button typed=True screenshot=C:\Users\Admin\PycharmProjects\MercadoApp\bit\跃马扬鞭_BR_loop_20260627_110421_ai_group_9.png
[2026-06-27 11:05:44] SENT group=10/27 ids=6635994722,6636077666,6635994660 method=shadow-button typed=True screenshot=C:\Users\Admin\PycharmProjects\MercadoApp\bit\跃马扬鞭_BR_loop_20260627_110421_ai_group_10.png
[2026-06-27 11:05:52] SENT group=11/27 ids=6636090270,6635994668,6631312950 method=shadow-button typed=True screenshot=C:\Users\Admin\PycharmProjects\MercadoApp\bit\跃马扬鞭_BR_loop_20260627_110421_ai_group_11.png
[2026-06-27 11:06:00] SENT group=12/27 ids=6631421766,4612951769,6631248858 method=shadow-button typed=True screenshot=C:\Users\Admin\PycharmProjects\MercadoApp\bit\跃马扬鞭_BR_loop_20260627_110421_ai_group_12.png
[2026-06-27 11:06:09] SENT group=13/27 ids=6631308762,6631247728,6631308332 method=shadow-button typed=True screenshot=C:\Users\Admin\PycharmProjects\MercadoApp\bit\跃马扬鞭_BR_loop_20260627_110421_ai_group_13.png
[2026-06-27 11:06:17] SENT group=14/27 ids=6631308288,6631247700,6631308208 method=shadow-button typed=True screenshot=C:\Users\Admin\PycharmProjects\MercadoApp\bit\跃马扬鞭_BR_loop_20260627_110421_ai_group_14.png
[2026-06-27 11:06:25] SENT group=15/27 ids=6631144870,4612866923,6631246670 method=shadow-button typed=True screenshot=C:\Users\Admin\PycharmProjects\MercadoApp\bit\跃马扬鞭_BR_loop_20260627_110421_ai_group_15.png
[2026-06-27 11:06:33] SENT group=16/27 ids=4612866887,6631143318,4612866205 method=shadow-button typed=True screenshot=C:\Users\Admin\PycharmProjects\MercadoApp\bit\跃马扬鞭_BR_loop_20260627_110421_ai_group_16.png
[2026-06-27 11:06:40] SENT group=17/27 ids=6631143200,4476953283,4500329799 method=shadow-button typed=True screenshot=C:\Users\Admin\PycharmProjects\MercadoApp\bit\跃马扬鞭_BR_loop_20260627_110421_ai_group_17.png
[2026-06-27 11:06:48] SENT group=18/27 ids=6127671802,6177861432,6107767296 method=shadow-button typed=True screenshot=C:\Users\Admin\PycharmProjects\MercadoApp\bit\跃马扬鞭_BR_loop_20260627_110421_ai_group_18.png
[2026-06-27 11:06:56] SENT group=19/27 ids=6107767340,6120906798,4447701763 method=shadow-button typed=True screenshot=C:\Users\Admin\PycharmProjects\MercadoApp\bit\跃马扬鞭_BR_loop_20260627_110421_ai_group_19.png
[2026-06-27 11:07:04] SENT group=20/27 ids=4381937041,6273419292,6107792788 method=shadow-button typed=True screenshot=C:\Users\Admin\PycharmProjects\MercadoApp\bit\跃马扬鞭_BR_loop_20260627_110421_ai_group_20.png
[2026-06-27 11:07:12] SENT group=21/27 ids=6328307078,4385901999,6107525314 method=shadow-button typed=True screenshot=C:\Users\Admin\PycharmProjects\MercadoApp\bit\跃马扬鞭_BR_loop_20260627_110421_ai_group_21.png
[2026-06-27 11:07:20] SENT group=22/27 ids=4392218123,4447520625,4566699745 method=shadow-button typed=True screenshot=C:\Users\Admin\PycharmProjects\MercadoApp\bit\跃马扬鞭_BR_loop_20260627_110421_ai_group_22.png
[2026-06-27 11:07:28] SENT group=23/27 ids=6530755390,6530656488,4566660187 method=shadow-button typed=True screenshot=C:\Users\Admin\PycharmProjects\MercadoApp\bit\跃马扬鞭_BR_loop_20260627_110421_ai_group_23.png
[2026-06-27 11:07:36] SENT group=24/27 ids=4379405861,4530001545,6275609532 method=shadow-button typed=True screenshot=C:\Users\Admin\PycharmProjects\MercadoApp\bit\跃马扬鞭_BR_loop_20260627_110421_ai_group_24.png
[2026-06-27 11:07:44] SENT group=25/27 ids=6444077292,6443865202,6426073740 method=shadow-button typed=True screenshot=C:\Users\Admin\PycharmProjects\MercadoApp\bit\跃马扬鞭_BR_loop_20260627_110421_ai_group_25.png
[2026-06-27 11:07:52] SENT group=26/27 ids=6087035048,4432416123,4443240057 method=shadow-button typed=True screenshot=C:\Users\Admin\PycharmProjects\MercadoApp\bit\跃马扬鞭_BR_loop_20260627_110421_ai_group_26.png
[2026-06-27 11:08:00] SENT group=27/27 ids=6158192696,4421876747,6120674468 method=shadow-button typed=True screenshot=C:\Users\Admin\PycharmProjects\MercadoApp\bit\跃马扬鞭_BR_loop_20260627_110421_ai_group_27.png
[2026-06-27 11:08:00] DONE ids=81 sent_groups=27
[2026-06-27 11:13:23] START window=跃马扬鞭 site=BR
[2026-06-27 11:14:26] COLLECTED ids=81 groups=27
[2026-06-27 11:14:38] SENT group=1/27 ids=6096510794,6782142216,6782116756 method=shadow-button typed=True screenshot=C:\Users\Admin\PycharmProjects\MercadoApp\bit\跃马扬鞭_BR_loop_20260627_111426_ai_group_1.png
[2026-06-27 11:14:46] SENT group=2/27 ids=6158241752,4500278569,4566672579 method=shadow-button typed=True screenshot=C:\Users\Admin\PycharmProjects\MercadoApp\bit\跃马扬鞭_BR_loop_20260627_111426_ai_group_2.png
[2026-06-27 11:14:54] SENT group=3/27 ids=6103901564,6871324606,6870544688 method=shadow-button typed=True screenshot=C:\Users\Admin\PycharmProjects\MercadoApp\bit\跃马扬鞭_BR_loop_20260627_111426_ai_group_3.png
[2026-06-27 11:15:02] SENT group=4/27 ids=6247651816,6823523342,6275596542 method=shadow-button typed=True screenshot=C:\Users\Admin\PycharmProjects\MercadoApp\bit\跃马扬鞭_BR_loop_20260627_111426_ai_group_4.png
[2026-06-27 11:15:10] SENT group=5/27 ids=6816324084,6816092368,6782108752 method=shadow-button typed=True screenshot=C:\Users\Admin\PycharmProjects\MercadoApp\bit\跃马扬鞭_BR_loop_20260627_111426_ai_group_5.png
[2026-06-27 11:15:18] SENT group=6/27 ids=6782086038,6782075896,6107792912 method=shadow-button typed=True screenshot=C:\Users\Admin\PycharmProjects\MercadoApp\bit\跃马扬鞭_BR_loop_20260627_111426_ai_group_6.png
[2026-06-27 11:15:26] SENT group=7/27 ids=6256291768,4385863883,6221601498 method=shadow-button typed=True screenshot=C:\Users\Admin\PycharmProjects\MercadoApp\bit\跃马扬鞭_BR_loop_20260627_111426_ai_group_7.png
[2026-06-27 11:15:34] SENT group=8/27 ids=6207099882,4529976111,6636102802 method=shadow-button typed=True screenshot=C:\Users\Admin\PycharmProjects\MercadoApp\bit\跃马扬鞭_BR_loop_20260627_111426_ai_group_8.png
[2026-06-27 11:15:42] SENT group=9/27 ids=6635994752,6636102844,6636102812 method=shadow-button typed=True screenshot=C:\Users\Admin\PycharmProjects\MercadoApp\bit\跃马扬鞭_BR_loop_20260627_111426_ai_group_9.png
[2026-06-27 11:15:50] SENT group=10/27 ids=6635994722,6636077666,6635994660 method=shadow-button typed=True screenshot=C:\Users\Admin\PycharmProjects\MercadoApp\bit\跃马扬鞭_BR_loop_20260627_111426_ai_group_10.png
[2026-06-27 11:15:58] SENT group=11/27 ids=6636090270,6635994668,6631312950 method=shadow-button typed=True screenshot=C:\Users\Admin\PycharmProjects\MercadoApp\bit\跃马扬鞭_BR_loop_20260627_111426_ai_group_11.png
[2026-06-27 11:16:06] SENT group=12/27 ids=6631421766,4612951769,6631248858 method=shadow-button typed=True screenshot=C:\Users\Admin\PycharmProjects\MercadoApp\bit\跃马扬鞭_BR_loop_20260627_111426_ai_group_12.png
[2026-06-27 11:16:14] SENT group=13/27 ids=6631308762,6631247728,6631308332 method=shadow-button typed=True screenshot=C:\Users\Admin\PycharmProjects\MercadoApp\bit\跃马扬鞭_BR_loop_20260627_111426_ai_group_13.png
[2026-06-27 11:16:22] SENT group=14/27 ids=6631308288,6631247700,6631308208 method=shadow-button typed=True screenshot=C:\Users\Admin\PycharmProjects\MercadoApp\bit\跃马扬鞭_BR_loop_20260627_111426_ai_group_14.png
[2026-06-27 11:16:30] SENT group=15/27 ids=6631144870,4612866923,6631246670 method=shadow-button typed=True screenshot=C:\Users\Admin\PycharmProjects\MercadoApp\bit\跃马扬鞭_BR_loop_20260627_111426_ai_group_15.png
[2026-06-27 11:16:38] SENT group=16/27 ids=4612866887,6631143318,4612866205 method=shadow-button typed=True screenshot=C:\Users\Admin\PycharmProjects\MercadoApp\bit\跃马扬鞭_BR_loop_20260627_111426_ai_group_16.png
[2026-06-27 11:16:46] SENT group=17/27 ids=6631143200,4476953283,4500329799 method=shadow-button typed=True screenshot=C:\Users\Admin\PycharmProjects\MercadoApp\bit\跃马扬鞭_BR_loop_20260627_111426_ai_group_17.png
[2026-06-27 11:16:54] SENT group=18/27 ids=6127671802,6177861432,6107767296 method=shadow-button typed=True screenshot=C:\Users\Admin\PycharmProjects\MercadoApp\bit\跃马扬鞭_BR_loop_20260627_111426_ai_group_18.png
[2026-06-27 11:17:02] SENT group=19/27 ids=6107767340,6120906798,4447701763 method=shadow-button typed=True screenshot=C:\Users\Admin\PycharmProjects\MercadoApp\bit\跃马扬鞭_BR_loop_20260627_111426_ai_group_19.png
[2026-06-27 11:17:10] SENT group=20/27 ids=4381937041,6273419292,6107792788 method=shadow-button typed=True screenshot=C:\Users\Admin\PycharmProjects\MercadoApp\bit\跃马扬鞭_BR_loop_20260627_111426_ai_group_20.png
[2026-06-27 11:17:18] SENT group=21/27 ids=6328307078,4385901999,6107525314 method=shadow-button typed=True screenshot=C:\Users\Admin\PycharmProjects\MercadoApp\bit\跃马扬鞭_BR_loop_20260627_111426_ai_group_21.png
[2026-06-27 11:17:26] SENT group=22/27 ids=4392218123,4447520625,4566699745 method=shadow-button typed=True screenshot=C:\Users\Admin\PycharmProjects\MercadoApp\bit\跃马扬鞭_BR_loop_20260627_111426_ai_group_22.png
[2026-06-27 11:17:34] SENT group=23/27 ids=6530755390,6530656488,4566660187 method=shadow-button typed=True screenshot=C:\Users\Admin\PycharmProjects\MercadoApp\bit\跃马扬鞭_BR_loop_20260627_111426_ai_group_23.png
[2026-06-27 11:17:42] SENT group=24/27 ids=4379405861,4530001545,6275609532 method=shadow-button typed=True screenshot=C:\Users\Admin\PycharmProjects\MercadoApp\bit\跃马扬鞭_BR_loop_20260627_111426_ai_group_24.png
[2026-06-27 11:17:50] SENT group=25/27 ids=6444077292,6443865202,6426073740 method=shadow-button typed=True screenshot=C:\Users\Admin\PycharmProjects\MercadoApp\bit\跃马扬鞭_BR_loop_20260627_111426_ai_group_25.png
[2026-06-27 11:17:58] SENT group=26/27 ids=6087035048,4432416123,4443240057 method=shadow-button typed=True screenshot=C:\Users\Admin\PycharmProjects\MercadoApp\bit\跃马扬鞭_BR_loop_20260627_111426_ai_group_26.png
[2026-06-27 11:18:06] SENT group=27/27 ids=6158192696,4421876747,6120674468 method=shadow-button typed=True screenshot=C:\Users\Admin\PycharmProjects\MercadoApp\bit\跃马扬鞭_BR_loop_20260627_111426_ai_group_27.png
[2026-06-27 11:18:06] DONE ids=81 sent_groups=27
[2026-06-27 11:23:23] START window=跃马扬鞭 site=BR
[2026-06-27 11:24:21] COLLECTED ids=81 groups=27
[2026-06-27 11:24:33] SENT group=1/27 ids=6096510794,6782142216,6782116756 method=shadow-button typed=True screenshot=C:\Users\Admin\PycharmProjects\MercadoApp\bit\跃马扬鞭_BR_loop_20260627_112421_ai_group_1.png
[2026-06-27 11:24:41] SENT group=2/27 ids=6158241752,4500278569,4566672579 method=shadow-button typed=True screenshot=C:\Users\Admin\PycharmProjects\MercadoApp\bit\跃马扬鞭_BR_loop_20260627_112421_ai_group_2.png
[2026-06-27 11:24:49] SENT group=3/27 ids=6103901564,6871324606,6870544688 method=shadow-button typed=True screenshot=C:\Users\Admin\PycharmProjects\MercadoApp\bit\跃马扬鞭_BR_loop_20260627_112421_ai_group_3.png
[2026-06-27 11:24:57] SENT group=4/27 ids=6247651816,6823523342,6275596542 method=shadow-button typed=True screenshot=C:\Users\Admin\PycharmProjects\MercadoApp\bit\跃马扬鞭_BR_loop_20260627_112421_ai_group_4.png
[2026-06-27 11:25:05] SENT group=5/27 ids=6816324084,6816092368,6782108752 method=shadow-button typed=True screenshot=C:\Users\Admin\PycharmProjects\MercadoApp\bit\跃马扬鞭_BR_loop_20260627_112421_ai_group_5.png
[2026-06-27 11:25:13] SENT group=6/27 ids=6782086038,6782075896,6107792912 method=shadow-button typed=True screenshot=C:\Users\Admin\PycharmProjects\MercadoApp\bit\跃马扬鞭_BR_loop_20260627_112421_ai_group_6.png
[2026-06-27 11:25:21] SENT group=7/27 ids=6256291768,4385863883,6221601498 method=shadow-button typed=True screenshot=C:\Users\Admin\PycharmProjects\MercadoApp\bit\跃马扬鞭_BR_loop_20260627_112421_ai_group_7.png
[2026-06-27 11:25:29] SENT group=8/27 ids=6207099882,4529976111,6636102802 method=shadow-button typed=True screenshot=C:\Users\Admin\PycharmProjects\MercadoApp\bit\跃马扬鞭_BR_loop_20260627_112421_ai_group_8.png
[2026-06-27 11:25:37] SENT group=9/27 ids=6635994752,6636102844,6636102812 method=shadow-button typed=True screenshot=C:\Users\Admin\PycharmProjects\MercadoApp\bit\跃马扬鞭_BR_loop_20260627_112421_ai_group_9.png
[2026-06-27 11:25:45] SENT group=10/27 ids=6635994722,6636077666,6635994660 method=shadow-button typed=True screenshot=C:\Users\Admin\PycharmProjects\MercadoApp\bit\跃马扬鞭_BR_loop_20260627_112421_ai_group_10.png
[2026-06-27 11:25:53] SENT group=11/27 ids=6636090270,6635994668,6631312950 method=shadow-button typed=True screenshot=C:\Users\Admin\PycharmProjects\MercadoApp\bit\跃马扬鞭_BR_loop_20260627_112421_ai_group_11.png
[2026-06-27 11:26:01] SENT group=12/27 ids=6631421766,4612951769,6631248858 method=shadow-button typed=True screenshot=C:\Users\Admin\PycharmProjects\MercadoApp\bit\跃马扬鞭_BR_loop_20260627_112421_ai_group_12.png
[2026-06-27 11:26:09] SENT group=13/27 ids=6631308762,6631247728,6631308332 method=shadow-button typed=True screenshot=C:\Users\Admin\PycharmProjects\MercadoApp\bit\跃马扬鞭_BR_loop_20260627_112421_ai_group_13.png
[2026-06-27 11:26:17] SENT group=14/27 ids=6631308288,6631247700,6631308208 method=shadow-button typed=True screenshot=C:\Users\Admin\PycharmProjects\MercadoApp\bit\跃马扬鞭_BR_loop_20260627_112421_ai_group_14.png
[2026-06-27 11:26:25] SENT group=15/27 ids=6631144870,4612866923,6631246670 method=shadow-button typed=True screenshot=C:\Users\Admin\PycharmProjects\MercadoApp\bit\跃马扬鞭_BR_loop_20260627_112421_ai_group_15.png
[2026-06-27 11:26:33] SENT group=16/27 ids=4612866887,6631143318,4612866205 method=shadow-button typed=True screenshot=C:\Users\Admin\PycharmProjects\MercadoApp\bit\跃马扬鞭_BR_loop_20260627_112421_ai_group_16.png
[2026-06-27 11:26:41] SENT group=17/27 ids=6631143200,4476953283,4500329799 method=shadow-button typed=True screenshot=C:\Users\Admin\PycharmProjects\MercadoApp\bit\跃马扬鞭_BR_loop_20260627_112421_ai_group_17.png
[2026-06-27 11:26:49] SENT group=18/27 ids=6127671802,6177861432,6107767296 method=shadow-button typed=True screenshot=C:\Users\Admin\PycharmProjects\MercadoApp\bit\跃马扬鞭_BR_loop_20260627_112421_ai_group_18.png
[2026-06-27 11:26:57] SENT group=19/27 ids=6107767340,6120906798,4447701763 method=shadow-button typed=True screenshot=C:\Users\Admin\PycharmProjects\MercadoApp\bit\跃马扬鞭_BR_loop_20260627_112421_ai_group_19.png
[2026-06-27 11:27:05] SENT group=20/27 ids=4381937041,6273419292,6107792788 method=shadow-button typed=True screenshot=C:\Users\Admin\PycharmProjects\MercadoApp\bit\跃马扬鞭_BR_loop_20260627_112421_ai_group_20.png
[2026-06-27 11:27:13] SENT group=21/27 ids=6328307078,4385901999,6107525314 method=shadow-button typed=True screenshot=C:\Users\Admin\PycharmProjects\MercadoApp\bit\跃马扬鞭_BR_loop_20260627_112421_ai_group_21.png
[2026-06-27 11:27:21] SENT group=22/27 ids=4392218123,4447520625,4566699745 method=shadow-button typed=True screenshot=C:\Users\Admin\PycharmProjects\MercadoApp\bit\跃马扬鞭_BR_loop_20260627_112421_ai_group_22.png
[2026-06-27 11:27:29] SENT group=23/27 ids=6530755390,6530656488,4566660187 method=shadow-button typed=True screenshot=C:\Users\Admin\PycharmProjects\MercadoApp\bit\跃马扬鞭_BR_loop_20260627_112421_ai_group_23.png
[2026-06-27 11:27:37] SENT group=24/27 ids=4379405861,4530001545,6275609532 method=shadow-button typed=True screenshot=C:\Users\Admin\PycharmProjects\MercadoApp\bit\跃马扬鞭_BR_loop_20260627_112421_ai_group_24.png
[2026-06-27 11:27:45] SENT group=25/27 ids=6444077292,6443865202,6426073740 method=shadow-button typed=True screenshot=C:\Users\Admin\PycharmProjects\MercadoApp\bit\跃马扬鞭_BR_loop_20260627_112421_ai_group_25.png
[2026-06-27 11:27:53] SENT group=26/27 ids=6087035048,4432416123,4443240057 method=shadow-button typed=True screenshot=C:\Users\Admin\PycharmProjects\MercadoApp\bit\跃马扬鞭_BR_loop_20260627_112421_ai_group_26.png
[2026-06-27 11:28:01] SENT group=27/27 ids=6158192696,4421876747,6120674468 method=shadow-button typed=True screenshot=C:\Users\Admin\PycharmProjects\MercadoApp\bit\跃马扬鞭_BR_loop_20260627_112421_ai_group_27.png
[2026-06-27 11:28:01] DONE ids=81 sent_groups=27
[2026-06-27 11:33:24] START window=跃马扬鞭 site=BR
[2026-06-27 11:34:24] COLLECTED ids=81 groups=27
[2026-06-27 11:34:36] SENT group=1/27 ids=6096510794,6782142216,6782116756 method=shadow-button typed=True screenshot=C:\Users\Admin\PycharmProjects\MercadoApp\bit\跃马扬鞭_BR_loop_20260627_113424_ai_group_1.png
[2026-06-27 11:34:44] SENT group=2/27 ids=6158241752,4500278569,4566672579 method=shadow-button typed=True screenshot=C:\Users\Admin\PycharmProjects\MercadoApp\bit\跃马扬鞭_BR_loop_20260627_113424_ai_group_2.png
[2026-06-27 11:34:52] SENT group=3/27 ids=6103901564,6871324606,6870544688 method=shadow-button typed=True screenshot=C:\Users\Admin\PycharmProjects\MercadoApp\bit\跃马扬鞭_BR_loop_20260627_113424_ai_group_3.png
[2026-06-27 11:35:00] SENT group=4/27 ids=6247651816,6823523342,6275596542 method=shadow-button typed=True screenshot=C:\Users\Admin\PycharmProjects\MercadoApp\bit\跃马扬鞭_BR_loop_20260627_113424_ai_group_4.png
[2026-06-27 11:35:08] SENT group=5/27 ids=6816324084,6816092368,6782108752 method=shadow-button typed=True screenshot=C:\Users\Admin\PycharmProjects\MercadoApp\bit\跃马扬鞭_BR_loop_20260627_113424_ai_group_5.png
[2026-06-27 11:35:16] SENT group=6/27 ids=6782086038,6782075896,6107792912 method=shadow-button typed=True screenshot=C:\Users\Admin\PycharmProjects\MercadoApp\bit\跃马扬鞭_BR_loop_20260627_113424_ai_group_6.png
[2026-06-27 11:35:24] SENT group=7/27 ids=6256291768,4385863883,6221601498 method=shadow-button typed=True screenshot=C:\Users\Admin\PycharmProjects\MercadoApp\bit\跃马扬鞭_BR_loop_20260627_113424_ai_group_7.png
[2026-06-27 11:35:32] SENT group=8/27 ids=6207099882,4529976111,6636102802 method=shadow-button typed=True screenshot=C:\Users\Admin\PycharmProjects\MercadoApp\bit\跃马扬鞭_BR_loop_20260627_113424_ai_group_8.png
[2026-06-27 11:35:39] SENT group=9/27 ids=6635994752,6636102844,6636102812 method=shadow-button typed=True screenshot=C:\Users\Admin\PycharmProjects\MercadoApp\bit\跃马扬鞭_BR_loop_20260627_113424_ai_group_9.png
[2026-06-27 11:35:47] SENT group=10/27 ids=6635994722,6636077666,6635994660 method=shadow-button typed=True screenshot=C:\Users\Admin\PycharmProjects\MercadoApp\bit\跃马扬鞭_BR_loop_20260627_113424_ai_group_10.png
[2026-06-27 11:35:55] SENT group=11/27 ids=6636090270,6635994668,6631312950 method=shadow-button typed=True screenshot=C:\Users\Admin\PycharmProjects\MercadoApp\bit\跃马扬鞭_BR_loop_20260627_113424_ai_group_11.png
[2026-06-27 11:36:03] SENT group=12/27 ids=6631421766,4612951769,6631248858 method=shadow-button typed=True screenshot=C:\Users\Admin\PycharmProjects\MercadoApp\bit\跃马扬鞭_BR_loop_20260627_113424_ai_group_12.png
[2026-06-27 11:36:11] SENT group=13/27 ids=6631308762,6631247728,6631308332 method=shadow-button typed=True screenshot=C:\Users\Admin\PycharmProjects\MercadoApp\bit\跃马扬鞭_BR_loop_20260627_113424_ai_group_13.png
[2026-06-27 11:36:19] SENT group=14/27 ids=6631308288,6631247700,6631308208 method=shadow-button typed=True screenshot=C:\Users\Admin\PycharmProjects\MercadoApp\bit\跃马扬鞭_BR_loop_20260627_113424_ai_group_14.png
[2026-06-27 11:36:27] SENT group=15/27 ids=6631144870,4612866923,6631246670 method=shadow-button typed=True screenshot=C:\Users\Admin\PycharmProjects\MercadoApp\bit\跃马扬鞭_BR_loop_20260627_113424_ai_group_15.png
[2026-06-27 11:36:35] SENT group=16/27 ids=4612866887,6631143318,4612866205 method=shadow-button typed=True screenshot=C:\Users\Admin\PycharmProjects\MercadoApp\bit\跃马扬鞭_BR_loop_20260627_113424_ai_group_16.png
[2026-06-27 11:36:43] SENT group=17/27 ids=6631143200,4476953283,4500329799 method=shadow-button typed=True screenshot=C:\Users\Admin\PycharmProjects\MercadoApp\bit\跃马扬鞭_BR_loop_20260627_113424_ai_group_17.png
[2026-06-27 11:36:51] SENT group=18/27 ids=6127671802,6177861432,6107767296 method=shadow-button typed=True screenshot=C:\Users\Admin\PycharmProjects\MercadoApp\bit\跃马扬鞭_BR_loop_20260627_113424_ai_group_18.png
[2026-06-27 11:36:59] SENT group=19/27 ids=6107767340,6120906798,4447701763 method=shadow-button typed=True screenshot=C:\Users\Admin\PycharmProjects\MercadoApp\bit\跃马扬鞭_BR_loop_20260627_113424_ai_group_19.png
[2026-06-27 11:37:07] SENT group=20/27 ids=4381937041,6273419292,6107792788 method=shadow-button typed=True screenshot=C:\Users\Admin\PycharmProjects\MercadoApp\bit\跃马扬鞭_BR_loop_20260627_113424_ai_group_20.png
[2026-06-27 11:37:15] SENT group=21/27 ids=6328307078,4385901999,6107525314 method=shadow-button typed=True screenshot=C:\Users\Admin\PycharmProjects\MercadoApp\bit\跃马扬鞭_BR_loop_20260627_113424_ai_group_21.png
[2026-06-27 11:37:23] SENT group=22/27 ids=4392218123,4447520625,4566699745 method=shadow-button typed=True screenshot=C:\Users\Admin\PycharmProjects\MercadoApp\bit\跃马扬鞭_BR_loop_20260627_113424_ai_group_22.png
[2026-06-27 11:37:31] SENT group=23/27 ids=6530755390,6530656488,4566660187 method=shadow-button typed=True screenshot=C:\Users\Admin\PycharmProjects\MercadoApp\bit\跃马扬鞭_BR_loop_20260627_113424_ai_group_23.png
[2026-06-27 11:37:39] SENT group=24/27 ids=4379405861,4530001545,6275609532 method=shadow-button typed=True screenshot=C:\Users\Admin\PycharmProjects\MercadoApp\bit\跃马扬鞭_BR_loop_20260627_113424_ai_group_24.png
[2026-06-27 11:37:47] SENT group=25/27 ids=6444077292,6443865202,6426073740 method=shadow-button typed=True screenshot=C:\Users\Admin\PycharmProjects\MercadoApp\bit\跃马扬鞭_BR_loop_20260627_113424_ai_group_25.png
[2026-06-27 11:37:55] SENT group=26/27 ids=6087035048,4432416123,4443240057 method=shadow-button typed=True screenshot=C:\Users\Admin\PycharmProjects\MercadoApp\bit\跃马扬鞭_BR_loop_20260627_113424_ai_group_26.png
[2026-06-27 11:38:03] SENT group=27/27 ids=6158192696,4421876747,6120674468 method=shadow-button typed=True screenshot=C:\Users\Admin\PycharmProjects\MercadoApp\bit\跃马扬鞭_BR_loop_20260627_113424_ai_group_27.png
[2026-06-27 11:38:03] DONE ids=81 sent_groups=27
[2026-06-27 11:43:22] START window=跃马扬鞭 site=BR
[2026-06-27 11:44:20] COLLECTED ids=81 groups=27
[2026-06-27 11:44:32] SENT group=1/27 ids=6096510794,6782142216,6782116756 method=shadow-button typed=True screenshot=C:\Users\Admin\PycharmProjects\MercadoApp\bit\跃马扬鞭_BR_loop_20260627_114420_ai_group_1.png
[2026-06-27 11:44:40] SENT group=2/27 ids=6158241752,4500278569,4566672579 method=shadow-button typed=True screenshot=C:\Users\Admin\PycharmProjects\MercadoApp\bit\跃马扬鞭_BR_loop_20260627_114420_ai_group_2.png
[2026-06-27 11:44:48] SENT group=3/27 ids=6103901564,6871324606,6870544688 method=shadow-button typed=True screenshot=C:\Users\Admin\PycharmProjects\MercadoApp\bit\跃马扬鞭_BR_loop_20260627_114420_ai_group_3.png
[2026-06-27 11:44:56] SENT group=4/27 ids=6247651816,6823523342,6275596542 method=shadow-button typed=True screenshot=C:\Users\Admin\PycharmProjects\MercadoApp\bit\跃马扬鞭_BR_loop_20260627_114420_ai_group_4.png
[2026-06-27 11:45:04] SENT group=5/27 ids=6816324084,6816092368,6782108752 method=shadow-button typed=True screenshot=C:\Users\Admin\PycharmProjects\MercadoApp\bit\跃马扬鞭_BR_loop_20260627_114420_ai_group_5.png
[2026-06-27 11:45:13] SENT group=6/27 ids=6782086038,6782075896,6107792912 method=shadow-button typed=True screenshot=C:\Users\Admin\PycharmProjects\MercadoApp\bit\跃马扬鞭_BR_loop_20260627_114420_ai_group_6.png
[2026-06-27 11:45:21] SENT group=7/27 ids=6256291768,4385863883,6221601498 method=shadow-button typed=True screenshot=C:\Users\Admin\PycharmProjects\MercadoApp\bit\跃马扬鞭_BR_loop_20260627_114420_ai_group_7.png
[2026-06-27 11:45:29] SENT group=8/27 ids=6207099882,4529976111,6636102802 method=shadow-button typed=True screenshot=C:\Users\Admin\PycharmProjects\MercadoApp\bit\跃马扬鞭_BR_loop_20260627_114420_ai_group_8.png
[2026-06-27 11:45:37] SENT group=9/27 ids=6635994752,6636102844,6636102812 method=shadow-button typed=True screenshot=C:\Users\Admin\PycharmProjects\MercadoApp\bit\跃马扬鞭_BR_loop_20260627_114420_ai_group_9.png
[2026-06-27 11:45:44] SENT group=10/27 ids=6635994722,6636077666,6635994660 method=shadow-button typed=True screenshot=C:\Users\Admin\PycharmProjects\MercadoApp\bit\跃马扬鞭_BR_loop_20260627_114420_ai_group_10.png
[2026-06-27 11:45:52] SENT group=11/27 ids=6636090270,6635994668,6631312950 method=shadow-button typed=True screenshot=C:\Users\Admin\PycharmProjects\MercadoApp\bit\跃马扬鞭_BR_loop_20260627_114420_ai_group_11.png
[2026-06-27 11:46:00] SENT group=12/27 ids=6631421766,4612951769,6631248858 method=shadow-button typed=True screenshot=C:\Users\Admin\PycharmProjects\MercadoApp\bit\跃马扬鞭_BR_loop_20260627_114420_ai_group_12.png
[2026-06-27 11:46:08] SENT group=13/27 ids=6631308762,6631247728,6631308332 method=shadow-button typed=True screenshot=C:\Users\Admin\PycharmProjects\MercadoApp\bit\跃马扬鞭_BR_loop_20260627_114420_ai_group_13.png
[2026-06-27 11:46:16] SENT group=14/27 ids=6631308288,6631247700,6631308208 method=shadow-button typed=True screenshot=C:\Users\Admin\PycharmProjects\MercadoApp\bit\跃马扬鞭_BR_loop_20260627_114420_ai_group_14.png
[2026-06-27 11:46:24] SENT group=15/27 ids=6631144870,4612866923,6631246670 method=shadow-button typed=True screenshot=C:\Users\Admin\PycharmProjects\MercadoApp\bit\跃马扬鞭_BR_loop_20260627_114420_ai_group_15.png
[2026-06-27 11:46:32] SENT group=16/27 ids=4612866887,6631143318,4612866205 method=shadow-button typed=True screenshot=C:\Users\Admin\PycharmProjects\MercadoApp\bit\跃马扬鞭_BR_loop_20260627_114420_ai_group_16.png
[2026-06-27 11:46:40] SENT group=17/27 ids=6631143200,4476953283,4500329799 method=shadow-button typed=True screenshot=C:\Users\Admin\PycharmProjects\MercadoApp\bit\跃马扬鞭_BR_loop_20260627_114420_ai_group_17.png
[2026-06-27 11:46:48] SENT group=18/27 ids=6127671802,6177861432,6107767296 method=shadow-button typed=True screenshot=C:\Users\Admin\PycharmProjects\MercadoApp\bit\跃马扬鞭_BR_loop_20260627_114420_ai_group_18.png
[2026-06-27 11:46:56] SENT group=19/27 ids=6107767340,6120906798,4447701763 method=shadow-button typed=True screenshot=C:\Users\Admin\PycharmProjects\MercadoApp\bit\跃马扬鞭_BR_loop_20260627_114420_ai_group_19.png
[2026-06-27 11:47:04] SENT group=20/27 ids=4381937041,6273419292,6107792788 method=shadow-button typed=True screenshot=C:\Users\Admin\PycharmProjects\MercadoApp\bit\跃马扬鞭_BR_loop_20260627_114420_ai_group_20.png
[2026-06-27 11:47:12] SENT group=21/27 ids=6328307078,4385901999,6107525314 method=shadow-button typed=True screenshot=C:\Users\Admin\PycharmProjects\MercadoApp\bit\跃马扬鞭_BR_loop_20260627_114420_ai_group_21.png
[2026-06-27 11:47:20] SENT group=22/27 ids=4392218123,4447520625,4566699745 method=shadow-button typed=True screenshot=C:\Users\Admin\PycharmProjects\MercadoApp\bit\跃马扬鞭_BR_loop_20260627_114420_ai_group_22.png
[2026-06-27 11:47:28] SENT group=23/27 ids=6530755390,6530656488,4566660187 method=shadow-button typed=True screenshot=C:\Users\Admin\PycharmProjects\MercadoApp\bit\跃马扬鞭_BR_loop_20260627_114420_ai_group_23.png
[2026-06-27 11:47:36] SENT group=24/27 ids=4379405861,4530001545,6275609532 method=shadow-button typed=True screenshot=C:\Users\Admin\PycharmProjects\MercadoApp\bit\跃马扬鞭_BR_loop_20260627_114420_ai_group_24.png
[2026-06-27 11:47:44] SENT group=25/27 ids=6444077292,6443865202,6426073740 method=shadow-button typed=True screenshot=C:\Users\Admin\PycharmProjects\MercadoApp\bit\跃马扬鞭_BR_loop_20260627_114420_ai_group_25.png
[2026-06-27 11:47:52] SENT group=26/27 ids=6087035048,4432416123,4443240057 method=shadow-button typed=True screenshot=C:\Users\Admin\PycharmProjects\MercadoApp\bit\跃马扬鞭_BR_loop_20260627_114420_ai_group_26.png
[2026-06-27 11:48:00] SENT group=27/27 ids=6158192696,4421876747,6120674468 method=shadow-button typed=True screenshot=C:\Users\Admin\PycharmProjects\MercadoApp\bit\跃马扬鞭_BR_loop_20260627_114420_ai_group_27.png
[2026-06-27 11:48:00] DONE ids=81 sent_groups=27
[2026-06-27 11:53:24] START window=跃马扬鞭 site=BR
[2026-06-27 11:54:23] COLLECTED ids=81 groups=27
[2026-06-27 11:54:35] SENT group=1/27 ids=6096510794,6782142216,6782116756 method=shadow-button typed=True screenshot=C:\Users\Admin\PycharmProjects\MercadoApp\bit\跃马扬鞭_BR_loop_20260627_115423_ai_group_1.png
[2026-06-27 11:54:43] SENT group=2/27 ids=6158241752,4500278569,4566672579 method=shadow-button typed=True screenshot=C:\Users\Admin\PycharmProjects\MercadoApp\bit\跃马扬鞭_BR_loop_20260627_115423_ai_group_2.png
[2026-06-27 11:54:51] SENT group=3/27 ids=6103901564,6871324606,6870544688 method=shadow-button typed=True screenshot=C:\Users\Admin\PycharmProjects\MercadoApp\bit\跃马扬鞭_BR_loop_20260627_115423_ai_group_3.png
[2026-06-27 11:54:59] SENT group=4/27 ids=6247651816,6823523342,6275596542 method=shadow-button typed=True screenshot=C:\Users\Admin\PycharmProjects\MercadoApp\bit\跃马扬鞭_BR_loop_20260627_115423_ai_group_4.png
[2026-06-27 11:55:07] SENT group=5/27 ids=6816324084,6816092368,6782108752 method=shadow-button typed=True screenshot=C:\Users\Admin\PycharmProjects\MercadoApp\bit\跃马扬鞭_BR_loop_20260627_115423_ai_group_5.png
[2026-06-27 11:55:15] SENT group=6/27 ids=6782086038,6782075896,6107792912 method=shadow-button typed=True screenshot=C:\Users\Admin\PycharmProjects\MercadoApp\bit\跃马扬鞭_BR_loop_20260627_115423_ai_group_6.png
[2026-06-27 11:55:23] SENT group=7/27 ids=6256291768,4385863883,6221601498 method=shadow-button typed=True screenshot=C:\Users\Admin\PycharmProjects\MercadoApp\bit\跃马扬鞭_BR_loop_20260627_115423_ai_group_7.png
[2026-06-27 11:55:31] SENT group=8/27 ids=6207099882,4529976111,6636102802 method=shadow-button typed=True screenshot=C:\Users\Admin\PycharmProjects\MercadoApp\bit\跃马扬鞭_BR_loop_20260627_115423_ai_group_8.png
[2026-06-27 11:55:39] SENT group=9/27 ids=6635994752,6636102844,6636102812 method=shadow-button typed=True screenshot=C:\Users\Admin\PycharmProjects\MercadoApp\bit\跃马扬鞭_BR_loop_20260627_115423_ai_group_9.png
[2026-06-27 11:55:47] SENT group=10/27 ids=6635994722,6636077666,6635994660 method=shadow-button typed=True screenshot=C:\Users\Admin\PycharmProjects\MercadoApp\bit\跃马扬鞭_BR_loop_20260627_115423_ai_group_10.png
[2026-06-27 11:55:55] SENT group=11/27 ids=6636090270,6635994668,6631312950 method=shadow-button typed=True screenshot=C:\Users\Admin\PycharmProjects\MercadoApp\bit\跃马扬鞭_BR_loop_20260627_115423_ai_group_11.png
[2026-06-27 11:56:03] SENT group=12/27 ids=6631421766,4612951769,6631248858 method=shadow-button typed=True screenshot=C:\Users\Admin\PycharmProjects\MercadoApp\bit\跃马扬鞭_BR_loop_20260627_115423_ai_group_12.png
[2026-06-27 11:56:11] SENT group=13/27 ids=6631308762,6631247728,6631308332 method=shadow-button typed=True screenshot=C:\Users\Admin\PycharmProjects\MercadoApp\bit\跃马扬鞭_BR_loop_20260627_115423_ai_group_13.png
[2026-06-27 11:56:19] SENT group=14/27 ids=6631308288,6631247700,6631308208 method=shadow-button typed=True screenshot=C:\Users\Admin\PycharmProjects\MercadoApp\bit\跃马扬鞭_BR_loop_20260627_115423_ai_group_14.png
[2026-06-27 11:56:27] SENT group=15/27 ids=6631144870,4612866923,6631246670 method=shadow-button typed=True screenshot=C:\Users\Admin\PycharmProjects\MercadoApp\bit\跃马扬鞭_BR_loop_20260627_115423_ai_group_15.png
[2026-06-27 11:56:35] SENT group=16/27 ids=4612866887,6631143318,4612866205 method=shadow-button typed=True screenshot=C:\Users\Admin\PycharmProjects\MercadoApp\bit\跃马扬鞭_BR_loop_20260627_115423_ai_group_16.png
[2026-06-27 11:56:43] SENT group=17/27 ids=6631143200,4476953283,4500329799 method=shadow-button typed=True screenshot=C:\Users\Admin\PycharmProjects\MercadoApp\bit\跃马扬鞭_BR_loop_20260627_115423_ai_group_17.png
[2026-06-27 11:56:51] SENT group=18/27 ids=6127671802,6177861432,6107767296 method=shadow-button typed=True screenshot=C:\Users\Admin\PycharmProjects\MercadoApp\bit\跃马扬鞭_BR_loop_20260627_115423_ai_group_18.png
[2026-06-27 11:56:59] SENT group=19/27 ids=6107767340,6120906798,4447701763 method=shadow-button typed=True screenshot=C:\Users\Admin\PycharmProjects\MercadoApp\bit\跃马扬鞭_BR_loop_20260627_115423_ai_group_19.png
[2026-06-27 11:57:07] SENT group=20/27 ids=4381937041,6273419292,6107792788 method=shadow-button typed=True screenshot=C:\Users\Admin\PycharmProjects\MercadoApp\bit\跃马扬鞭_BR_loop_20260627_115423_ai_group_20.png
[2026-06-27 11:57:15] SENT group=21/27 ids=6328307078,4385901999,6107525314 method=shadow-button typed=True screenshot=C:\Users\Admin\PycharmProjects\MercadoApp\bit\跃马扬鞭_BR_loop_20260627_115423_ai_group_21.png
[2026-06-27 11:57:23] SENT group=22/27 ids=4392218123,4447520625,4566699745 method=shadow-button typed=True screenshot=C:\Users\Admin\PycharmProjects\MercadoApp\bit\跃马扬鞭_BR_loop_20260627_115423_ai_group_22.png
[2026-06-27 11:57:31] SENT group=23/27 ids=6530755390,6530656488,4566660187 method=shadow-button typed=True screenshot=C:\Users\Admin\PycharmProjects\MercadoApp\bit\跃马扬鞭_BR_loop_20260627_115423_ai_group_23.png
[2026-06-27 11:57:39] SENT group=24/27 ids=4379405861,4530001545,6275609532 method=shadow-button typed=True screenshot=C:\Users\Admin\PycharmProjects\MercadoApp\bit\跃马扬鞭_BR_loop_20260627_115423_ai_group_24.png
[2026-06-27 11:57:47] SENT group=25/27 ids=6444077292,6443865202,6426073740 method=shadow-button typed=True screenshot=C:\Users\Admin\PycharmProjects\MercadoApp\bit\跃马扬鞭_BR_loop_20260627_115423_ai_group_25.png
[2026-06-27 11:57:55] SENT group=26/27 ids=6087035048,4432416123,4443240057 method=shadow-button typed=True screenshot=C:\Users\Admin\PycharmProjects\MercadoApp\bit\跃马扬鞭_BR_loop_20260627_115423_ai_group_26.png
[2026-06-27 11:58:03] SENT group=27/27 ids=6158192696,4421876747,6120674468 method=shadow-button typed=True screenshot=C:\Users\Admin\PycharmProjects\MercadoApp\bit\跃马扬鞭_BR_loop_20260627_115423_ai_group_27.png
[2026-06-27 11:58:03] DONE ids=81 sent_groups=27
[2026-06-27 12:03:24] START window=跃马扬鞭 site=BR
[2026-06-27 12:04:23] COLLECTED ids=81 groups=27
[2026-06-27 12:04:35] SENT group=1/27 ids=6096510794,6782142216,6782116756 method=shadow-button typed=True screenshot=C:\Users\Admin\PycharmProjects\MercadoApp\bit\跃马扬鞭_BR_loop_20260627_120423_ai_group_1.png
[2026-06-27 12:04:43] SENT group=2/27 ids=6158241752,4500278569,4566672579 method=shadow-button typed=True screenshot=C:\Users\Admin\PycharmProjects\MercadoApp\bit\跃马扬鞭_BR_loop_20260627_120423_ai_group_2.png
[2026-06-27 12:04:51] SENT group=3/27 ids=6103901564,6871324606,6870544688 method=shadow-button typed=True screenshot=C:\Users\Admin\PycharmProjects\MercadoApp\bit\跃马扬鞭_BR_loop_20260627_120423_ai_group_3.png
[2026-06-27 12:04:59] SENT group=4/27 ids=6247651816,6823523342,6275596542 method=shadow-button typed=True screenshot=C:\Users\Admin\PycharmProjects\MercadoApp\bit\跃马扬鞭_BR_loop_20260627_120423_ai_group_4.png
[2026-06-27 12:05:07] SENT group=5/27 ids=6816324084,6816092368,6782108752 method=shadow-button typed=True screenshot=C:\Users\Admin\PycharmProjects\MercadoApp\bit\跃马扬鞭_BR_loop_20260627_120423_ai_group_5.png
[2026-06-27 12:05:15] SENT group=6/27 ids=6782086038,6782075896,6107792912 method=shadow-button typed=True screenshot=C:\Users\Admin\PycharmProjects\MercadoApp\bit\跃马扬鞭_BR_loop_20260627_120423_ai_group_6.png
[2026-06-27 12:05:23] SENT group=7/27 ids=6256291768,4385863883,6221601498 method=shadow-button typed=True screenshot=C:\Users\Admin\PycharmProjects\MercadoApp\bit\跃马扬鞭_BR_loop_20260627_120423_ai_group_7.png
[2026-06-27 12:05:31] SENT group=8/27 ids=6207099882,4529976111,6636102802 method=shadow-button typed=True screenshot=C:\Users\Admin\PycharmProjects\MercadoApp\bit\跃马扬鞭_BR_loop_20260627_120423_ai_group_8.png
[2026-06-27 12:05:39] SENT group=9/27 ids=6635994752,6636102844,6636102812 method=shadow-button typed=True screenshot=C:\Users\Admin\PycharmProjects\MercadoApp\bit\跃马扬鞭_BR_loop_20260627_120423_ai_group_9.png
[2026-06-27 12:05:47] SENT group=10/27 ids=6635994722,6636077666,6635994660 method=shadow-button typed=True screenshot=C:\Users\Admin\PycharmProjects\MercadoApp\bit\跃马扬鞭_BR_loop_20260627_120423_ai_group_10.png
[2026-06-27 12:05:55] SENT group=11/27 ids=6636090270,6635994668,6631312950 method=shadow-button typed=True screenshot=C:\Users\Admin\PycharmProjects\MercadoApp\bit\跃马扬鞭_BR_loop_20260627_120423_ai_group_11.png
[2026-06-27 12:06:03] SENT group=12/27 ids=6631421766,4612951769,6631248858 method=shadow-button typed=True screenshot=C:\Users\Admin\PycharmProjects\MercadoApp\bit\跃马扬鞭_BR_loop_20260627_120423_ai_group_12.png
[2026-06-27 12:06:11] SENT group=13/27 ids=6631308762,6631247728,6631308332 method=shadow-button typed=True screenshot=C:\Users\Admin\PycharmProjects\MercadoApp\bit\跃马扬鞭_BR_loop_20260627_120423_ai_group_13.png
[2026-06-27 12:06:19] SENT group=14/27 ids=6631308288,6631247700,6631308208 method=shadow-button typed=True screenshot=C:\Users\Admin\PycharmProjects\MercadoApp\bit\跃马扬鞭_BR_loop_20260627_120423_ai_group_14.png
[2026-06-27 12:06:27] SENT group=15/27 ids=6631144870,4612866923,6631246670 method=shadow-button typed=True screenshot=C:\Users\Admin\PycharmProjects\MercadoApp\bit\跃马扬鞭_BR_loop_20260627_120423_ai_group_15.png
[2026-06-27 12:06:35] SENT group=16/27 ids=4612866887,6631143318,4612866205 method=shadow-button typed=True screenshot=C:\Users\Admin\PycharmProjects\MercadoApp\bit\跃马扬鞭_BR_loop_20260627_120423_ai_group_16.png
[2026-06-27 12:06:43] SENT group=17/27 ids=6631143200,4476953283,4500329799 method=shadow-button typed=True screenshot=C:\Users\Admin\PycharmProjects\MercadoApp\bit\跃马扬鞭_BR_loop_20260627_120423_ai_group_17.png
[2026-06-27 12:06:51] SENT group=18/27 ids=6127671802,6177861432,6107767296 method=shadow-button typed=True screenshot=C:\Users\Admin\PycharmProjects\MercadoApp\bit\跃马扬鞭_BR_loop_20260627_120423_ai_group_18.png
[2026-06-27 12:06:59] SENT group=19/27 ids=6107767340,6120906798,4447701763 method=shadow-button typed=True screenshot=C:\Users\Admin\PycharmProjects\MercadoApp\bit\跃马扬鞭_BR_loop_20260627_120423_ai_group_19.png
[2026-06-27 12:07:07] SENT group=20/27 ids=4381937041,6273419292,6107792788 method=shadow-button typed=True screenshot=C:\Users\Admin\PycharmProjects\MercadoApp\bit\跃马扬鞭_BR_loop_20260627_120423_ai_group_20.png
[2026-06-27 12:07:15] SENT group=21/27 ids=6328307078,4385901999,6107525314 method=shadow-button typed=True screenshot=C:\Users\Admin\PycharmProjects\MercadoApp\bit\跃马扬鞭_BR_loop_20260627_120423_ai_group_21.png
[2026-06-27 12:07:23] SENT group=22/27 ids=4392218123,4447520625,4566699745 method=shadow-button typed=True screenshot=C:\Users\Admin\PycharmProjects\MercadoApp\bit\跃马扬鞭_BR_loop_20260627_120423_ai_group_22.png
[2026-06-27 12:07:31] SENT group=23/27 ids=6530755390,6530656488,4566660187 method=shadow-button typed=True screenshot=C:\Users\Admin\PycharmProjects\MercadoApp\bit\跃马扬鞭_BR_loop_20260627_120423_ai_group_23.png
[2026-06-27 12:07:39] SENT group=24/27 ids=4379405861,4530001545,6275609532 method=shadow-button typed=True screenshot=C:\Users\Admin\PycharmProjects\MercadoApp\bit\跃马扬鞭_BR_loop_20260627_120423_ai_group_24.png
[2026-06-27 12:07:47] SENT group=25/27 ids=6444077292,6443865202,6426073740 method=shadow-button typed=True screenshot=C:\Users\Admin\PycharmProjects\MercadoApp\bit\跃马扬鞭_BR_loop_20260627_120423_ai_group_25.png
[2026-06-27 12:07:55] SENT group=26/27 ids=6087035048,4432416123,4443240057 method=shadow-button typed=True screenshot=C:\Users\Admin\PycharmProjects\MercadoApp\bit\跃马扬鞭_BR_loop_20260627_120423_ai_group_26.png
[2026-06-27 12:08:03] SENT group=27/27 ids=6158192696,4421876747,6120674468 method=shadow-button typed=True screenshot=C:\Users\Admin\PycharmProjects\MercadoApp\bit\跃马扬鞭_BR_loop_20260627_120423_ai_group_27.png
[2026-06-27 12:08:03] DONE ids=81 sent_groups=27
[2026-06-27 12:13:23] START window=跃马扬鞭 site=BR
[2026-06-27 12:14:23] COLLECTED ids=81 groups=27
[2026-06-27 12:14:35] SENT group=1/27 ids=6096510794,6782142216,6782116756 method=shadow-button typed=True screenshot=C:\Users\Admin\PycharmProjects\MercadoApp\bit\跃马扬鞭_BR_loop_20260627_121422_ai_group_1.png
[2026-06-27 12:14:43] SENT group=2/27 ids=6158241752,4500278569,4566672579 method=shadow-button typed=True screenshot=C:\Users\Admin\PycharmProjects\MercadoApp\bit\跃马扬鞭_BR_loop_20260627_121422_ai_group_2.png
[2026-06-27 12:14:51] SENT group=3/27 ids=6103901564,6871324606,6870544688 method=shadow-button typed=True screenshot=C:\Users\Admin\PycharmProjects\MercadoApp\bit\跃马扬鞭_BR_loop_20260627_121422_ai_group_3.png
[2026-06-27 12:14:59] SENT group=4/27 ids=6247651816,6823523342,6275596542 method=shadow-button typed=True screenshot=C:\Users\Admin\PycharmProjects\MercadoApp\bit\跃马扬鞭_BR_loop_20260627_121422_ai_group_4.png
[2026-06-27 12:15:07] SENT group=5/27 ids=6816324084,6816092368,6782108752 method=shadow-button typed=True screenshot=C:\Users\Admin\PycharmProjects\MercadoApp\bit\跃马扬鞭_BR_loop_20260627_121422_ai_group_5.png
[2026-06-27 12:15:15] SENT group=6/27 ids=6782086038,6782075896,6107792912 method=shadow-button typed=True screenshot=C:\Users\Admin\PycharmProjects\MercadoApp\bit\跃马扬鞭_BR_loop_20260627_121422_ai_group_6.png
[2026-06-27 12:15:23] SENT group=7/27 ids=6256291768,4385863883,6221601498 method=shadow-button typed=True screenshot=C:\Users\Admin\PycharmProjects\MercadoApp\bit\跃马扬鞭_BR_loop_20260627_121422_ai_group_7.png
[2026-06-27 12:15:31] SENT group=8/27 ids=6207099882,4529976111,6636102802 method=shadow-button typed=True screenshot=C:\Users\Admin\PycharmProjects\MercadoApp\bit\跃马扬鞭_BR_loop_20260627_121422_ai_group_8.png
[2026-06-27 12:15:39] SENT group=9/27 ids=6635994752,6636102844,6636102812 method=shadow-button typed=True screenshot=C:\Users\Admin\PycharmProjects\MercadoApp\bit\跃马扬鞭_BR_loop_20260627_121422_ai_group_9.png
[2026-06-27 12:15:47] SENT group=10/27 ids=6635994722,6636077666,6635994660 method=shadow-button typed=True screenshot=C:\Users\Admin\PycharmProjects\MercadoApp\bit\跃马扬鞭_BR_loop_20260627_121422_ai_group_10.png
[2026-06-27 12:15:55] SENT group=11/27 ids=6636090270,6635994668,6631312950 method=shadow-button typed=True screenshot=C:\Users\Admin\PycharmProjects\MercadoApp\bit\跃马扬鞭_BR_loop_20260627_121422_ai_group_11.png
[2026-06-27 12:16:03] SENT group=12/27 ids=6631421766,4612951769,6631248858 method=shadow-button typed=True screenshot=C:\Users\Admin\PycharmProjects\MercadoApp\bit\跃马扬鞭_BR_loop_20260627_121422_ai_group_12.png
[2026-06-27 12:16:11] SENT group=13/27 ids=6631308762,6631247728,6631308332 method=shadow-button typed=True screenshot=C:\Users\Admin\PycharmProjects\MercadoApp\bit\跃马扬鞭_BR_loop_20260627_121422_ai_group_13.png
[2026-06-27 12:16:19] SENT group=14/27 ids=6631308288,6631247700,6631308208 method=shadow-button typed=True screenshot=C:\Users\Admin\PycharmProjects\MercadoApp\bit\跃马扬鞭_BR_loop_20260627_121422_ai_group_14.png
[2026-06-27 12:16:27] SENT group=15/27 ids=6631144870,4612866923,6631246670 method=shadow-button typed=True screenshot=C:\Users\Admin\PycharmProjects\MercadoApp\bit\跃马扬鞭_BR_loop_20260627_121422_ai_group_15.png
[2026-06-27 12:16:35] SENT group=16/27 ids=4612866887,6631143318,4612866205 method=shadow-button typed=True screenshot=C:\Users\Admin\PycharmProjects\MercadoApp\bit\跃马扬鞭_BR_loop_20260627_121422_ai_group_16.png
[2026-06-27 12:16:43] SENT group=17/27 ids=6631143200,4476953283,4500329799 method=shadow-button typed=True screenshot=C:\Users\Admin\PycharmProjects\MercadoApp\bit\跃马扬鞭_BR_loop_20260627_121422_ai_group_17.png
[2026-06-27 12:16:51] SENT group=18/27 ids=6127671802,6177861432,6107767296 method=shadow-button typed=True screenshot=C:\Users\Admin\PycharmProjects\MercadoApp\bit\跃马扬鞭_BR_loop_20260627_121422_ai_group_18.png
[2026-06-27 12:16:59] SENT group=19/27 ids=6107767340,6120906798,4447701763 method=shadow-button typed=True screenshot=C:\Users\Admin\PycharmProjects\MercadoApp\bit\跃马扬鞭_BR_loop_20260627_121422_ai_group_19.png
[2026-06-27 12:17:07] SENT group=20/27 ids=4381937041,6273419292,6107792788 method=shadow-button typed=True screenshot=C:\Users\Admin\PycharmProjects\MercadoApp\bit\跃马扬鞭_BR_loop_20260627_121422_ai_group_20.png
[2026-06-27 12:17:15] SENT group=21/27 ids=6328307078,4385901999,6107525314 method=shadow-button typed=True screenshot=C:\Users\Admin\PycharmProjects\MercadoApp\bit\跃马扬鞭_BR_loop_20260627_121422_ai_group_21.png
[2026-06-27 12:17:23] SENT group=22/27 ids=4392218123,4447520625,4566699745 method=shadow-button typed=True screenshot=C:\Users\Admin\PycharmProjects\MercadoApp\bit\跃马扬鞭_BR_loop_20260627_121422_ai_group_22.png
[2026-06-27 12:17:31] SENT group=23/27 ids=6530755390,6530656488,4566660187 method=shadow-button typed=True screenshot=C:\Users\Admin\PycharmProjects\MercadoApp\bit\跃马扬鞭_BR_loop_20260627_121422_ai_group_23.png
[2026-06-27 12:17:39] SENT group=24/27 ids=4379405861,4530001545,6275609532 method=shadow-button typed=True screenshot=C:\Users\Admin\PycharmProjects\MercadoApp\bit\跃马扬鞭_BR_loop_20260627_121422_ai_group_24.png
[2026-06-27 12:17:47] SENT group=25/27 ids=6444077292,6443865202,6426073740 method=shadow-button typed=True screenshot=C:\Users\Admin\PycharmProjects\MercadoApp\bit\跃马扬鞭_BR_loop_20260627_121422_ai_group_25.png
[2026-06-27 12:17:55] SENT group=26/27 ids=6087035048,4432416123,4443240057 method=shadow-button typed=True screenshot=C:\Users\Admin\PycharmProjects\MercadoApp\bit\跃马扬鞭_BR_loop_20260627_121422_ai_group_26.png
[2026-06-27 12:18:03] SENT group=27/27 ids=6158192696,4421876747,6120674468 method=shadow-button typed=True screenshot=C:\Users\Admin\PycharmProjects\MercadoApp\bit\跃马扬鞭_BR_loop_20260627_121422_ai_group_27.png
[2026-06-27 12:18:03] DONE ids=81 sent_groups=27
[2026-06-27 12:23:23] START window=跃马扬鞭 site=BR
[2026-06-27 12:24:23] COLLECTED ids=81 groups=27
[2026-06-27 12:24:35] SENT group=1/27 ids=6096510794,6782142216,6782116756 method=shadow-button typed=True screenshot=C:\Users\Admin\PycharmProjects\MercadoApp\bit\跃马扬鞭_BR_loop_20260627_122423_ai_group_1.png
[2026-06-27 12:24:43] SENT group=2/27 ids=6158241752,4500278569,4566672579 method=shadow-button typed=True screenshot=C:\Users\Admin\PycharmProjects\MercadoApp\bit\跃马扬鞭_BR_loop_20260627_122423_ai_group_2.png
[2026-06-27 12:24:51] SENT group=3/27 ids=6103901564,6871324606,6870544688 method=shadow-button typed=True screenshot=C:\Users\Admin\PycharmProjects\MercadoApp\bit\跃马扬鞭_BR_loop_20260627_122423_ai_group_3.png
[2026-06-27 12:24:59] SENT group=4/27 ids=6247651816,6823523342,6275596542 method=shadow-button typed=True screenshot=C:\Users\Admin\PycharmProjects\MercadoApp\bit\跃马扬鞭_BR_loop_20260627_122423_ai_group_4.png
[2026-06-27 12:25:07] SENT group=5/27 ids=6816324084,6816092368,6782108752 method=shadow-button typed=True screenshot=C:\Users\Admin\PycharmProjects\MercadoApp\bit\跃马扬鞭_BR_loop_20260627_122423_ai_group_5.png
[2026-06-27 12:25:15] SENT group=6/27 ids=6782086038,6782075896,6107792912 method=shadow-button typed=True screenshot=C:\Users\Admin\PycharmProjects\MercadoApp\bit\跃马扬鞭_BR_loop_20260627_122423_ai_group_6.png
[2026-06-27 12:25:23] SENT group=7/27 ids=6256291768,4385863883,6221601498 method=shadow-button typed=True screenshot=C:\Users\Admin\PycharmProjects\MercadoApp\bit\跃马扬鞭_BR_loop_20260627_122423_ai_group_7.png
[2026-06-27 12:25:31] SENT group=8/27 ids=6207099882,4529976111,6636102802 method=shadow-button typed=True screenshot=C:\Users\Admin\PycharmProjects\MercadoApp\bit\跃马扬鞭_BR_loop_20260627_122423_ai_group_8.png
[2026-06-27 12:25:39] SENT group=9/27 ids=6635994752,6636102844,6636102812 method=shadow-button typed=True screenshot=C:\Users\Admin\PycharmProjects\MercadoApp\bit\跃马扬鞭_BR_loop_20260627_122423_ai_group_9.png
[2026-06-27 12:25:47] SENT group=10/27 ids=6635994722,6636077666,6635994660 method=shadow-button typed=True screenshot=C:\Users\Admin\PycharmProjects\MercadoApp\bit\跃马扬鞭_BR_loop_20260627_122423_ai_group_10.png
[2026-06-27 12:25:55] SENT group=11/27 ids=6636090270,6635994668,6631312950 method=shadow-button typed=True screenshot=C:\Users\Admin\PycharmProjects\MercadoApp\bit\跃马扬鞭_BR_loop_20260627_122423_ai_group_11.png
[2026-06-27 12:26:03] SENT group=12/27 ids=6631421766,4612951769,6631248858 method=shadow-button typed=True screenshot=C:\Users\Admin\PycharmProjects\MercadoApp\bit\跃马扬鞭_BR_loop_20260627_122423_ai_group_12.png
[2026-06-27 12:26:11] SENT group=13/27 ids=6631308762,6631247728,6631308332 method=shadow-button typed=True screenshot=C:\Users\Admin\PycharmProjects\MercadoApp\bit\跃马扬鞭_BR_loop_20260627_122423_ai_group_13.png
[2026-06-27 12:26:19] SENT group=14/27 ids=6631308288,6631247700,6631308208 method=shadow-button typed=True screenshot=C:\Users\Admin\PycharmProjects\MercadoApp\bit\跃马扬鞭_BR_loop_20260627_122423_ai_group_14.png
[2026-06-27 12:26:27] SENT group=15/27 ids=6631144870,4612866923,6631246670 method=shadow-button typed=True screenshot=C:\Users\Admin\PycharmProjects\MercadoApp\bit\跃马扬鞭_BR_loop_20260627_122423_ai_group_15.png
[2026-06-27 12:26:35] SENT group=16/27 ids=4612866887,6631143318,4612866205 method=shadow-button typed=True screenshot=C:\Users\Admin\PycharmProjects\MercadoApp\bit\跃马扬鞭_BR_loop_20260627_122423_ai_group_16.png
[2026-06-27 12:26:43] SENT group=17/27 ids=6631143200,4476953283,4500329799 method=shadow-button typed=True screenshot=C:\Users\Admin\PycharmProjects\MercadoApp\bit\跃马扬鞭_BR_loop_20260627_122423_ai_group_17.png
[2026-06-27 12:26:51] SENT group=18/27 ids=6127671802,6177861432,6107767296 method=shadow-button typed=True screenshot=C:\Users\Admin\PycharmProjects\MercadoApp\bit\跃马扬鞭_BR_loop_20260627_122423_ai_group_18.png
[2026-06-27 12:26:59] SENT group=19/27 ids=6107767340,6120906798,4447701763 method=shadow-button typed=True screenshot=C:\Users\Admin\PycharmProjects\MercadoApp\bit\跃马扬鞭_BR_loop_20260627_122423_ai_group_19.png
[2026-06-27 12:27:07] SENT group=20/27 ids=4381937041,6273419292,6107792788 method=shadow-button typed=True screenshot=C:\Users\Admin\PycharmProjects\MercadoApp\bit\跃马扬鞭_BR_loop_20260627_122423_ai_group_20.png
[2026-06-27 12:27:15] SENT group=21/27 ids=6328307078,4385901999,6107525314 method=shadow-button typed=True screenshot=C:\Users\Admin\PycharmProjects\MercadoApp\bit\跃马扬鞭_BR_loop_20260627_122423_ai_group_21.png
[2026-06-27 12:27:23] SENT group=22/27 ids=4392218123,4447520625,4566699745 method=shadow-button typed=True screenshot=C:\Users\Admin\PycharmProjects\MercadoApp\bit\跃马扬鞭_BR_loop_20260627_122423_ai_group_22.png
[2026-06-27 12:27:31] SENT group=23/27 ids=6530755390,6530656488,4566660187 method=shadow-button typed=True screenshot=C:\Users\Admin\PycharmProjects\MercadoApp\bit\跃马扬鞭_BR_loop_20260627_122423_ai_group_23.png
[2026-06-27 12:27:39] SENT group=24/27 ids=4379405861,4530001545,6275609532 method=shadow-button typed=True screenshot=C:\Users\Admin\PycharmProjects\MercadoApp\bit\跃马扬鞭_BR_loop_20260627_122423_ai_group_24.png
[2026-06-27 12:27:47] SENT group=25/27 ids=6444077292,6443865202,6426073740 method=shadow-button typed=True screenshot=C:\Users\Admin\PycharmProjects\MercadoApp\bit\跃马扬鞭_BR_loop_20260627_122423_ai_group_25.png
[2026-06-27 12:27:55] SENT group=26/27 ids=6087035048,4432416123,4443240057 method=shadow-button typed=True screenshot=C:\Users\Admin\PycharmProjects\MercadoApp\bit\跃马扬鞭_BR_loop_20260627_122423_ai_group_26.png
[2026-06-27 12:28:03] SENT group=27/27 ids=6158192696,4421876747,6120674468 method=shadow-button typed=True screenshot=C:\Users\Admin\PycharmProjects\MercadoApp\bit\跃马扬鞭_BR_loop_20260627_122423_ai_group_27.png
[2026-06-27 12:28:03] DONE ids=81 sent_groups=27
[2026-06-27 12:33:25] START window=跃马扬鞭 site=BR
[2026-06-27 12:34:24] COLLECTED ids=81 groups=27
[2026-06-27 12:34:36] SENT group=1/27 ids=6096510794,6782142216,6782116756 method=shadow-button typed=True screenshot=C:\Users\Admin\PycharmProjects\MercadoApp\bit\跃马扬鞭_BR_loop_20260627_123424_ai_group_1.png
[2026-06-27 12:34:44] SENT group=2/27 ids=6158241752,4500278569,4566672579 method=shadow-button typed=True screenshot=C:\Users\Admin\PycharmProjects\MercadoApp\bit\跃马扬鞭_BR_loop_20260627_123424_ai_group_2.png
[2026-06-27 12:34:52] SENT group=3/27 ids=6103901564,6871324606,6870544688 method=shadow-button typed=True screenshot=C:\Users\Admin\PycharmProjects\MercadoApp\bit\跃马扬鞭_BR_loop_20260627_123424_ai_group_3.png
[2026-06-27 12:35:00] SENT group=4/27 ids=6247651816,6823523342,6275596542 method=shadow-button typed=True screenshot=C:\Users\Admin\PycharmProjects\MercadoApp\bit\跃马扬鞭_BR_loop_20260627_123424_ai_group_4.png
[2026-06-27 12:35:08] SENT group=5/27 ids=6816324084,6816092368,6782108752 method=shadow-button typed=True screenshot=C:\Users\Admin\PycharmProjects\MercadoApp\bit\跃马扬鞭_BR_loop_20260627_123424_ai_group_5.png
[2026-06-27 12:35:16] SENT group=6/27 ids=6782086038,6782075896,6107792912 method=shadow-button typed=True screenshot=C:\Users\Admin\PycharmProjects\MercadoApp\bit\跃马扬鞭_BR_loop_20260627_123424_ai_group_6.png
[2026-06-27 12:35:24] SENT group=7/27 ids=6256291768,4385863883,6221601498 method=shadow-button typed=True screenshot=C:\Users\Admin\PycharmProjects\MercadoApp\bit\跃马扬鞭_BR_loop_20260627_123424_ai_group_7.png
[2026-06-27 12:35:32] SENT group=8/27 ids=6207099882,4529976111,6636102802 method=shadow-button typed=True screenshot=C:\Users\Admin\PycharmProjects\MercadoApp\bit\跃马扬鞭_BR_loop_20260627_123424_ai_group_8.png
[2026-06-27 12:35:40] SENT group=9/27 ids=6635994752,6636102844,6636102812 method=shadow-button typed=True screenshot=C:\Users\Admin\PycharmProjects\MercadoApp\bit\跃马扬鞭_BR_loop_20260627_123424_ai_group_9.png
[2026-06-27 12:35:48] SENT group=10/27 ids=6635994722,6636077666,6635994660 method=shadow-button typed=True screenshot=C:\Users\Admin\PycharmProjects\MercadoApp\bit\跃马扬鞭_BR_loop_20260627_123424_ai_group_10.png
[2026-06-27 12:35:56] SENT group=11/27 ids=6636090270,6635994668,6631312950 method=shadow-button typed=True screenshot=C:\Users\Admin\PycharmProjects\MercadoApp\bit\跃马扬鞭_BR_loop_20260627_123424_ai_group_11.png
[2026-06-27 12:36:04] SENT group=12/27 ids=6631421766,4612951769,6631248858 method=shadow-button typed=True screenshot=C:\Users\Admin\PycharmProjects\MercadoApp\bit\跃马扬鞭_BR_loop_20260627_123424_ai_group_12.png
[2026-06-27 12:36:12] SENT group=13/27 ids=6631308762,6631247728,6631308332 method=shadow-button typed=True screenshot=C:\Users\Admin\PycharmProjects\MercadoApp\bit\跃马扬鞭_BR_loop_20260627_123424_ai_group_13.png
[2026-06-27 12:36:20] SENT group=14/27 ids=6631308288,6631247700,6631308208 method=shadow-button typed=True screenshot=C:\Users\Admin\PycharmProjects\MercadoApp\bit\跃马扬鞭_BR_loop_20260627_123424_ai_group_14.png
[2026-06-27 12:36:28] SENT group=15/27 ids=6631144870,4612866923,6631246670 method=shadow-button typed=True screenshot=C:\Users\Admin\PycharmProjects\MercadoApp\bit\跃马扬鞭_BR_loop_20260627_123424_ai_group_15.png
[2026-06-27 12:36:36] SENT group=16/27 ids=4612866887,6631143318,4612866205 method=shadow-button typed=True screenshot=C:\Users\Admin\PycharmProjects\MercadoApp\bit\跃马扬鞭_BR_loop_20260627_123424_ai_group_16.png
[2026-06-27 12:36:44] SENT group=17/27 ids=6631143200,4476953283,4500329799 method=shadow-button typed=True screenshot=C:\Users\Admin\PycharmProjects\MercadoApp\bit\跃马扬鞭_BR_loop_20260627_123424_ai_group_17.png
[2026-06-27 12:36:52] SENT group=18/27 ids=6127671802,6177861432,6107767296 method=shadow-button typed=True screenshot=C:\Users\Admin\PycharmProjects\MercadoApp\bit\跃马扬鞭_BR_loop_20260627_123424_ai_group_18.png
[2026-06-27 12:37:00] SENT group=19/27 ids=6107767340,6120906798,4447701763 method=shadow-button typed=True screenshot=C:\Users\Admin\PycharmProjects\MercadoApp\bit\跃马扬鞭_BR_loop_20260627_123424_ai_group_19.png
[2026-06-27 12:37:08] SENT group=20/27 ids=4381937041,6273419292,6107792788 method=shadow-button typed=True screenshot=C:\Users\Admin\PycharmProjects\MercadoApp\bit\跃马扬鞭_BR_loop_20260627_123424_ai_group_20.png
[2026-06-27 12:37:16] SENT group=21/27 ids=6328307078,4385901999,6107525314 method=shadow-button typed=True screenshot=C:\Users\Admin\PycharmProjects\MercadoApp\bit\跃马扬鞭_BR_loop_20260627_123424_ai_group_21.png
[2026-06-27 12:37:24] SENT group=22/27 ids=4392218123,4447520625,4566699745 method=shadow-button typed=True screenshot=C:\Users\Admin\PycharmProjects\MercadoApp\bit\跃马扬鞭_BR_loop_20260627_123424_ai_group_22.png
[2026-06-27 12:37:32] SENT group=23/27 ids=6530755390,6530656488,4566660187 method=shadow-button typed=True screenshot=C:\Users\Admin\PycharmProjects\MercadoApp\bit\跃马扬鞭_BR_loop_20260627_123424_ai_group_23.png
[2026-06-27 12:37:40] SENT group=24/27 ids=4379405861,4530001545,6275609532 method=shadow-button typed=True screenshot=C:\Users\Admin\PycharmProjects\MercadoApp\bit\跃马扬鞭_BR_loop_20260627_123424_ai_group_24.png
[2026-06-27 12:37:48] SENT group=25/27 ids=6444077292,6443865202,6426073740 method=shadow-button typed=True screenshot=C:\Users\Admin\PycharmProjects\MercadoApp\bit\跃马扬鞭_BR_loop_20260627_123424_ai_group_25.png
[2026-06-27 12:37:56] SENT group=26/27 ids=6087035048,4432416123,4443240057 method=shadow-button typed=True screenshot=C:\Users\Admin\PycharmProjects\MercadoApp\bit\跃马扬鞭_BR_loop_20260627_123424_ai_group_26.png
[2026-06-27 12:38:04] SENT group=27/27 ids=6158192696,4421876747,6120674468 method=shadow-button typed=True screenshot=C:\Users\Admin\PycharmProjects\MercadoApp\bit\跃马扬鞭_BR_loop_20260627_123424_ai_group_27.png
[2026-06-27 12:38:04] DONE ids=81 sent_groups=27
[2026-06-27 12:43:26] START window=跃马扬鞭 site=BR
[2026-06-27 12:44:25] COLLECTED ids=81 groups=27
[2026-06-27 12:44:38] SENT group=1/27 ids=6096510794,6782142216,6782116756 method=shadow-button typed=True screenshot=C:\Users\Admin\PycharmProjects\MercadoApp\bit\跃马扬鞭_BR_loop_20260627_124425_ai_group_1.png
[2026-06-27 12:44:46] SENT group=2/27 ids=6158241752,4500278569,4566672579 method=shadow-button typed=True screenshot=C:\Users\Admin\PycharmProjects\MercadoApp\bit\跃马扬鞭_BR_loop_20260627_124425_ai_group_2.png
[2026-06-27 12:44:54] SENT group=3/27 ids=6103901564,6871324606,6870544688 method=shadow-button typed=True screenshot=C:\Users\Admin\PycharmProjects\MercadoApp\bit\跃马扬鞭_BR_loop_20260627_124425_ai_group_3.png
[2026-06-27 12:45:01] SENT group=4/27 ids=6247651816,6823523342,6275596542 method=shadow-button typed=True screenshot=C:\Users\Admin\PycharmProjects\MercadoApp\bit\跃马扬鞭_BR_loop_20260627_124425_ai_group_4.png
[2026-06-27 12:45:09] SENT group=5/27 ids=6816324084,6816092368,6782108752 method=shadow-button typed=True screenshot=C:\Users\Admin\PycharmProjects\MercadoApp\bit\跃马扬鞭_BR_loop_20260627_124425_ai_group_5.png
[2026-06-27 12:45:18] SENT group=6/27 ids=6782086038,6782075896,6107792912 method=shadow-button typed=True screenshot=C:\Users\Admin\PycharmProjects\MercadoApp\bit\跃马扬鞭_BR_loop_20260627_124425_ai_group_6.png
[2026-06-27 12:45:26] SENT group=7/27 ids=6256291768,4385863883,6221601498 method=shadow-button typed=True screenshot=C:\Users\Admin\PycharmProjects\MercadoApp\bit\跃马扬鞭_BR_loop_20260627_124425_ai_group_7.png
[2026-06-27 12:45:34] SENT group=8/27 ids=6207099882,4529976111,6636102802 method=shadow-button typed=True screenshot=C:\Users\Admin\PycharmProjects\MercadoApp\bit\跃马扬鞭_BR_loop_20260627_124425_ai_group_8.png
[2026-06-27 12:45:42] SENT group=9/27 ids=6635994752,6636102844,6636102812 method=shadow-button typed=True screenshot=C:\Users\Admin\PycharmProjects\MercadoApp\bit\跃马扬鞭_BR_loop_20260627_124425_ai_group_9.png
[2026-06-27 12:45:49] SENT group=10/27 ids=6635994722,6636077666,6635994660 method=shadow-button typed=True screenshot=C:\Users\Admin\PycharmProjects\MercadoApp\bit\跃马扬鞭_BR_loop_20260627_124425_ai_group_10.png
[2026-06-27 12:45:57] SENT group=11/27 ids=6636090270,6635994668,6631312950 method=shadow-button typed=True screenshot=C:\Users\Admin\PycharmProjects\MercadoApp\bit\跃马扬鞭_BR_loop_20260627_124425_ai_group_11.png
[2026-06-27 12:46:05] SENT group=12/27 ids=6631421766,4612951769,6631248858 method=shadow-button typed=True screenshot=C:\Users\Admin\PycharmProjects\MercadoApp\bit\跃马扬鞭_BR_loop_20260627_124425_ai_group_12.png
[2026-06-27 12:46:13] SENT group=13/27 ids=6631308762,6631247728,6631308332 method=shadow-button typed=True screenshot=C:\Users\Admin\PycharmProjects\MercadoApp\bit\跃马扬鞭_BR_loop_20260627_124425_ai_group_13.png
[2026-06-27 12:46:21] SENT group=14/27 ids=6631308288,6631247700,6631308208 method=shadow-button typed=True screenshot=C:\Users\Admin\PycharmProjects\MercadoApp\bit\跃马扬鞭_BR_loop_20260627_124425_ai_group_14.png
[2026-06-27 12:46:29] SENT group=15/27 ids=6631144870,4612866923,6631246670 method=shadow-button typed=True screenshot=C:\Users\Admin\PycharmProjects\MercadoApp\bit\跃马扬鞭_BR_loop_20260627_124425_ai_group_15.png
[2026-06-27 12:46:37] SENT group=16/27 ids=4612866887,6631143318,4612866205 method=shadow-button typed=True screenshot=C:\Users\Admin\PycharmProjects\MercadoApp\bit\跃马扬鞭_BR_loop_20260627_124425_ai_group_16.png
[2026-06-27 12:46:45] SENT group=17/27 ids=6631143200,4476953283,4500329799 method=shadow-button typed=True screenshot=C:\Users\Admin\PycharmProjects\MercadoApp\bit\跃马扬鞭_BR_loop_20260627_124425_ai_group_17.png
[2026-06-27 12:46:53] SENT group=18/27 ids=6127671802,6177861432,6107767296 method=shadow-button typed=True screenshot=C:\Users\Admin\PycharmProjects\MercadoApp\bit\跃马扬鞭_BR_loop_20260627_124425_ai_group_18.png
[2026-06-27 12:47:01] SENT group=19/27 ids=6107767340,6120906798,4447701763 method=shadow-button typed=True screenshot=C:\Users\Admin\PycharmProjects\MercadoApp\bit\跃马扬鞭_BR_loop_20260627_124425_ai_group_19.png
[2026-06-27 12:47:09] SENT group=20/27 ids=4381937041,6273419292,6107792788 method=shadow-button typed=True screenshot=C:\Users\Admin\PycharmProjects\MercadoApp\bit\跃马扬鞭_BR_loop_20260627_124425_ai_group_20.png
[2026-06-27 12:47:17] SENT group=21/27 ids=6328307078,4385901999,6107525314 method=shadow-button typed=True screenshot=C:\Users\Admin\PycharmProjects\MercadoApp\bit\跃马扬鞭_BR_loop_20260627_124425_ai_group_21.png
[2026-06-27 12:47:25] SENT group=22/27 ids=4392218123,4447520625,4566699745 method=shadow-button typed=True screenshot=C:\Users\Admin\PycharmProjects\MercadoApp\bit\跃马扬鞭_BR_loop_20260627_124425_ai_group_22.png
[2026-06-27 12:47:33] SENT group=23/27 ids=6530755390,6530656488,4566660187 method=shadow-button typed=True screenshot=C:\Users\Admin\PycharmProjects\MercadoApp\bit\跃马扬鞭_BR_loop_20260627_124425_ai_group_23.png
[2026-06-27 12:47:41] SENT group=24/27 ids=4379405861,4530001545,6275609532 method=shadow-button typed=True screenshot=C:\Users\Admin\PycharmProjects\MercadoApp\bit\跃马扬鞭_BR_loop_20260627_124425_ai_group_24.png
[2026-06-27 12:47:49] SENT group=25/27 ids=6444077292,6443865202,6426073740 method=shadow-button typed=True screenshot=C:\Users\Admin\PycharmProjects\MercadoApp\bit\跃马扬鞭_BR_loop_20260627_124425_ai_group_25.png
[2026-06-27 12:47:57] SENT group=26/27 ids=6087035048,4432416123,4443240057 method=shadow-button typed=True screenshot=C:\Users\Admin\PycharmProjects\MercadoApp\bit\跃马扬鞭_BR_loop_20260627_124425_ai_group_26.png
[2026-06-27 12:48:05] SENT group=27/27 ids=6158192696,4421876747,6120674468 method=shadow-button typed=True screenshot=C:\Users\Admin\PycharmProjects\MercadoApp\bit\跃马扬鞭_BR_loop_20260627_124425_ai_group_27.png
[2026-06-27 12:48:05] DONE ids=81 sent_groups=27
[2026-06-27 12:53:29] START window=跃马扬鞭 site=BR
[2026-06-27 12:54:28] COLLECTED ids=81 groups=27
[2026-06-27 12:54:40] SENT group=1/27 ids=6096510794,6782142216,6782116756 method=shadow-button typed=True screenshot=C:\Users\Admin\PycharmProjects\MercadoApp\bit\跃马扬鞭_BR_loop_20260627_125428_ai_group_1.png
[2026-06-27 12:54:48] SENT group=2/27 ids=6158241752,4500278569,4566672579 method=shadow-button typed=True screenshot=C:\Users\Admin\PycharmProjects\MercadoApp\bit\跃马扬鞭_BR_loop_20260627_125428_ai_group_2.png
[2026-06-27 12:54:56] SENT group=3/27 ids=6103901564,6871324606,6870544688 method=shadow-button typed=True screenshot=C:\Users\Admin\PycharmProjects\MercadoApp\bit\跃马扬鞭_BR_loop_20260627_125428_ai_group_3.png
[2026-06-27 12:55:04] SENT group=4/27 ids=6247651816,6823523342,6275596542 method=shadow-button typed=True screenshot=C:\Users\Admin\PycharmProjects\MercadoApp\bit\跃马扬鞭_BR_loop_20260627_125428_ai_group_4.png
[2026-06-27 12:55:12] SENT group=5/27 ids=6816324084,6816092368,6782108752 method=shadow-button typed=True screenshot=C:\Users\Admin\PycharmProjects\MercadoApp\bit\跃马扬鞭_BR_loop_20260627_125428_ai_group_5.png
[2026-06-27 12:55:20] SENT group=6/27 ids=6782086038,6782075896,6107792912 method=shadow-button typed=True screenshot=C:\Users\Admin\PycharmProjects\MercadoApp\bit\跃马扬鞭_BR_loop_20260627_125428_ai_group_6.png
[2026-06-27 12:55:28] SENT group=7/27 ids=6256291768,4385863883,6221601498 method=shadow-button typed=True screenshot=C:\Users\Admin\PycharmProjects\MercadoApp\bit\跃马扬鞭_BR_loop_20260627_125428_ai_group_7.png
[2026-06-27 12:55:36] SENT group=8/27 ids=6207099882,4529976111,6636102802 method=shadow-button typed=True screenshot=C:\Users\Admin\PycharmProjects\MercadoApp\bit\跃马扬鞭_BR_loop_20260627_125428_ai_group_8.png
[2026-06-27 12:55:44] SENT group=9/27 ids=6635994752,6636102844,6636102812 method=shadow-button typed=True screenshot=C:\Users\Admin\PycharmProjects\MercadoApp\bit\跃马扬鞭_BR_loop_20260627_125428_ai_group_9.png
[2026-06-27 12:55:52] SENT group=10/27 ids=6635994722,6636077666,6635994660 method=shadow-button typed=True screenshot=C:\Users\Admin\PycharmProjects\MercadoApp\bit\跃马扬鞭_BR_loop_20260627_125428_ai_group_10.png
[2026-06-27 12:56:00] SENT group=11/27 ids=6636090270,6635994668,6631312950 method=shadow-button typed=True screenshot=C:\Users\Admin\PycharmProjects\MercadoApp\bit\跃马扬鞭_BR_loop_20260627_125428_ai_group_11.png
[2026-06-27 12:56:08] SENT group=12/27 ids=6631421766,4612951769,6631248858 method=shadow-button typed=True screenshot=C:\Users\Admin\PycharmProjects\MercadoApp\bit\跃马扬鞭_BR_loop_20260627_125428_ai_group_12.png
[2026-06-27 12:56:16] SENT group=13/27 ids=6631308762,6631247728,6631308332 method=shadow-button typed=True screenshot=C:\Users\Admin\PycharmProjects\MercadoApp\bit\跃马扬鞭_BR_loop_20260627_125428_ai_group_13.png
[2026-06-27 12:56:24] SENT group=14/27 ids=6631308288,6631247700,6631308208 method=shadow-button typed=True screenshot=C:\Users\Admin\PycharmProjects\MercadoApp\bit\跃马扬鞭_BR_loop_20260627_125428_ai_group_14.png
[2026-06-27 12:56:32] SENT group=15/27 ids=6631144870,4612866923,6631246670 method=shadow-button typed=True screenshot=C:\Users\Admin\PycharmProjects\MercadoApp\bit\跃马扬鞭_BR_loop_20260627_125428_ai_group_15.png
[2026-06-27 12:56:40] SENT group=16/27 ids=4612866887,6631143318,4612866205 method=shadow-button typed=True screenshot=C:\Users\Admin\PycharmProjects\MercadoApp\bit\跃马扬鞭_BR_loop_20260627_125428_ai_group_16.png
[2026-06-27 12:56:48] SENT group=17/27 ids=6631143200,4476953283,4500329799 method=shadow-button typed=True screenshot=C:\Users\Admin\PycharmProjects\MercadoApp\bit\跃马扬鞭_BR_loop_20260627_125428_ai_group_17.png
[2026-06-27 12:56:56] SENT group=18/27 ids=6127671802,6177861432,6107767296 method=shadow-button typed=True screenshot=C:\Users\Admin\PycharmProjects\MercadoApp\bit\跃马扬鞭_BR_loop_20260627_125428_ai_group_18.png
[2026-06-27 12:57:04] SENT group=19/27 ids=6107767340,6120906798,4447701763 method=shadow-button typed=True screenshot=C:\Users\Admin\PycharmProjects\MercadoApp\bit\跃马扬鞭_BR_loop_20260627_125428_ai_group_19.png
[2026-06-27 12:57:12] SENT group=20/27 ids=4381937041,6273419292,6107792788 method=shadow-button typed=True screenshot=C:\Users\Admin\PycharmProjects\MercadoApp\bit\跃马扬鞭_BR_loop_20260627_125428_ai_group_20.png
[2026-06-27 12:57:20] SENT group=21/27 ids=6328307078,4385901999,6107525314 method=shadow-button typed=True screenshot=C:\Users\Admin\PycharmProjects\MercadoApp\bit\跃马扬鞭_BR_loop_20260627_125428_ai_group_21.png
[2026-06-27 12:57:28] SENT group=22/27 ids=4392218123,4447520625,4566699745 method=shadow-button typed=True screenshot=C:\Users\Admin\PycharmProjects\MercadoApp\bit\跃马扬鞭_BR_loop_20260627_125428_ai_group_22.png
[2026-06-27 12:57:36] SENT group=23/27 ids=6530755390,6530656488,4566660187 method=shadow-button typed=True screenshot=C:\Users\Admin\PycharmProjects\MercadoApp\bit\跃马扬鞭_BR_loop_20260627_125428_ai_group_23.png
[2026-06-27 12:57:44] SENT group=24/27 ids=4379405861,4530001545,6275609532 method=shadow-button typed=True screenshot=C:\Users\Admin\PycharmProjects\MercadoApp\bit\跃马扬鞭_BR_loop_20260627_125428_ai_group_24.png
[2026-06-27 12:57:52] SENT group=25/27 ids=6444077292,6443865202,6426073740 method=shadow-button typed=True screenshot=C:\Users\Admin\PycharmProjects\MercadoApp\bit\跃马扬鞭_BR_loop_20260627_125428_ai_group_25.png
[2026-06-27 12:58:00] SENT group=26/27 ids=6087035048,4432416123,4443240057 method=shadow-button typed=True screenshot=C:\Users\Admin\PycharmProjects\MercadoApp\bit\跃马扬鞭_BR_loop_20260627_125428_ai_group_26.png
[2026-06-27 12:58:08] SENT group=27/27 ids=6158192696,4421876747,6120674468 method=shadow-button typed=True screenshot=C:\Users\Admin\PycharmProjects\MercadoApp\bit\跃马扬鞭_BR_loop_20260627_125428_ai_group_27.png
[2026-06-27 12:58:08] DONE ids=81 sent_groups=27
[2026-06-27 13:03:24] START window=跃马扬鞭 site=BR
[2026-06-27 13:04:23] COLLECTED ids=81 groups=27
[2026-06-27 13:04:35] SENT group=1/27 ids=6096510794,6782142216,6782116756 method=shadow-button typed=True screenshot=C:\Users\Admin\PycharmProjects\MercadoApp\bit\跃马扬鞭_BR_loop_20260627_130423_ai_group_1.png
[2026-06-27 13:04:43] SENT group=2/27 ids=6158241752,4500278569,4566672579 method=shadow-button typed=True screenshot=C:\Users\Admin\PycharmProjects\MercadoApp\bit\跃马扬鞭_BR_loop_20260627_130423_ai_group_2.png
[2026-06-27 13:04:51] SENT group=3/27 ids=6103901564,6871324606,6870544688 method=shadow-button typed=True screenshot=C:\Users\Admin\PycharmProjects\MercadoApp\bit\跃马扬鞭_BR_loop_20260627_130423_ai_group_3.png
[2026-06-27 13:04:59] SENT group=4/27 ids=6247651816,6823523342,6275596542 method=shadow-button typed=True screenshot=C:\Users\Admin\PycharmProjects\MercadoApp\bit\跃马扬鞭_BR_loop_20260627_130423_ai_group_4.png
[2026-06-27 13:05:07] SENT group=5/27 ids=6816324084,6816092368,6782108752 method=shadow-button typed=True screenshot=C:\Users\Admin\PycharmProjects\MercadoApp\bit\跃马扬鞭_BR_loop_20260627_130423_ai_group_5.png
[2026-06-27 13:05:15] SENT group=6/27 ids=6782086038,6782075896,6107792912 method=shadow-button typed=True screenshot=C:\Users\Admin\PycharmProjects\MercadoApp\bit\跃马扬鞭_BR_loop_20260627_130423_ai_group_6.png
[2026-06-27 13:05:23] SENT group=7/27 ids=6256291768,4385863883,6221601498 method=shadow-button typed=True screenshot=C:\Users\Admin\PycharmProjects\MercadoApp\bit\跃马扬鞭_BR_loop_20260627_130423_ai_group_7.png
[2026-06-27 13:05:31] SENT group=8/27 ids=6207099882,4529976111,6636102802 method=shadow-button typed=True screenshot=C:\Users\Admin\PycharmProjects\MercadoApp\bit\跃马扬鞭_BR_loop_20260627_130423_ai_group_8.png
[2026-06-27 13:05:39] SENT group=9/27 ids=6635994752,6636102844,6636102812 method=shadow-button typed=True screenshot=C:\Users\Admin\PycharmProjects\MercadoApp\bit\跃马扬鞭_BR_loop_20260627_130423_ai_group_9.png
[2026-06-27 13:05:47] SENT group=10/27 ids=6635994722,6636077666,6635994660 method=shadow-button typed=True screenshot=C:\Users\Admin\PycharmProjects\MercadoApp\bit\跃马扬鞭_BR_loop_20260627_130423_ai_group_10.png
[2026-06-27 13:05:55] SENT group=11/27 ids=6636090270,6635994668,6631312950 method=shadow-button typed=True screenshot=C:\Users\Admin\PycharmProjects\MercadoApp\bit\跃马扬鞭_BR_loop_20260627_130423_ai_group_11.png
[2026-06-27 13:06:03] SENT group=12/27 ids=6631421766,4612951769,6631248858 method=shadow-button typed=True screenshot=C:\Users\Admin\PycharmProjects\MercadoApp\bit\跃马扬鞭_BR_loop_20260627_130423_ai_group_12.png
[2026-06-27 13:06:11] SENT group=13/27 ids=6631308762,6631247728,6631308332 method=shadow-button typed=True screenshot=C:\Users\Admin\PycharmProjects\MercadoApp\bit\跃马扬鞭_BR_loop_20260627_130423_ai_group_13.png
[2026-06-27 13:06:19] SENT group=14/27 ids=6631308288,6631247700,6631308208 method=shadow-button typed=True screenshot=C:\Users\Admin\PycharmProjects\MercadoApp\bit\跃马扬鞭_BR_loop_20260627_130423_ai_group_14.png
[2026-06-27 13:06:27] SENT group=15/27 ids=6631144870,4612866923,6631246670 method=shadow-button typed=True screenshot=C:\Users\Admin\PycharmProjects\MercadoApp\bit\跃马扬鞭_BR_loop_20260627_130423_ai_group_15.png
[2026-06-27 13:06:35] SENT group=16/27 ids=4612866887,6631143318,4612866205 method=shadow-button typed=True screenshot=C:\Users\Admin\PycharmProjects\MercadoApp\bit\跃马扬鞭_BR_loop_20260627_130423_ai_group_16.png
[2026-06-27 13:06:43] SENT group=17/27 ids=6631143200,4476953283,4500329799 method=shadow-button typed=True screenshot=C:\Users\Admin\PycharmProjects\MercadoApp\bit\跃马扬鞭_BR_loop_20260627_130423_ai_group_17.png
[2026-06-27 13:06:51] SENT group=18/27 ids=6127671802,6177861432,6107767296 method=shadow-button typed=True screenshot=C:\Users\Admin\PycharmProjects\MercadoApp\bit\跃马扬鞭_BR_loop_20260627_130423_ai_group_18.png
[2026-06-27 13:06:59] SENT group=19/27 ids=6107767340,6120906798,4447701763 method=shadow-button typed=True screenshot=C:\Users\Admin\PycharmProjects\MercadoApp\bit\跃马扬鞭_BR_loop_20260627_130423_ai_group_19.png
[2026-06-27 13:07:07] SENT group=20/27 ids=4381937041,6273419292,6107792788 method=shadow-button typed=True screenshot=C:\Users\Admin\PycharmProjects\MercadoApp\bit\跃马扬鞭_BR_loop_20260627_130423_ai_group_20.png
[2026-06-27 13:07:15] SENT group=21/27 ids=6328307078,4385901999,6107525314 method=shadow-button typed=True screenshot=C:\Users\Admin\PycharmProjects\MercadoApp\bit\跃马扬鞭_BR_loop_20260627_130423_ai_group_21.png
[2026-06-27 13:07:23] SENT group=22/27 ids=4392218123,4447520625,4566699745 method=shadow-button typed=True screenshot=C:\Users\Admin\PycharmProjects\MercadoApp\bit\跃马扬鞭_BR_loop_20260627_130423_ai_group_22.png
[2026-06-27 13:07:31] SENT group=23/27 ids=6530755390,6530656488,4566660187 method=shadow-button typed=True screenshot=C:\Users\Admin\PycharmProjects\MercadoApp\bit\跃马扬鞭_BR_loop_20260627_130423_ai_group_23.png
[2026-06-27 13:07:39] SENT group=24/27 ids=4379405861,4530001545,6275609532 method=shadow-button typed=True screenshot=C:\Users\Admin\PycharmProjects\MercadoApp\bit\跃马扬鞭_BR_loop_20260627_130423_ai_group_24.png
[2026-06-27 13:07:47] SENT group=25/27 ids=6444077292,6443865202,6426073740 method=shadow-button typed=True screenshot=C:\Users\Admin\PycharmProjects\MercadoApp\bit\跃马扬鞭_BR_loop_20260627_130423_ai_group_25.png
[2026-06-27 13:07:55] SENT group=26/27 ids=6087035048,4432416123,4443240057 method=shadow-button typed=True screenshot=C:\Users\Admin\PycharmProjects\MercadoApp\bit\跃马扬鞭_BR_loop_20260627_130423_ai_group_26.png
[2026-06-27 13:08:03] SENT group=27/27 ids=6158192696,4421876747,6120674468 method=shadow-button typed=True screenshot=C:\Users\Admin\PycharmProjects\MercadoApp\bit\跃马扬鞭_BR_loop_20260627_130423_ai_group_27.png
[2026-06-27 13:08:03] DONE ids=81 sent_groups=27
[2026-06-27 13:13:25] START window=跃马扬鞭 site=BR
[2026-06-27 13:14:26] COLLECTED ids=81 groups=27
[2026-06-27 13:14:38] SENT group=1/27 ids=6096510794,6782142216,6782116756 method=shadow-button typed=True screenshot=C:\Users\Admin\PycharmProjects\MercadoApp\bit\跃马扬鞭_BR_loop_20260627_131426_ai_group_1.png
[2026-06-27 13:14:46] SENT group=2/27 ids=6158241752,4500278569,4566672579 method=shadow-button typed=True screenshot=C:\Users\Admin\PycharmProjects\MercadoApp\bit\跃马扬鞭_BR_loop_20260627_131426_ai_group_2.png
[2026-06-27 13:14:54] SENT group=3/27 ids=6103901564,6871324606,6870544688 method=shadow-button typed=True screenshot=C:\Users\Admin\PycharmProjects\MercadoApp\bit\跃马扬鞭_BR_loop_20260627_131426_ai_group_3.png
[2026-06-27 13:15:02] SENT group=4/27 ids=6247651816,6823523342,6275596542 method=shadow-button typed=True screenshot=C:\Users\Admin\PycharmProjects\MercadoApp\bit\跃马扬鞭_BR_loop_20260627_131426_ai_group_4.png
[2026-06-27 13:15:10] SENT group=5/27 ids=6816324084,6816092368,6782108752 method=shadow-button typed=True screenshot=C:\Users\Admin\PycharmProjects\MercadoApp\bit\跃马扬鞭_BR_loop_20260627_131426_ai_group_5.png
[2026-06-27 13:15:18] SENT group=6/27 ids=6782086038,6782075896,6107792912 method=shadow-button typed=True screenshot=C:\Users\Admin\PycharmProjects\MercadoApp\bit\跃马扬鞭_BR_loop_20260627_131426_ai_group_6.png
[2026-06-27 13:15:26] SENT group=7/27 ids=6256291768,4385863883,6221601498 method=shadow-button typed=True screenshot=C:\Users\Admin\PycharmProjects\MercadoApp\bit\跃马扬鞭_BR_loop_20260627_131426_ai_group_7.png
[2026-06-27 13:15:34] SENT group=8/27 ids=6207099882,4529976111,6636102802 method=shadow-button typed=True screenshot=C:\Users\Admin\PycharmProjects\MercadoApp\bit\跃马扬鞭_BR_loop_20260627_131426_ai_group_8.png
[2026-06-27 13:15:42] SENT group=9/27 ids=6635994752,6636102844,6636102812 method=shadow-button typed=True screenshot=C:\Users\Admin\PycharmProjects\MercadoApp\bit\跃马扬鞭_BR_loop_20260627_131426_ai_group_9.png
[2026-06-27 13:15:50] SENT group=10/27 ids=6635994722,6636077666,6635994660 method=shadow-button typed=True screenshot=C:\Users\Admin\PycharmProjects\MercadoApp\bit\跃马扬鞭_BR_loop_20260627_131426_ai_group_10.png
[2026-06-27 13:15:58] SENT group=11/27 ids=6636090270,6635994668,6631312950 method=shadow-button typed=True screenshot=C:\Users\Admin\PycharmProjects\MercadoApp\bit\跃马扬鞭_BR_loop_20260627_131426_ai_group_11.png
[2026-06-27 13:16:06] SENT group=12/27 ids=6631421766,4612951769,6631248858 method=shadow-button typed=True screenshot=C:\Users\Admin\PycharmProjects\MercadoApp\bit\跃马扬鞭_BR_loop_20260627_131426_ai_group_12.png
[2026-06-27 13:16:14] SENT group=13/27 ids=6631308762,6631247728,6631308332 method=shadow-button typed=True screenshot=C:\Users\Admin\PycharmProjects\MercadoApp\bit\跃马扬鞭_BR_loop_20260627_131426_ai_group_13.png
[2026-06-27 13:16:22] SENT group=14/27 ids=6631308288,6631247700,6631308208 method=shadow-button typed=True screenshot=C:\Users\Admin\PycharmProjects\MercadoApp\bit\跃马扬鞭_BR_loop_20260627_131426_ai_group_14.png
[2026-06-27 13:16:30] SENT group=15/27 ids=6631144870,4612866923,6631246670 method=shadow-button typed=True screenshot=C:\Users\Admin\PycharmProjects\MercadoApp\bit\跃马扬鞭_BR_loop_20260627_131426_ai_group_15.png
[2026-06-27 13:16:38] SENT group=16/27 ids=4612866887,6631143318,4612866205 method=shadow-button typed=True screenshot=C:\Users\Admin\PycharmProjects\MercadoApp\bit\跃马扬鞭_BR_loop_20260627_131426_ai_group_16.png
[2026-06-27 13:16:46] SENT group=17/27 ids=6631143200,4476953283,4500329799 method=shadow-button typed=True screenshot=C:\Users\Admin\PycharmProjects\MercadoApp\bit\跃马扬鞭_BR_loop_20260627_131426_ai_group_17.png
[2026-06-27 13:16:54] SENT group=18/27 ids=6127671802,6177861432,6107767296 method=shadow-button typed=True screenshot=C:\Users\Admin\PycharmProjects\MercadoApp\bit\跃马扬鞭_BR_loop_20260627_131426_ai_group_18.png
[2026-06-27 13:17:02] SENT group=19/27 ids=6107767340,6120906798,4447701763 method=shadow-button typed=True screenshot=C:\Users\Admin\PycharmProjects\MercadoApp\bit\跃马扬鞭_BR_loop_20260627_131426_ai_group_19.png
[2026-06-27 13:17:10] SENT group=20/27 ids=4381937041,6273419292,6107792788 method=shadow-button typed=True screenshot=C:\Users\Admin\PycharmProjects\MercadoApp\bit\跃马扬鞭_BR_loop_20260627_131426_ai_group_20.png
[2026-06-27 13:17:18] SENT group=21/27 ids=6328307078,4385901999,6107525314 method=shadow-button typed=True screenshot=C:\Users\Admin\PycharmProjects\MercadoApp\bit\跃马扬鞭_BR_loop_20260627_131426_ai_group_21.png
[2026-06-27 13:17:26] SENT group=22/27 ids=4392218123,4447520625,4566699745 method=shadow-button typed=True screenshot=C:\Users\Admin\PycharmProjects\MercadoApp\bit\跃马扬鞭_BR_loop_20260627_131426_ai_group_22.png
[2026-06-27 13:17:34] SENT group=23/27 ids=6530755390,6530656488,4566660187 method=shadow-button typed=True screenshot=C:\Users\Admin\PycharmProjects\MercadoApp\bit\跃马扬鞭_BR_loop_20260627_131426_ai_group_23.png
[2026-06-27 13:17:42] SENT group=24/27 ids=4379405861,4530001545,6275609532 method=shadow-button typed=True screenshot=C:\Users\Admin\PycharmProjects\MercadoApp\bit\跃马扬鞭_BR_loop_20260627_131426_ai_group_24.png
[2026-06-27 13:17:50] SENT group=25/27 ids=6444077292,6443865202,6426073740 method=shadow-button typed=True screenshot=C:\Users\Admin\PycharmProjects\MercadoApp\bit\跃马扬鞭_BR_loop_20260627_131426_ai_group_25.png
[2026-06-27 13:17:58] SENT group=26/27 ids=6087035048,4432416123,4443240057 method=shadow-button typed=True screenshot=C:\Users\Admin\PycharmProjects\MercadoApp\bit\跃马扬鞭_BR_loop_20260627_131426_ai_group_26.png
[2026-06-27 13:18:06] SENT group=27/27 ids=6158192696,4421876747,6120674468 method=shadow-button typed=True screenshot=C:\Users\Admin\PycharmProjects\MercadoApp\bit\跃马扬鞭_BR_loop_20260627_131426_ai_group_27.png
[2026-06-27 13:18:06] DONE ids=81 sent_groups=27
[2026-06-27 13:23:34] START window=跃马扬鞭 site=BR
[2026-06-27 13:24:34] COLLECTED ids=81 groups=27
[2026-06-27 13:24:46] SENT group=1/27 ids=6096510794,6782142216,6782116756 method=shadow-button typed=True screenshot=C:\Users\Admin\PycharmProjects\MercadoApp\bit\跃马扬鞭_BR_loop_20260627_132434_ai_group_1.png
[2026-06-27 13:24:54] SENT group=2/27 ids=6158241752,4500278569,4566672579 method=shadow-button typed=True screenshot=C:\Users\Admin\PycharmProjects\MercadoApp\bit\跃马扬鞭_BR_loop_20260627_132434_ai_group_2.png
[2026-06-27 13:25:02] SENT group=3/27 ids=6103901564,6871324606,6870544688 method=shadow-button typed=True screenshot=C:\Users\Admin\PycharmProjects\MercadoApp\bit\跃马扬鞭_BR_loop_20260627_132434_ai_group_3.png
[2026-06-27 13:25:10] SENT group=4/27 ids=6247651816,6823523342,6275596542 method=shadow-button typed=True screenshot=C:\Users\Admin\PycharmProjects\MercadoApp\bit\跃马扬鞭_BR_loop_20260627_132434_ai_group_4.png
[2026-06-27 13:25:18] SENT group=5/27 ids=6816324084,6816092368,6782108752 method=shadow-button typed=True screenshot=C:\Users\Admin\PycharmProjects\MercadoApp\bit\跃马扬鞭_BR_loop_20260627_132434_ai_group_5.png
[2026-06-27 13:25:26] SENT group=6/27 ids=6782086038,6782075896,6107792912 method=shadow-button typed=True screenshot=C:\Users\Admin\PycharmProjects\MercadoApp\bit\跃马扬鞭_BR_loop_20260627_132434_ai_group_6.png
[2026-06-27 13:25:34] SENT group=7/27 ids=6256291768,4385863883,6221601498 method=shadow-button typed=True screenshot=C:\Users\Admin\PycharmProjects\MercadoApp\bit\跃马扬鞭_BR_loop_20260627_132434_ai_group_7.png
[2026-06-27 13:25:42] SENT group=8/27 ids=6207099882,4529976111,6636102802 method=shadow-button typed=True screenshot=C:\Users\Admin\PycharmProjects\MercadoApp\bit\跃马扬鞭_BR_loop_20260627_132434_ai_group_8.png
[2026-06-27 13:25:50] SENT group=9/27 ids=6635994752,6636102844,6636102812 method=shadow-button typed=True screenshot=C:\Users\Admin\PycharmProjects\MercadoApp\bit\跃马扬鞭_BR_loop_20260627_132434_ai_group_9.png
[2026-06-27 13:25:58] SENT group=10/27 ids=6635994722,6636077666,6635994660 method=shadow-button typed=True screenshot=C:\Users\Admin\PycharmProjects\MercadoApp\bit\跃马扬鞭_BR_loop_20260627_132434_ai_group_10.png
[2026-06-27 13:26:06] SENT group=11/27 ids=6636090270,6635994668,6631312950 method=shadow-button typed=True screenshot=C:\Users\Admin\PycharmProjects\MercadoApp\bit\跃马扬鞭_BR_loop_20260627_132434_ai_group_11.png
[2026-06-27 13:26:14] SENT group=12/27 ids=6631421766,4612951769,6631248858 method=shadow-button typed=True screenshot=C:\Users\Admin\PycharmProjects\MercadoApp\bit\跃马扬鞭_BR_loop_20260627_132434_ai_group_12.png
[2026-06-27 13:26:22] SENT group=13/27 ids=6631308762,6631247728,6631308332 method=shadow-button typed=True screenshot=C:\Users\Admin\PycharmProjects\MercadoApp\bit\跃马扬鞭_BR_loop_20260627_132434_ai_group_13.png
[2026-06-27 13:26:30] SENT group=14/27 ids=6631308288,6631247700,6631308208 method=shadow-button typed=True screenshot=C:\Users\Admin\PycharmProjects\MercadoApp\bit\跃马扬鞭_BR_loop_20260627_132434_ai_group_14.png
[2026-06-27 13:26:38] SENT group=15/27 ids=6631144870,4612866923,6631246670 method=shadow-button typed=True screenshot=C:\Users\Admin\PycharmProjects\MercadoApp\bit\跃马扬鞭_BR_loop_20260627_132434_ai_group_15.png
[2026-06-27 13:26:46] SENT group=16/27 ids=4612866887,6631143318,4612866205 method=shadow-button typed=True screenshot=C:\Users\Admin\PycharmProjects\MercadoApp\bit\跃马扬鞭_BR_loop_20260627_132434_ai_group_16.png
[2026-06-27 13:26:54] SENT group=17/27 ids=6631143200,4476953283,4500329799 method=shadow-button typed=True screenshot=C:\Users\Admin\PycharmProjects\MercadoApp\bit\跃马扬鞭_BR_loop_20260627_132434_ai_group_17.png
[2026-06-27 13:27:02] SENT group=18/27 ids=6127671802,6177861432,6107767296 method=shadow-button typed=True screenshot=C:\Users\Admin\PycharmProjects\MercadoApp\bit\跃马扬鞭_BR_loop_20260627_132434_ai_group_18.png
[2026-06-27 13:27:10] SENT group=19/27 ids=6107767340,6120906798,4447701763 method=shadow-button typed=True screenshot=C:\Users\Admin\PycharmProjects\MercadoApp\bit\跃马扬鞭_BR_loop_20260627_132434_ai_group_19.png
[2026-06-27 13:27:18] SENT group=20/27 ids=4381937041,6273419292,6107792788 method=shadow-button typed=True screenshot=C:\Users\Admin\PycharmProjects\MercadoApp\bit\跃马扬鞭_BR_loop_20260627_132434_ai_group_20.png
[2026-06-27 13:27:26] SENT group=21/27 ids=6328307078,4385901999,6107525314 method=shadow-button typed=True screenshot=C:\Users\Admin\PycharmProjects\MercadoApp\bit\跃马扬鞭_BR_loop_20260627_132434_ai_group_21.png
[2026-06-27 13:27:34] SENT group=22/27 ids=4392218123,4447520625,4566699745 method=shadow-button typed=True screenshot=C:\Users\Admin\PycharmProjects\MercadoApp\bit\跃马扬鞭_BR_loop_20260627_132434_ai_group_22.png
[2026-06-27 13:27:42] SENT group=23/27 ids=6530755390,6530656488,4566660187 method=shadow-button typed=True screenshot=C:\Users\Admin\PycharmProjects\MercadoApp\bit\跃马扬鞭_BR_loop_20260627_132434_ai_group_23.png
[2026-06-27 13:27:50] SENT group=24/27 ids=4379405861,4530001545,6275609532 method=shadow-button typed=True screenshot=C:\Users\Admin\PycharmProjects\MercadoApp\bit\跃马扬鞭_BR_loop_20260627_132434_ai_group_24.png
[2026-06-27 13:27:58] SENT group=25/27 ids=6444077292,6443865202,6426073740 method=shadow-button typed=True screenshot=C:\Users\Admin\PycharmProjects\MercadoApp\bit\跃马扬鞭_BR_loop_20260627_132434_ai_group_25.png
[2026-06-27 13:28:06] SENT group=26/27 ids=6087035048,4432416123,4443240057 method=shadow-button typed=True screenshot=C:\Users\Admin\PycharmProjects\MercadoApp\bit\跃马扬鞭_BR_loop_20260627_132434_ai_group_26.png
[2026-06-27 13:28:14] SENT group=27/27 ids=6158192696,4421876747,6120674468 method=shadow-button typed=True screenshot=C:\Users\Admin\PycharmProjects\MercadoApp\bit\跃马扬鞭_BR_loop_20260627_132434_ai_group_27.png
[2026-06-27 13:28:14] DONE ids=81 sent_groups=27
[2026-06-27 13:33:27] START window=跃马扬鞭 site=BR
[2026-06-27 13:34:26] COLLECTED ids=81 groups=27
[2026-06-27 13:34:38] SENT group=1/27 ids=6096510794,6782142216,6782116756 method=shadow-button typed=True screenshot=C:\Users\Admin\PycharmProjects\MercadoApp\bit\跃马扬鞭_BR_loop_20260627_133426_ai_group_1.png
[2026-06-27 13:34:46] SENT group=2/27 ids=6158241752,4500278569,4566672579 method=shadow-button typed=True screenshot=C:\Users\Admin\PycharmProjects\MercadoApp\bit\跃马扬鞭_BR_loop_20260627_133426_ai_group_2.png
[2026-06-27 13:34:54] SENT group=3/27 ids=6103901564,6871324606,6870544688 method=shadow-button typed=True screenshot=C:\Users\Admin\PycharmProjects\MercadoApp\bit\跃马扬鞭_BR_loop_20260627_133426_ai_group_3.png
[2026-06-27 13:35:02] SENT group=4/27 ids=6247651816,6823523342,6275596542 method=shadow-button typed=True screenshot=C:\Users\Admin\PycharmProjects\MercadoApp\bit\跃马扬鞭_BR_loop_20260627_133426_ai_group_4.png
[2026-06-27 13:35:10] SENT group=5/27 ids=6816324084,6816092368,6782108752 method=shadow-button typed=True screenshot=C:\Users\Admin\PycharmProjects\MercadoApp\bit\跃马扬鞭_BR_loop_20260627_133426_ai_group_5.png
[2026-06-27 13:35:18] SENT group=6/27 ids=6782086038,6782075896,6107792912 method=shadow-button typed=True screenshot=C:\Users\Admin\PycharmProjects\MercadoApp\bit\跃马扬鞭_BR_loop_20260627_133426_ai_group_6.png
[2026-06-27 13:35:26] SENT group=7/27 ids=6256291768,4385863883,6221601498 method=shadow-button typed=True screenshot=C:\Users\Admin\PycharmProjects\MercadoApp\bit\跃马扬鞭_BR_loop_20260627_133426_ai_group_7.png
[2026-06-27 13:35:34] SENT group=8/27 ids=6207099882,4529976111,6636102802 method=shadow-button typed=True screenshot=C:\Users\Admin\PycharmProjects\MercadoApp\bit\跃马扬鞭_BR_loop_20260627_133426_ai_group_8.png
[2026-06-27 13:35:42] SENT group=9/27 ids=6635994752,6636102844,6636102812 method=shadow-button typed=True screenshot=C:\Users\Admin\PycharmProjects\MercadoApp\bit\跃马扬鞭_BR_loop_20260627_133426_ai_group_9.png
[2026-06-27 13:35:50] SENT group=10/27 ids=6635994722,6636077666,6635994660 method=shadow-button typed=True screenshot=C:\Users\Admin\PycharmProjects\MercadoApp\bit\跃马扬鞭_BR_loop_20260627_133426_ai_group_10.png
[2026-06-27 13:35:58] SENT group=11/27 ids=6636090270,6635994668,6631312950 method=shadow-button typed=True screenshot=C:\Users\Admin\PycharmProjects\MercadoApp\bit\跃马扬鞭_BR_loop_20260627_133426_ai_group_11.png
[2026-06-27 13:36:06] SENT group=12/27 ids=6631421766,4612951769,6631248858 method=shadow-button typed=True screenshot=C:\Users\Admin\PycharmProjects\MercadoApp\bit\跃马扬鞭_BR_loop_20260627_133426_ai_group_12.png
[2026-06-27 13:36:14] SENT group=13/27 ids=6631308762,6631247728,6631308332 method=shadow-button typed=True screenshot=C:\Users\Admin\PycharmProjects\MercadoApp\bit\跃马扬鞭_BR_loop_20260627_133426_ai_group_13.png
[2026-06-27 13:36:22] SENT group=14/27 ids=6631308288,6631247700,6631308208 method=shadow-button typed=True screenshot=C:\Users\Admin\PycharmProjects\MercadoApp\bit\跃马扬鞭_BR_loop_20260627_133426_ai_group_14.png
[2026-06-27 13:36:30] SENT group=15/27 ids=6631144870,4612866923,6631246670 method=shadow-button typed=True screenshot=C:\Users\Admin\PycharmProjects\MercadoApp\bit\跃马扬鞭_BR_loop_20260627_133426_ai_group_15.png
[2026-06-27 13:36:38] SENT group=16/27 ids=4612866887,6631143318,4612866205 method=shadow-button typed=True screenshot=C:\Users\Admin\PycharmProjects\MercadoApp\bit\跃马扬鞭_BR_loop_20260627_133426_ai_group_16.png
[2026-06-27 13:36:46] SENT group=17/27 ids=6631143200,4476953283,4500329799 method=shadow-button typed=True screenshot=C:\Users\Admin\PycharmProjects\MercadoApp\bit\跃马扬鞭_BR_loop_20260627_133426_ai_group_17.png
[2026-06-27 13:36:54] SENT group=18/27 ids=6127671802,6177861432,6107767296 method=shadow-button typed=True screenshot=C:\Users\Admin\PycharmProjects\MercadoApp\bit\跃马扬鞭_BR_loop_20260627_133426_ai_group_18.png
[2026-06-27 13:37:02] SENT group=19/27 ids=6107767340,6120906798,4447701763 method=shadow-button typed=True screenshot=C:\Users\Admin\PycharmProjects\MercadoApp\bit\跃马扬鞭_BR_loop_20260627_133426_ai_group_19.png
[2026-06-27 13:37:10] SENT group=20/27 ids=4381937041,6273419292,6107792788 method=shadow-button typed=True screenshot=C:\Users\Admin\PycharmProjects\MercadoApp\bit\跃马扬鞭_BR_loop_20260627_133426_ai_group_20.png
[2026-06-27 13:37:18] SENT group=21/27 ids=6328307078,4385901999,6107525314 method=shadow-button typed=True screenshot=C:\Users\Admin\PycharmProjects\MercadoApp\bit\跃马扬鞭_BR_loop_20260627_133426_ai_group_21.png
[2026-06-27 13:37:26] SENT group=22/27 ids=4392218123,4447520625,4566699745 method=shadow-button typed=True screenshot=C:\Users\Admin\PycharmProjects\MercadoApp\bit\跃马扬鞭_BR_loop_20260627_133426_ai_group_22.png
[2026-06-27 13:37:34] SENT group=23/27 ids=6530755390,6530656488,4566660187 method=shadow-button typed=True screenshot=C:\Users\Admin\PycharmProjects\MercadoApp\bit\跃马扬鞭_BR_loop_20260627_133426_ai_group_23.png
[2026-06-27 13:37:42] SENT group=24/27 ids=4379405861,4530001545,6275609532 method=shadow-button typed=True screenshot=C:\Users\Admin\PycharmProjects\MercadoApp\bit\跃马扬鞭_BR_loop_20260627_133426_ai_group_24.png
[2026-06-27 13:37:50] SENT group=25/27 ids=6444077292,6443865202,6426073740 method=shadow-button typed=True screenshot=C:\Users\Admin\PycharmProjects\MercadoApp\bit\跃马扬鞭_BR_loop_20260627_133426_ai_group_25.png
[2026-06-27 13:37:58] SENT group=26/27 ids=6087035048,4432416123,4443240057 method=shadow-button typed=True screenshot=C:\Users\Admin\PycharmProjects\MercadoApp\bit\跃马扬鞭_BR_loop_20260627_133426_ai_group_26.png
[2026-06-27 13:38:06] SENT group=27/27 ids=6158192696,4421876747,6120674468 method=shadow-button typed=True screenshot=C:\Users\Admin\PycharmProjects\MercadoApp\bit\跃马扬鞭_BR_loop_20260627_133426_ai_group_27.png
[2026-06-27 13:38:06] DONE ids=81 sent_groups=27
[2026-06-27 13:43:27] START window=跃马扬鞭 site=BR
[2026-06-27 13:44:25] COLLECTED ids=81 groups=27
[2026-06-27 13:44:37] SENT group=1/27 ids=6096510794,6782142216,6782116756 method=shadow-button typed=True screenshot=C:\Users\Admin\PycharmProjects\MercadoApp\bit\跃马扬鞭_BR_loop_20260627_134425_ai_group_1.png
[2026-06-27 13:44:45] SENT group=2/27 ids=6158241752,4500278569,4566672579 method=shadow-button typed=True screenshot=C:\Users\Admin\PycharmProjects\MercadoApp\bit\跃马扬鞭_BR_loop_20260627_134425_ai_group_2.png
[2026-06-27 13:44:53] SENT group=3/27 ids=6103901564,6871324606,6870544688 method=shadow-button typed=True screenshot=C:\Users\Admin\PycharmProjects\MercadoApp\bit\跃马扬鞭_BR_loop_20260627_134425_ai_group_3.png
[2026-06-27 13:45:01] SENT group=4/27 ids=6247651816,6823523342,6275596542 method=shadow-button typed=True screenshot=C:\Users\Admin\PycharmProjects\MercadoApp\bit\跃马扬鞭_BR_loop_20260627_134425_ai_group_4.png
[2026-06-27 13:45:09] SENT group=5/27 ids=6816324084,6816092368,6782108752 method=shadow-button typed=True screenshot=C:\Users\Admin\PycharmProjects\MercadoApp\bit\跃马扬鞭_BR_loop_20260627_134425_ai_group_5.png
[2026-06-27 13:45:17] SENT group=6/27 ids=6782086038,6782075896,6107792912 method=shadow-button typed=True screenshot=C:\Users\Admin\PycharmProjects\MercadoApp\bit\跃马扬鞭_BR_loop_20260627_134425_ai_group_6.png
[2026-06-27 13:45:25] SENT group=7/27 ids=6256291768,4385863883,6221601498 method=shadow-button typed=True screenshot=C:\Users\Admin\PycharmProjects\MercadoApp\bit\跃马扬鞭_BR_loop_20260627_134425_ai_group_7.png
[2026-06-27 13:45:33] SENT group=8/27 ids=6207099882,4529976111,6636102802 method=shadow-button typed=True screenshot=C:\Users\Admin\PycharmProjects\MercadoApp\bit\跃马扬鞭_BR_loop_20260627_134425_ai_group_8.png
[2026-06-27 13:45:41] SENT group=9/27 ids=6635994752,6636102844,6636102812 method=shadow-button typed=True screenshot=C:\Users\Admin\PycharmProjects\MercadoApp\bit\跃马扬鞭_BR_loop_20260627_134425_ai_group_9.png
[2026-06-27 13:45:49] SENT group=10/27 ids=6635994722,6636077666,6635994660 method=shadow-button typed=True screenshot=C:\Users\Admin\PycharmProjects\MercadoApp\bit\跃马扬鞭_BR_loop_20260627_134425_ai_group_10.png
[2026-06-27 13:45:57] SENT group=11/27 ids=6636090270,6635994668,6631312950 method=shadow-button typed=True screenshot=C:\Users\Admin\PycharmProjects\MercadoApp\bit\跃马扬鞭_BR_loop_20260627_134425_ai_group_11.png
[2026-06-27 13:46:05] SENT group=12/27 ids=6631421766,4612951769,6631248858 method=shadow-button typed=True screenshot=C:\Users\Admin\PycharmProjects\MercadoApp\bit\跃马扬鞭_BR_loop_20260627_134425_ai_group_12.png
[2026-06-27 13:46:13] SENT group=13/27 ids=6631308762,6631247728,6631308332 method=shadow-button typed=True screenshot=C:\Users\Admin\PycharmProjects\MercadoApp\bit\跃马扬鞭_BR_loop_20260627_134425_ai_group_13.png
[2026-06-27 13:46:21] SENT group=14/27 ids=6631308288,6631247700,6631308208 method=shadow-button typed=True screenshot=C:\Users\Admin\PycharmProjects\MercadoApp\bit\跃马扬鞭_BR_loop_20260627_134425_ai_group_14.png
[2026-06-27 13:46:29] SENT group=15/27 ids=6631144870,4612866923,6631246670 method=shadow-button typed=True screenshot=C:\Users\Admin\PycharmProjects\MercadoApp\bit\跃马扬鞭_BR_loop_20260627_134425_ai_group_15.png
[2026-06-27 13:46:37] SENT group=16/27 ids=4612866887,6631143318,4612866205 method=shadow-button typed=True screenshot=C:\Users\Admin\PycharmProjects\MercadoApp\bit\跃马扬鞭_BR_loop_20260627_134425_ai_group_16.png
[2026-06-27 13:46:45] SENT group=17/27 ids=6631143200,4476953283,4500329799 method=shadow-button typed=True screenshot=C:\Users\Admin\PycharmProjects\MercadoApp\bit\跃马扬鞭_BR_loop_20260627_134425_ai_group_17.png
[2026-06-27 13:46:53] SENT group=18/27 ids=6127671802,6177861432,6107767296 method=shadow-button typed=True screenshot=C:\Users\Admin\PycharmProjects\MercadoApp\bit\跃马扬鞭_BR_loop_20260627_134425_ai_group_18.png
[2026-06-27 13:47:01] SENT group=19/27 ids=6107767340,6120906798,4447701763 method=shadow-button typed=True screenshot=C:\Users\Admin\PycharmProjects\MercadoApp\bit\跃马扬鞭_BR_loop_20260627_134425_ai_group_19.png
[2026-06-27 13:47:09] SENT group=20/27 ids=4381937041,6273419292,6107792788 method=shadow-button typed=True screenshot=C:\Users\Admin\PycharmProjects\MercadoApp\bit\跃马扬鞭_BR_loop_20260627_134425_ai_group_20.png
[2026-06-27 13:47:17] SENT group=21/27 ids=6328307078,4385901999,6107525314 method=shadow-button typed=True screenshot=C:\Users\Admin\PycharmProjects\MercadoApp\bit\跃马扬鞭_BR_loop_20260627_134425_ai_group_21.png
[2026-06-27 13:47:25] SENT group=22/27 ids=4392218123,4447520625,4566699745 method=shadow-button typed=True screenshot=C:\Users\Admin\PycharmProjects\MercadoApp\bit\跃马扬鞭_BR_loop_20260627_134425_ai_group_22.png
[2026-06-27 13:47:33] SENT group=23/27 ids=6530755390,6530656488,4566660187 method=shadow-button typed=True screenshot=C:\Users\Admin\PycharmProjects\MercadoApp\bit\跃马扬鞭_BR_loop_20260627_134425_ai_group_23.png
[2026-06-27 13:47:41] SENT group=24/27 ids=4379405861,4530001545,6275609532 method=shadow-button typed=True screenshot=C:\Users\Admin\PycharmProjects\MercadoApp\bit\跃马扬鞭_BR_loop_20260627_134425_ai_group_24.png
[2026-06-27 13:47:49] SENT group=25/27 ids=6444077292,6443865202,6426073740 method=shadow-button typed=True screenshot=C:\Users\Admin\PycharmProjects\MercadoApp\bit\跃马扬鞭_BR_loop_20260627_134425_ai_group_25.png
[2026-06-27 13:47:57] SENT group=26/27 ids=6087035048,4432416123,4443240057 method=shadow-button typed=True screenshot=C:\Users\Admin\PycharmProjects\MercadoApp\bit\跃马扬鞭_BR_loop_20260627_134425_ai_group_26.png
[2026-06-27 13:48:05] SENT group=27/27 ids=6158192696,4421876747,6120674468 method=shadow-button typed=True screenshot=C:\Users\Admin\PycharmProjects\MercadoApp\bit\跃马扬鞭_BR_loop_20260627_134425_ai_group_27.png
[2026-06-27 13:48:05] DONE ids=81 sent_groups=27
[2026-06-27 13:53:25] START window=跃马扬鞭 site=BR
[2026-06-27 13:54:24] COLLECTED ids=81 groups=27
[2026-06-27 13:54:36] SENT group=1/27 ids=6096510794,6782142216,6782116756 method=shadow-button typed=True screenshot=C:\Users\Admin\PycharmProjects\MercadoApp\bit\跃马扬鞭_BR_loop_20260627_135424_ai_group_1.png
[2026-06-27 13:54:44] SENT group=2/27 ids=6158241752,4500278569,4566672579 method=shadow-button typed=True screenshot=C:\Users\Admin\PycharmProjects\MercadoApp\bit\跃马扬鞭_BR_loop_20260627_135424_ai_group_2.png
[2026-06-27 13:54:52] SENT group=3/27 ids=6103901564,6871324606,6870544688 method=shadow-button typed=True screenshot=C:\Users\Admin\PycharmProjects\MercadoApp\bit\跃马扬鞭_BR_loop_20260627_135424_ai_group_3.png
[2026-06-27 13:55:00] SENT group=4/27 ids=6247651816,6823523342,6275596542 method=shadow-button typed=True screenshot=C:\Users\Admin\PycharmProjects\MercadoApp\bit\跃马扬鞭_BR_loop_20260627_135424_ai_group_4.png
[2026-06-27 13:55:08] SENT group=5/27 ids=6816324084,6816092368,6782108752 method=shadow-button typed=True screenshot=C:\Users\Admin\PycharmProjects\MercadoApp\bit\跃马扬鞭_BR_loop_20260627_135424_ai_group_5.png
[2026-06-27 13:55:16] SENT group=6/27 ids=6782086038,6782075896,6107792912 method=shadow-button typed=True screenshot=C:\Users\Admin\PycharmProjects\MercadoApp\bit\跃马扬鞭_BR_loop_20260627_135424_ai_group_6.png
[2026-06-27 13:55:24] SENT group=7/27 ids=6256291768,4385863883,6221601498 method=shadow-button typed=True screenshot=C:\Users\Admin\PycharmProjects\MercadoApp\bit\跃马扬鞭_BR_loop_20260627_135424_ai_group_7.png
[2026-06-27 13:55:32] SENT group=8/27 ids=6207099882,4529976111,6636102802 method=shadow-button typed=True screenshot=C:\Users\Admin\PycharmProjects\MercadoApp\bit\跃马扬鞭_BR_loop_20260627_135424_ai_group_8.png
[2026-06-27 13:55:40] SENT group=9/27 ids=6635994752,6636102844,6636102812 method=shadow-button typed=True screenshot=C:\Users\Admin\PycharmProjects\MercadoApp\bit\跃马扬鞭_BR_loop_20260627_135424_ai_group_9.png
[2026-06-27 13:55:48] SENT group=10/27 ids=6635994722,6636077666,6635994660 method=shadow-button typed=True screenshot=C:\Users\Admin\PycharmProjects\MercadoApp\bit\跃马扬鞭_BR_loop_20260627_135424_ai_group_10.png
[2026-06-27 13:55:56] SENT group=11/27 ids=6636090270,6635994668,6631312950 method=shadow-button typed=True screenshot=C:\Users\Admin\PycharmProjects\MercadoApp\bit\跃马扬鞭_BR_loop_20260627_135424_ai_group_11.png
[2026-06-27 13:56:04] SENT group=12/27 ids=6631421766,4612951769,6631248858 method=shadow-button typed=True screenshot=C:\Users\Admin\PycharmProjects\MercadoApp\bit\跃马扬鞭_BR_loop_20260627_135424_ai_group_12.png
[2026-06-27 13:56:12] SENT group=13/27 ids=6631308762,6631247728,6631308332 method=shadow-button typed=True screenshot=C:\Users\Admin\PycharmProjects\MercadoApp\bit\跃马扬鞭_BR_loop_20260627_135424_ai_group_13.png
[2026-06-27 13:56:20] SENT group=14/27 ids=6631308288,6631247700,6631308208 method=shadow-button typed=True screenshot=C:\Users\Admin\PycharmProjects\MercadoApp\bit\跃马扬鞭_BR_loop_20260627_135424_ai_group_14.png
[2026-06-27 13:56:28] SENT group=15/27 ids=6631144870,4612866923,6631246670 method=shadow-button typed=True screenshot=C:\Users\Admin\PycharmProjects\MercadoApp\bit\跃马扬鞭_BR_loop_20260627_135424_ai_group_15.png
[2026-06-27 13:56:36] SENT group=16/27 ids=4612866887,6631143318,4612866205 method=shadow-button typed=True screenshot=C:\Users\Admin\PycharmProjects\MercadoApp\bit\跃马扬鞭_BR_loop_20260627_135424_ai_group_16.png
[2026-06-27 13:56:44] SENT group=17/27 ids=6631143200,4476953283,4500329799 method=shadow-button typed=True screenshot=C:\Users\Admin\PycharmProjects\MercadoApp\bit\跃马扬鞭_BR_loop_20260627_135424_ai_group_17.png
[2026-06-27 13:56:52] SENT group=18/27 ids=6127671802,6177861432,6107767296 method=shadow-button typed=True screenshot=C:\Users\Admin\PycharmProjects\MercadoApp\bit\跃马扬鞭_BR_loop_20260627_135424_ai_group_18.png
[2026-06-27 13:57:00] SENT group=19/27 ids=6107767340,6120906798,4447701763 method=shadow-button typed=True screenshot=C:\Users\Admin\PycharmProjects\MercadoApp\bit\跃马扬鞭_BR_loop_20260627_135424_ai_group_19.png
[2026-06-27 13:57:08] SENT group=20/27 ids=4381937041,6273419292,6107792788 method=shadow-button typed=True screenshot=C:\Users\Admin\PycharmProjects\MercadoApp\bit\跃马扬鞭_BR_loop_20260627_135424_ai_group_20.png
[2026-06-27 13:57:16] SENT group=21/27 ids=6328307078,4385901999,6107525314 method=shadow-button typed=True screenshot=C:\Users\Admin\PycharmProjects\MercadoApp\bit\跃马扬鞭_BR_loop_20260627_135424_ai_group_21.png
[2026-06-27 13:57:24] SENT group=22/27 ids=4392218123,4447520625,4566699745 method=shadow-button typed=True screenshot=C:\Users\Admin\PycharmProjects\MercadoApp\bit\跃马扬鞭_BR_loop_20260627_135424_ai_group_22.png
[2026-06-27 13:57:32] SENT group=23/27 ids=6530755390,6530656488,4566660187 method=shadow-button typed=True screenshot=C:\Users\Admin\PycharmProjects\MercadoApp\bit\跃马扬鞭_BR_loop_20260627_135424_ai_group_23.png
[2026-06-27 13:57:40] SENT group=24/27 ids=4379405861,4530001545,6275609532 method=shadow-button typed=True screenshot=C:\Users\Admin\PycharmProjects\MercadoApp\bit\跃马扬鞭_BR_loop_20260627_135424_ai_group_24.png
[2026-06-27 13:57:48] SENT group=25/27 ids=6444077292,6443865202,6426073740 method=shadow-button typed=True screenshot=C:\Users\Admin\PycharmProjects\MercadoApp\bit\跃马扬鞭_BR_loop_20260627_135424_ai_group_25.png
[2026-06-27 13:57:56] SENT group=26/27 ids=6087035048,4432416123,4443240057 method=shadow-button typed=True screenshot=C:\Users\Admin\PycharmProjects\MercadoApp\bit\跃马扬鞭_BR_loop_20260627_135424_ai_group_26.png
[2026-06-27 13:58:04] SENT group=27/27 ids=6158192696,4421876747,6120674468 method=shadow-button typed=True screenshot=C:\Users\Admin\PycharmProjects\MercadoApp\bit\跃马扬鞭_BR_loop_20260627_135424_ai_group_27.png
[2026-06-27 13:58:04] DONE ids=81 sent_groups=27
[2026-06-27 14:03:26] START window=跃马扬鞭 site=BR
[2026-06-27 14:04:21] COLLECTED ids=77 groups=26
[2026-06-27 14:04:33] SENT group=1/26 ids=6782142216,4500278569,6103901564 method=shadow-button typed=True screenshot=C:\Users\Admin\PycharmProjects\MercadoApp\bit\跃马扬鞭_BR_loop_20260627_140421_ai_group_1.png
[2026-06-27 14:04:41] SENT group=2/26 ids=6871324606,6870544688,6247651816 method=shadow-button typed=True screenshot=C:\Users\Admin\PycharmProjects\MercadoApp\bit\跃马扬鞭_BR_loop_20260627_140421_ai_group_2.png
[2026-06-27 14:04:49] SENT group=3/26 ids=6823523342,6275596542,6816324084 method=shadow-button typed=True screenshot=C:\Users\Admin\PycharmProjects\MercadoApp\bit\跃马扬鞭_BR_loop_20260627_140421_ai_group_3.png
[2026-06-27 14:04:57] SENT group=4/26 ids=6816092368,6782108752,6782086038 method=shadow-button typed=True screenshot=C:\Users\Admin\PycharmProjects\MercadoApp\bit\跃马扬鞭_BR_loop_20260627_140421_ai_group_4.png
[2026-06-27 14:05:05] SENT group=5/26 ids=6782075896,6107792912,6256291768 method=shadow-button typed=True screenshot=C:\Users\Admin\PycharmProjects\MercadoApp\bit\跃马扬鞭_BR_loop_20260627_140421_ai_group_5.png
[2026-06-27 14:05:13] SENT group=6/26 ids=4385863883,6221601498,6207099882 method=shadow-button typed=True screenshot=C:\Users\Admin\PycharmProjects\MercadoApp\bit\跃马扬鞭_BR_loop_20260627_140421_ai_group_6.png
[2026-06-27 14:05:21] SENT group=7/26 ids=4529976111,6636102802,6635994752 method=shadow-button typed=True screenshot=C:\Users\Admin\PycharmProjects\MercadoApp\bit\跃马扬鞭_BR_loop_20260627_140421_ai_group_7.png
[2026-06-27 14:05:29] SENT group=8/26 ids=6636102844,6636102812,6635994722 method=shadow-button typed=True screenshot=C:\Users\Admin\PycharmProjects\MercadoApp\bit\跃马扬鞭_BR_loop_20260627_140421_ai_group_8.png
[2026-06-27 14:05:37] SENT group=9/26 ids=6636077666,6635994660,6636090270 method=shadow-button typed=True screenshot=C:\Users\Admin\PycharmProjects\MercadoApp\bit\跃马扬鞭_BR_loop_20260627_140421_ai_group_9.png
[2026-06-27 14:05:45] SENT group=10/26 ids=6635994668,6631312950,6631421766 method=shadow-button typed=True screenshot=C:\Users\Admin\PycharmProjects\MercadoApp\bit\跃马扬鞭_BR_loop_20260627_140421_ai_group_10.png
[2026-06-27 14:05:53] SENT group=11/26 ids=4612951769,6631248858,6631308762 method=shadow-button typed=True screenshot=C:\Users\Admin\PycharmProjects\MercadoApp\bit\跃马扬鞭_BR_loop_20260627_140421_ai_group_11.png
[2026-06-27 14:06:01] SENT group=12/26 ids=6631247728,6631308332,6631308288 method=shadow-button typed=True screenshot=C:\Users\Admin\PycharmProjects\MercadoApp\bit\跃马扬鞭_BR_loop_20260627_140421_ai_group_12.png
[2026-06-27 14:06:10] SENT group=13/26 ids=6631247700,6631308208,6631144870 method=shadow-button typed=True screenshot=C:\Users\Admin\PycharmProjects\MercadoApp\bit\跃马扬鞭_BR_loop_20260627_140421_ai_group_13.png
[2026-06-27 14:06:18] SENT group=14/26 ids=4612866923,6631246670,4612866887 method=shadow-button typed=True screenshot=C:\Users\Admin\PycharmProjects\MercadoApp\bit\跃马扬鞭_BR_loop_20260627_140421_ai_group_14.png
[2026-06-27 14:06:26] SENT group=15/26 ids=6631143318,4612866205,6631143200 method=shadow-button typed=True screenshot=C:\Users\Admin\PycharmProjects\MercadoApp\bit\跃马扬鞭_BR_loop_20260627_140421_ai_group_15.png
[2026-06-27 14:06:33] SENT group=16/26 ids=4476953283,4500329799,6127671802 method=shadow-button typed=True screenshot=C:\Users\Admin\PycharmProjects\MercadoApp\bit\跃马扬鞭_BR_loop_20260627_140421_ai_group_16.png
[2026-06-27 14:06:41] SENT group=17/26 ids=6177861432,6107767296,6107767340 method=shadow-button typed=True screenshot=C:\Users\Admin\PycharmProjects\MercadoApp\bit\跃马扬鞭_BR_loop_20260627_140421_ai_group_17.png
[2026-06-27 14:06:49] SENT group=18/26 ids=6120906798,4447701763,4381937041 method=shadow-button typed=True screenshot=C:\Users\Admin\PycharmProjects\MercadoApp\bit\跃马扬鞭_BR_loop_20260627_140421_ai_group_18.png
[2026-06-27 14:06:57] SENT group=19/26 ids=6273419292,6107792788,6328307078 method=shadow-button typed=True screenshot=C:\Users\Admin\PycharmProjects\MercadoApp\bit\跃马扬鞭_BR_loop_20260627_140421_ai_group_19.png
[2026-06-27 14:07:05] SENT group=20/26 ids=4385901999,6107525314,4392218123 method=shadow-button typed=True screenshot=C:\Users\Admin\PycharmProjects\MercadoApp\bit\跃马扬鞭_BR_loop_20260627_140421_ai_group_20.png
[2026-06-27 14:07:13] SENT group=21/26 ids=4447520625,4566699745,6530755390 method=shadow-button typed=True screenshot=C:\Users\Admin\PycharmProjects\MercadoApp\bit\跃马扬鞭_BR_loop_20260627_140421_ai_group_21.png
[2026-06-27 14:07:21] SENT group=22/26 ids=6530656488,4566660187,4379405861 method=shadow-button typed=True screenshot=C:\Users\Admin\PycharmProjects\MercadoApp\bit\跃马扬鞭_BR_loop_20260627_140421_ai_group_22.png
[2026-06-27 14:07:29] SENT group=23/26 ids=4530001545,6275609532,6444077292 method=shadow-button typed=True screenshot=C:\Users\Admin\PycharmProjects\MercadoApp\bit\跃马扬鞭_BR_loop_20260627_140421_ai_group_23.png
[2026-06-27 14:07:37] SENT group=24/26 ids=6443865202,6426073740,6087035048 method=shadow-button typed=True screenshot=C:\Users\Admin\PycharmProjects\MercadoApp\bit\跃马扬鞭_BR_loop_20260627_140421_ai_group_24.png
[2026-06-27 14:07:45] SENT group=25/26 ids=4432416123,4443240057,6158192696 method=shadow-button typed=True screenshot=C:\Users\Admin\PycharmProjects\MercadoApp\bit\跃马扬鞭_BR_loop_20260627_140421_ai_group_25.png
[2026-06-27 14:07:53] SENT group=26/26 ids=4421876747,6120674468 method=shadow-button typed=True screenshot=C:\Users\Admin\PycharmProjects\MercadoApp\bit\跃马扬鞭_BR_loop_20260627_140421_ai_group_26.png
[2026-06-27 14:07:53] DONE ids=77 sent_groups=26
[2026-06-27 14:13:26] START window=跃马扬鞭 site=BR
[2026-06-27 14:14:22] COLLECTED ids=76 groups=26
[2026-06-27 14:14:34] SENT group=1/26 ids=6782142216,4500278569,6871324606 method=shadow-button typed=True screenshot=C:\Users\Admin\PycharmProjects\MercadoApp\bit\跃马扬鞭_BR_loop_20260627_141422_ai_group_1.png
[2026-06-27 14:14:42] SENT group=2/26 ids=6247651816,6823523342,6275596542 method=shadow-button typed=True screenshot=C:\Users\Admin\PycharmProjects\MercadoApp\bit\跃马扬鞭_BR_loop_20260627_141422_ai_group_2.png
[2026-06-27 14:14:50] SENT group=3/26 ids=6816324084,6816092368,6782108752 method=shadow-button typed=True screenshot=C:\Users\Admin\PycharmProjects\MercadoApp\bit\跃马扬鞭_BR_loop_20260627_141422_ai_group_3.png
[2026-06-27 14:14:58] SENT group=4/26 ids=6782086038,6782075896,6107792912 method=shadow-button typed=True screenshot=C:\Users\Admin\PycharmProjects\MercadoApp\bit\跃马扬鞭_BR_loop_20260627_141422_ai_group_4.png
[2026-06-27 14:15:06] SENT group=5/26 ids=6256291768,4385863883,6221601498 method=shadow-button typed=True screenshot=C:\Users\Admin\PycharmProjects\MercadoApp\bit\跃马扬鞭_BR_loop_20260627_141422_ai_group_5.png
[2026-06-27 14:15:14] SENT group=6/26 ids=6207099882,4529976111,6636102802 method=shadow-button typed=True screenshot=C:\Users\Admin\PycharmProjects\MercadoApp\bit\跃马扬鞭_BR_loop_20260627_141422_ai_group_6.png
[2026-06-27 14:15:22] SENT group=7/26 ids=6635994752,6636102844,6636102812 method=shadow-button typed=True screenshot=C:\Users\Admin\PycharmProjects\MercadoApp\bit\跃马扬鞭_BR_loop_20260627_141422_ai_group_7.png
[2026-06-27 14:15:30] SENT group=8/26 ids=6635994722,6636077666,6635994660 method=shadow-button typed=True screenshot=C:\Users\Admin\PycharmProjects\MercadoApp\bit\跃马扬鞭_BR_loop_20260627_141422_ai_group_8.png
[2026-06-27 14:15:38] SENT group=9/26 ids=6636090270,6635994668,6631312950 method=shadow-button typed=True screenshot=C:\Users\Admin\PycharmProjects\MercadoApp\bit\跃马扬鞭_BR_loop_20260627_141422_ai_group_9.png
[2026-06-27 14:15:46] SENT group=10/26 ids=6631421766,4612951769,6631248858 method=shadow-button typed=True screenshot=C:\Users\Admin\PycharmProjects\MercadoApp\bit\跃马扬鞭_BR_loop_20260627_141422_ai_group_10.png
[2026-06-27 14:15:54] SENT group=11/26 ids=6631308762,6631247728,6631308332 method=shadow-button typed=True screenshot=C:\Users\Admin\PycharmProjects\MercadoApp\bit\跃马扬鞭_BR_loop_20260627_141422_ai_group_11.png
[2026-06-27 14:16:02] SENT group=12/26 ids=6631308288,6631247700,6631308208 method=shadow-button typed=True screenshot=C:\Users\Admin\PycharmProjects\MercadoApp\bit\跃马扬鞭_BR_loop_20260627_141422_ai_group_12.png
[2026-06-27 14:16:10] SENT group=13/26 ids=6631144870,4612866923,6631246670 method=shadow-button typed=True screenshot=C:\Users\Admin\PycharmProjects\MercadoApp\bit\跃马扬鞭_BR_loop_20260627_141422_ai_group_13.png
[2026-06-27 14:16:18] SENT group=14/26 ids=4612866887,6631143318,4612866205 method=shadow-button typed=True screenshot=C:\Users\Admin\PycharmProjects\MercadoApp\bit\跃马扬鞭_BR_loop_20260627_141422_ai_group_14.png
[2026-06-27 14:16:26] SENT group=15/26 ids=6631143200,4476953283,4500329799 method=shadow-button typed=True screenshot=C:\Users\Admin\PycharmProjects\MercadoApp\bit\跃马扬鞭_BR_loop_20260627_141422_ai_group_15.png
[2026-06-27 14:16:34] SENT group=16/26 ids=6127671802,6177861432,6107767296 method=shadow-button typed=True screenshot=C:\Users\Admin\PycharmProjects\MercadoApp\bit\跃马扬鞭_BR_loop_20260627_141422_ai_group_16.png
[2026-06-27 14:16:42] SENT group=17/26 ids=6107767340,6120906798,4447701763 method=shadow-button typed=True screenshot=C:\Users\Admin\PycharmProjects\MercadoApp\bit\跃马扬鞭_BR_loop_20260627_141422_ai_group_17.png
[2026-06-27 14:16:50] SENT group=18/26 ids=4381937041,6273419292,6107792788 method=shadow-button typed=True screenshot=C:\Users\Admin\PycharmProjects\MercadoApp\bit\跃马扬鞭_BR_loop_20260627_141422_ai_group_18.png
[2026-06-27 14:16:58] SENT group=19/26 ids=6328307078,4385901999,6107525314 method=shadow-button typed=True screenshot=C:\Users\Admin\PycharmProjects\MercadoApp\bit\跃马扬鞭_BR_loop_20260627_141422_ai_group_19.png
[2026-06-27 14:17:06] SENT group=20/26 ids=4392218123,4447520625,4566699745 method=shadow-button typed=True screenshot=C:\Users\Admin\PycharmProjects\MercadoApp\bit\跃马扬鞭_BR_loop_20260627_141422_ai_group_20.png
[2026-06-27 14:17:14] SENT group=21/26 ids=6530755390,6530656488,4566660187 method=shadow-button typed=True screenshot=C:\Users\Admin\PycharmProjects\MercadoApp\bit\跃马扬鞭_BR_loop_20260627_141422_ai_group_21.png
[2026-06-27 14:17:22] SENT group=22/26 ids=4379405861,4530001545,6275609532 method=shadow-button typed=True screenshot=C:\Users\Admin\PycharmProjects\MercadoApp\bit\跃马扬鞭_BR_loop_20260627_141422_ai_group_22.png
[2026-06-27 14:17:30] SENT group=23/26 ids=6444077292,6443865202,6426073740 method=shadow-button typed=True screenshot=C:\Users\Admin\PycharmProjects\MercadoApp\bit\跃马扬鞭_BR_loop_20260627_141422_ai_group_23.png
[2026-06-27 14:17:38] SENT group=24/26 ids=6087035048,4432416123,4443240057 method=shadow-button typed=True screenshot=C:\Users\Admin\PycharmProjects\MercadoApp\bit\跃马扬鞭_BR_loop_20260627_141422_ai_group_24.png
[2026-06-27 14:17:46] SENT group=25/26 ids=6158192696,4421876747,6120674468 method=shadow-button typed=True screenshot=C:\Users\Admin\PycharmProjects\MercadoApp\bit\跃马扬鞭_BR_loop_20260627_141422_ai_group_25.png
[2026-06-27 14:17:54] SENT group=26/26 ids=4381898889 method=shadow-button typed=True screenshot=C:\Users\Admin\PycharmProjects\MercadoApp\bit\跃马扬鞭_BR_loop_20260627_141422_ai_group_26.png
[2026-06-27 14:17:54] DONE ids=76 sent_groups=26
[2026-06-27 14:23:26] START window=跃马扬鞭 site=BR
[2026-06-27 14:24:20] COLLECTED ids=76 groups=26
[2026-06-27 14:24:32] SENT group=1/26 ids=6782142216,4500278569,6871324606 method=shadow-button typed=True screenshot=C:\Users\Admin\PycharmProjects\MercadoApp\bit\跃马扬鞭_BR_loop_20260627_142420_ai_group_1.png
[2026-06-27 14:24:40] SENT group=2/26 ids=6247651816,6823523342,6275596542 method=shadow-button typed=True screenshot=C:\Users\Admin\PycharmProjects\MercadoApp\bit\跃马扬鞭_BR_loop_20260627_142420_ai_group_2.png
[2026-06-27 14:24:48] SENT group=3/26 ids=6816324084,6816092368,6782108752 method=shadow-button typed=True screenshot=C:\Users\Admin\PycharmProjects\MercadoApp\bit\跃马扬鞭_BR_loop_20260627_142420_ai_group_3.png
[2026-06-27 14:24:56] SENT group=4/26 ids=6782086038,6782075896,6107792912 method=shadow-button typed=True screenshot=C:\Users\Admin\PycharmProjects\MercadoApp\bit\跃马扬鞭_BR_loop_20260627_142420_ai_group_4.png
[2026-06-27 14:25:04] SENT group=5/26 ids=6256291768,4385863883,6221601498 method=shadow-button typed=True screenshot=C:\Users\Admin\PycharmProjects\MercadoApp\bit\跃马扬鞭_BR_loop_20260627_142420_ai_group_5.png
[2026-06-27 14:25:12] SENT group=6/26 ids=6207099882,4529976111,6636102802 method=shadow-button typed=True screenshot=C:\Users\Admin\PycharmProjects\MercadoApp\bit\跃马扬鞭_BR_loop_20260627_142420_ai_group_6.png
[2026-06-27 14:25:20] SENT group=7/26 ids=6635994752,6636102844,6636102812 method=shadow-button typed=True screenshot=C:\Users\Admin\PycharmProjects\MercadoApp\bit\跃马扬鞭_BR_loop_20260627_142420_ai_group_7.png
[2026-06-27 14:25:28] SENT group=8/26 ids=6635994722,6636077666,6635994660 method=shadow-button typed=True screenshot=C:\Users\Admin\PycharmProjects\MercadoApp\bit\跃马扬鞭_BR_loop_20260627_142420_ai_group_8.png
[2026-06-27 14:25:36] SENT group=9/26 ids=6636090270,6635994668,6631312950 method=shadow-button typed=True screenshot=C:\Users\Admin\PycharmProjects\MercadoApp\bit\跃马扬鞭_BR_loop_20260627_142420_ai_group_9.png
[2026-06-27 14:25:44] SENT group=10/26 ids=6631421766,4612951769,6631248858 method=shadow-button typed=True screenshot=C:\Users\Admin\PycharmProjects\MercadoApp\bit\跃马扬鞭_BR_loop_20260627_142420_ai_group_10.png
[2026-06-27 14:25:52] SENT group=11/26 ids=6631308762,6631247728,6631308332 method=shadow-button typed=True screenshot=C:\Users\Admin\PycharmProjects\MercadoApp\bit\跃马扬鞭_BR_loop_20260627_142420_ai_group_11.png
[2026-06-27 14:26:00] SENT group=12/26 ids=6631308288,6631247700,6631308208 method=shadow-button typed=True screenshot=C:\Users\Admin\PycharmProjects\MercadoApp\bit\跃马扬鞭_BR_loop_20260627_142420_ai_group_12.png
[2026-06-27 14:26:08] SENT group=13/26 ids=6631144870,4612866923,6631246670 method=shadow-button typed=True screenshot=C:\Users\Admin\PycharmProjects\MercadoApp\bit\跃马扬鞭_BR_loop_20260627_142420_ai_group_13.png
[2026-06-27 14:26:16] SENT group=14/26 ids=4612866887,6631143318,4612866205 method=shadow-button typed=True screenshot=C:\Users\Admin\PycharmProjects\MercadoApp\bit\跃马扬鞭_BR_loop_20260627_142420_ai_group_14.png
[2026-06-27 14:26:24] SENT group=15/26 ids=6631143200,4476953283,4500329799 method=shadow-button typed=True screenshot=C:\Users\Admin\PycharmProjects\MercadoApp\bit\跃马扬鞭_BR_loop_20260627_142420_ai_group_15.png
[2026-06-27 14:26:32] SENT group=16/26 ids=6127671802,6177861432,6107767296 method=shadow-button typed=True screenshot=C:\Users\Admin\PycharmProjects\MercadoApp\bit\跃马扬鞭_BR_loop_20260627_142420_ai_group_16.png
[2026-06-27 14:26:40] SENT group=17/26 ids=6107767340,6120906798,4447701763 method=shadow-button typed=True screenshot=C:\Users\Admin\PycharmProjects\MercadoApp\bit\跃马扬鞭_BR_loop_20260627_142420_ai_group_17.png
[2026-06-27 14:26:48] SENT group=18/26 ids=4381937041,6273419292,6107792788 method=shadow-button typed=True screenshot=C:\Users\Admin\PycharmProjects\MercadoApp\bit\跃马扬鞭_BR_loop_20260627_142420_ai_group_18.png
[2026-06-27 14:26:56] SENT group=19/26 ids=6328307078,4385901999,6107525314 method=shadow-button typed=True screenshot=C:\Users\Admin\PycharmProjects\MercadoApp\bit\跃马扬鞭_BR_loop_20260627_142420_ai_group_19.png
[2026-06-27 14:27:04] SENT group=20/26 ids=4392218123,4447520625,4566699745 method=shadow-button typed=True screenshot=C:\Users\Admin\PycharmProjects\MercadoApp\bit\跃马扬鞭_BR_loop_20260627_142420_ai_group_20.png
[2026-06-27 14:27:12] SENT group=21/26 ids=6530755390,6530656488,4566660187 method=shadow-button typed=True screenshot=C:\Users\Admin\PycharmProjects\MercadoApp\bit\跃马扬鞭_BR_loop_20260627_142420_ai_group_21.png
[2026-06-27 14:27:20] SENT group=22/26 ids=4379405861,4530001545,6275609532 method=shadow-button typed=True screenshot=C:\Users\Admin\PycharmProjects\MercadoApp\bit\跃马扬鞭_BR_loop_20260627_142420_ai_group_22.png
[2026-06-27 14:27:28] SENT group=23/26 ids=6444077292,6443865202,6426073740 method=shadow-button typed=True screenshot=C:\Users\Admin\PycharmProjects\MercadoApp\bit\跃马扬鞭_BR_loop_20260627_142420_ai_group_23.png
[2026-06-27 14:27:36] SENT group=24/26 ids=6087035048,4432416123,4443240057 method=shadow-button typed=True screenshot=C:\Users\Admin\PycharmProjects\MercadoApp\bit\跃马扬鞭_BR_loop_20260627_142420_ai_group_24.png
[2026-06-27 14:27:44] SENT group=25/26 ids=6158192696,4421876747,6120674468 method=shadow-button typed=True screenshot=C:\Users\Admin\PycharmProjects\MercadoApp\bit\跃马扬鞭_BR_loop_20260627_142420_ai_group_25.png
[2026-06-27 14:27:52] SENT group=26/26 ids=4381898889 method=shadow-button typed=True screenshot=C:\Users\Admin\PycharmProjects\MercadoApp\bit\跃马扬鞭_BR_loop_20260627_142420_ai_group_26.png
[2026-06-27 14:27:52] DONE ids=76 sent_groups=26
[2026-06-27 14:33:28] START window=跃马扬鞭 site=BR
[2026-06-27 14:34:23] COLLECTED ids=76 groups=26
[2026-06-27 14:34:35] SENT group=1/26 ids=6782142216,4500278569,6871324606 method=shadow-button typed=True screenshot=C:\Users\Admin\PycharmProjects\MercadoApp\bit\跃马扬鞭_BR_loop_20260627_143423_ai_group_1.png
[2026-06-27 14:34:43] SENT group=2/26 ids=6247651816,6823523342,6275596542 method=shadow-button typed=True screenshot=C:\Users\Admin\PycharmProjects\MercadoApp\bit\跃马扬鞭_BR_loop_20260627_143423_ai_group_2.png
[2026-06-27 14:34:51] SENT group=3/26 ids=6816324084,6816092368,6782108752 method=shadow-button typed=True screenshot=C:\Users\Admin\PycharmProjects\MercadoApp\bit\跃马扬鞭_BR_loop_20260627_143423_ai_group_3.png
[2026-06-27 14:34:59] SENT group=4/26 ids=6782086038,6782075896,6107792912 method=shadow-button typed=True screenshot=C:\Users\Admin\PycharmProjects\MercadoApp\bit\跃马扬鞭_BR_loop_20260627_143423_ai_group_4.png
[2026-06-27 14:35:07] SENT group=5/26 ids=6256291768,4385863883,6221601498 method=shadow-button typed=True screenshot=C:\Users\Admin\PycharmProjects\MercadoApp\bit\跃马扬鞭_BR_loop_20260627_143423_ai_group_5.png
[2026-06-27 14:35:15] SENT group=6/26 ids=6207099882,4529976111,6636102802 method=shadow-button typed=True screenshot=C:\Users\Admin\PycharmProjects\MercadoApp\bit\跃马扬鞭_BR_loop_20260627_143423_ai_group_6.png
[2026-06-27 14:35:23] SENT group=7/26 ids=6635994752,6636102844,6636102812 method=shadow-button typed=True screenshot=C:\Users\Admin\PycharmProjects\MercadoApp\bit\跃马扬鞭_BR_loop_20260627_143423_ai_group_7.png
[2026-06-27 14:35:31] SENT group=8/26 ids=6635994722,6636077666,6635994660 method=shadow-button typed=True screenshot=C:\Users\Admin\PycharmProjects\MercadoApp\bit\跃马扬鞭_BR_loop_20260627_143423_ai_group_8.png
[2026-06-27 14:35:39] SENT group=9/26 ids=6636090270,6635994668,6631312950 method=shadow-button typed=True screenshot=C:\Users\Admin\PycharmProjects\MercadoApp\bit\跃马扬鞭_BR_loop_20260627_143423_ai_group_9.png
[2026-06-27 14:35:47] SENT group=10/26 ids=6631421766,4612951769,6631248858 method=shadow-button typed=True screenshot=C:\Users\Admin\PycharmProjects\MercadoApp\bit\跃马扬鞭_BR_loop_20260627_143423_ai_group_10.png
[2026-06-27 14:35:55] SENT group=11/26 ids=6631308762,6631247728,6631308332 method=shadow-button typed=True screenshot=C:\Users\Admin\PycharmProjects\MercadoApp\bit\跃马扬鞭_BR_loop_20260627_143423_ai_group_11.png
[2026-06-27 14:36:03] SENT group=12/26 ids=6631308288,6631247700,6631308208 method=shadow-button typed=True screenshot=C:\Users\Admin\PycharmProjects\MercadoApp\bit\跃马扬鞭_BR_loop_20260627_143423_ai_group_12.png
[2026-06-27 14:36:11] SENT group=13/26 ids=6631144870,4612866923,6631246670 method=shadow-button typed=True screenshot=C:\Users\Admin\PycharmProjects\MercadoApp\bit\跃马扬鞭_BR_loop_20260627_143423_ai_group_13.png
[2026-06-27 14:36:19] SENT group=14/26 ids=4612866887,6631143318,4612866205 method=shadow-button typed=True screenshot=C:\Users\Admin\PycharmProjects\MercadoApp\bit\跃马扬鞭_BR_loop_20260627_143423_ai_group_14.png
[2026-06-27 14:36:27] SENT group=15/26 ids=6631143200,4476953283,4500329799 method=shadow-button typed=True screenshot=C:\Users\Admin\PycharmProjects\MercadoApp\bit\跃马扬鞭_BR_loop_20260627_143423_ai_group_15.png
[2026-06-27 14:36:35] SENT group=16/26 ids=6127671802,6177861432,6107767296 method=shadow-button typed=True screenshot=C:\Users\Admin\PycharmProjects\MercadoApp\bit\跃马扬鞭_BR_loop_20260627_143423_ai_group_16.png
[2026-06-27 14:36:43] SENT group=17/26 ids=6107767340,6120906798,4447701763 method=shadow-button typed=True screenshot=C:\Users\Admin\PycharmProjects\MercadoApp\bit\跃马扬鞭_BR_loop_20260627_143423_ai_group_17.png
[2026-06-27 14:36:51] SENT group=18/26 ids=4381937041,6273419292,6107792788 method=shadow-button typed=True screenshot=C:\Users\Admin\PycharmProjects\MercadoApp\bit\跃马扬鞭_BR_loop_20260627_143423_ai_group_18.png
[2026-06-27 14:36:59] SENT group=19/26 ids=6328307078,4385901999,6107525314 method=shadow-button typed=True screenshot=C:\Users\Admin\PycharmProjects\MercadoApp\bit\跃马扬鞭_BR_loop_20260627_143423_ai_group_19.png
[2026-06-27 14:37:07] SENT group=20/26 ids=4392218123,4447520625,4566699745 method=shadow-button typed=True screenshot=C:\Users\Admin\PycharmProjects\MercadoApp\bit\跃马扬鞭_BR_loop_20260627_143423_ai_group_20.png
[2026-06-27 14:37:15] SENT group=21/26 ids=6530755390,6530656488,4566660187 method=shadow-button typed=True screenshot=C:\Users\Admin\PycharmProjects\MercadoApp\bit\跃马扬鞭_BR_loop_20260627_143423_ai_group_21.png
[2026-06-27 14:37:23] SENT group=22/26 ids=4379405861,4530001545,6275609532 method=shadow-button typed=True screenshot=C:\Users\Admin\PycharmProjects\MercadoApp\bit\跃马扬鞭_BR_loop_20260627_143423_ai_group_22.png
[2026-06-27 14:37:31] SENT group=23/26 ids=6444077292,6443865202,6426073740 method=shadow-button typed=True screenshot=C:\Users\Admin\PycharmProjects\MercadoApp\bit\跃马扬鞭_BR_loop_20260627_143423_ai_group_23.png
[2026-06-27 14:37:39] SENT group=24/26 ids=6087035048,4432416123,4443240057 method=shadow-button typed=True screenshot=C:\Users\Admin\PycharmProjects\MercadoApp\bit\跃马扬鞭_BR_loop_20260627_143423_ai_group_24.png
[2026-06-27 14:37:47] SENT group=25/26 ids=6158192696,4421876747,6120674468 method=shadow-button typed=True screenshot=C:\Users\Admin\PycharmProjects\MercadoApp\bit\跃马扬鞭_BR_loop_20260627_143423_ai_group_25.png
[2026-06-27 14:37:55] SENT group=26/26 ids=4381898889 method=shadow-button typed=True screenshot=C:\Users\Admin\PycharmProjects\MercadoApp\bit\跃马扬鞭_BR_loop_20260627_143423_ai_group_26.png
[2026-06-27 14:37:55] DONE ids=76 sent_groups=26
[2026-06-27 14:43:29] START window=跃马扬鞭 site=BR
[2026-06-27 14:44:26] COLLECTED ids=76 groups=26
[2026-06-27 14:44:38] SENT group=1/26 ids=6782142216,4500278569,6871324606 method=shadow-button typed=True screenshot=C:\Users\Admin\PycharmProjects\MercadoApp\bit\跃马扬鞭_BR_loop_20260627_144426_ai_group_1.png
[2026-06-27 14:44:46] SENT group=2/26 ids=6247651816,6823523342,6275596542 method=shadow-button typed=True screenshot=C:\Users\Admin\PycharmProjects\MercadoApp\bit\跃马扬鞭_BR_loop_20260627_144426_ai_group_2.png
[2026-06-27 14:44:54] SENT group=3/26 ids=6816324084,6816092368,6782108752 method=shadow-button typed=True screenshot=C:\Users\Admin\PycharmProjects\MercadoApp\bit\跃马扬鞭_BR_loop_20260627_144426_ai_group_3.png
[2026-06-27 14:45:02] SENT group=4/26 ids=6782086038,6782075896,6107792912 method=shadow-button typed=True screenshot=C:\Users\Admin\PycharmProjects\MercadoApp\bit\跃马扬鞭_BR_loop_20260627_144426_ai_group_4.png
[2026-06-27 14:45:10] SENT group=5/26 ids=6256291768,4385863883,6221601498 method=shadow-button typed=True screenshot=C:\Users\Admin\PycharmProjects\MercadoApp\bit\跃马扬鞭_BR_loop_20260627_144426_ai_group_5.png
[2026-06-27 14:45:18] SENT group=6/26 ids=6207099882,4529976111,6636102802 method=shadow-button typed=True screenshot=C:\Users\Admin\PycharmProjects\MercadoApp\bit\跃马扬鞭_BR_loop_20260627_144426_ai_group_6.png
[2026-06-27 14:45:26] SENT group=7/26 ids=6635994752,6636102844,6636102812 method=shadow-button typed=True screenshot=C:\Users\Admin\PycharmProjects\MercadoApp\bit\跃马扬鞭_BR_loop_20260627_144426_ai_group_7.png
[2026-06-27 14:45:34] SENT group=8/26 ids=6635994722,6636077666,6635994660 method=shadow-button typed=True screenshot=C:\Users\Admin\PycharmProjects\MercadoApp\bit\跃马扬鞭_BR_loop_20260627_144426_ai_group_8.png
[2026-06-27 14:45:42] SENT group=9/26 ids=6636090270,6635994668,6631312950 method=shadow-button typed=True screenshot=C:\Users\Admin\PycharmProjects\MercadoApp\bit\跃马扬鞭_BR_loop_20260627_144426_ai_group_9.png
[2026-06-27 14:45:50] SENT group=10/26 ids=6631421766,4612951769,6631248858 method=shadow-button typed=True screenshot=C:\Users\Admin\PycharmProjects\MercadoApp\bit\跃马扬鞭_BR_loop_20260627_144426_ai_group_10.png
[2026-06-27 14:45:58] SENT group=11/26 ids=6631308762,6631247728,6631308332 method=shadow-button typed=True screenshot=C:\Users\Admin\PycharmProjects\MercadoApp\bit\跃马扬鞭_BR_loop_20260627_144426_ai_group_11.png
[2026-06-27 14:46:06] SENT group=12/26 ids=6631308288,6631247700,6631308208 method=shadow-button typed=True screenshot=C:\Users\Admin\PycharmProjects\MercadoApp\bit\跃马扬鞭_BR_loop_20260627_144426_ai_group_12.png
[2026-06-27 14:46:14] SENT group=13/26 ids=6631144870,4612866923,6631246670 method=shadow-button typed=True screenshot=C:\Users\Admin\PycharmProjects\MercadoApp\bit\跃马扬鞭_BR_loop_20260627_144426_ai_group_13.png
[2026-06-27 14:46:22] SENT group=14/26 ids=4612866887,6631143318,4612866205 method=shadow-button typed=True screenshot=C:\Users\Admin\PycharmProjects\MercadoApp\bit\跃马扬鞭_BR_loop_20260627_144426_ai_group_14.png
[2026-06-27 14:46:30] SENT group=15/26 ids=6631143200,4476953283,4500329799 method=shadow-button typed=True screenshot=C:\Users\Admin\PycharmProjects\MercadoApp\bit\跃马扬鞭_BR_loop_20260627_144426_ai_group_15.png
[2026-06-27 14:46:38] SENT group=16/26 ids=6127671802,6177861432,6107767296 method=shadow-button typed=True screenshot=C:\Users\Admin\PycharmProjects\MercadoApp\bit\跃马扬鞭_BR_loop_20260627_144426_ai_group_16.png
[2026-06-27 14:46:46] SENT group=17/26 ids=6107767340,6120906798,4447701763 method=shadow-button typed=True screenshot=C:\Users\Admin\PycharmProjects\MercadoApp\bit\跃马扬鞭_BR_loop_20260627_144426_ai_group_17.png
[2026-06-27 14:46:54] SENT group=18/26 ids=4381937041,6273419292,6107792788 method=shadow-button typed=True screenshot=C:\Users\Admin\PycharmProjects\MercadoApp\bit\跃马扬鞭_BR_loop_20260627_144426_ai_group_18.png
[2026-06-27 14:47:02] SENT group=19/26 ids=6328307078,4385901999,6107525314 method=shadow-button typed=True screenshot=C:\Users\Admin\PycharmProjects\MercadoApp\bit\跃马扬鞭_BR_loop_20260627_144426_ai_group_19.png
[2026-06-27 14:47:10] SENT group=20/26 ids=4392218123,4447520625,4566699745 method=shadow-button typed=True screenshot=C:\Users\Admin\PycharmProjects\MercadoApp\bit\跃马扬鞭_BR_loop_20260627_144426_ai_group_20.png
[2026-06-27 14:47:18] SENT group=21/26 ids=6530755390,6530656488,4566660187 method=shadow-button typed=True screenshot=C:\Users\Admin\PycharmProjects\MercadoApp\bit\跃马扬鞭_BR_loop_20260627_144426_ai_group_21.png
[2026-06-27 14:47:26] SENT group=22/26 ids=4379405861,4530001545,6275609532 method=shadow-button typed=True screenshot=C:\Users\Admin\PycharmProjects\MercadoApp\bit\跃马扬鞭_BR_loop_20260627_144426_ai_group_22.png
[2026-06-27 14:47:34] SENT group=23/26 ids=6444077292,6443865202,6426073740 method=shadow-button typed=True screenshot=C:\Users\Admin\PycharmProjects\MercadoApp\bit\跃马扬鞭_BR_loop_20260627_144426_ai_group_23.png
[2026-06-27 14:47:42] SENT group=24/26 ids=6087035048,4432416123,4443240057 method=shadow-button typed=True screenshot=C:\Users\Admin\PycharmProjects\MercadoApp\bit\跃马扬鞭_BR_loop_20260627_144426_ai_group_24.png
[2026-06-27 14:47:50] SENT group=25/26 ids=6158192696,4421876747,6120674468 method=shadow-button typed=True screenshot=C:\Users\Admin\PycharmProjects\MercadoApp\bit\跃马扬鞭_BR_loop_20260627_144426_ai_group_25.png
[2026-06-27 14:47:58] SENT group=26/26 ids=4381898889 method=shadow-button typed=True screenshot=C:\Users\Admin\PycharmProjects\MercadoApp\bit\跃马扬鞭_BR_loop_20260627_144426_ai_group_26.png
[2026-06-27 14:47:58] DONE ids=76 sent_groups=26
[2026-06-27 15:21:21] START window=跃马扬鞭 site=BR
[2026-06-27 15:22:17] COLLECTED ids=65 groups=22
[2026-06-27 15:22:32] SENT group=1/22 ids=6782142216,4500278569,6871324606 method=enter-fallback typed=True screenshot=C:\Users\Admin\PycharmProjects\MercadoApp\bit\跃马扬鞭_BR_loop_20260627_152217_ai_group_1.png
[2026-06-27 15:22:40] SENT group=2/22 ids=6247651816,6823523342,6816324084 method=enter-fallback typed=True screenshot=C:\Users\Admin\PycharmProjects\MercadoApp\bit\跃马扬鞭_BR_loop_20260627_152217_ai_group_2.png
[2026-06-27 15:22:48] SENT group=3/22 ids=6816092368,6782108752,6782086038 method=enter-fallback typed=True screenshot=C:\Users\Admin\PycharmProjects\MercadoApp\bit\跃马扬鞭_BR_loop_20260627_152217_ai_group_3.png
[2026-06-27 15:22:55] SENT group=4/22 ids=6782075896,6256291768,6207099882 method=enter-fallback typed=True screenshot=C:\Users\Admin\PycharmProjects\MercadoApp\bit\跃马扬鞭_BR_loop_20260627_152217_ai_group_4.png
[2026-06-27 15:23:03] SENT group=5/22 ids=4529976111,6636102802,6635994752 method=enter-fallback typed=True screenshot=C:\Users\Admin\PycharmProjects\MercadoApp\bit\跃马扬鞭_BR_loop_20260627_152217_ai_group_5.png
[2026-06-27 15:23:11] SENT group=6/22 ids=6636102844,6636102812,6635994722 method=enter-fallback typed=True screenshot=C:\Users\Admin\PycharmProjects\MercadoApp\bit\跃马扬鞭_BR_loop_20260627_152217_ai_group_6.png
[2026-06-27 15:23:18] SENT group=7/22 ids=6636077666,6635994660,6636090270 method=enter-fallback typed=True screenshot=C:\Users\Admin\PycharmProjects\MercadoApp\bit\跃马扬鞭_BR_loop_20260627_152217_ai_group_7.png
[2026-06-27 15:23:26] SENT group=8/22 ids=6635994668,6631312950,6631421766 method=enter-fallback typed=True screenshot=C:\Users\Admin\PycharmProjects\MercadoApp\bit\跃马扬鞭_BR_loop_20260627_152217_ai_group_8.png
[2026-06-27 15:23:34] SENT group=9/22 ids=4612951769,6631248858,6631308762 method=enter-fallback typed=True screenshot=C:\Users\Admin\PycharmProjects\MercadoApp\bit\跃马扬鞭_BR_loop_20260627_152217_ai_group_9.png
[2026-06-27 15:23:41] SENT group=10/22 ids=6631247728,6631308332,6631308288 method=enter-fallback typed=True screenshot=C:\Users\Admin\PycharmProjects\MercadoApp\bit\跃马扬鞭_BR_loop_20260627_152217_ai_group_10.png
[2026-06-27 15:23:49] SENT group=11/22 ids=6631247700,6631308208,6631144870 method=enter-fallback typed=True screenshot=C:\Users\Admin\PycharmProjects\MercadoApp\bit\跃马扬鞭_BR_loop_20260627_152217_ai_group_11.png
[2026-06-27 15:23:57] SENT group=12/22 ids=4612866923,6631246670,4612866887 method=enter-fallback typed=True screenshot=C:\Users\Admin\PycharmProjects\MercadoApp\bit\跃马扬鞭_BR_loop_20260627_152217_ai_group_12.png
[2026-06-27 15:24:04] SENT group=13/22 ids=6631143318,4612866205,6631143200 method=enter-fallback typed=True screenshot=C:\Users\Admin\PycharmProjects\MercadoApp\bit\跃马扬鞭_BR_loop_20260627_152217_ai_group_13.png
[2026-06-27 15:24:12] SENT group=14/22 ids=4476953283,6127671802,6107767340 method=enter-fallback typed=True screenshot=C:\Users\Admin\PycharmProjects\MercadoApp\bit\跃马扬鞭_BR_loop_20260627_152217_ai_group_14.png
[2026-06-27 15:24:20] SENT group=15/22 ids=6120906798,4447701763,4381937041 method=enter-fallback typed=True screenshot=C:\Users\Admin\PycharmProjects\MercadoApp\bit\跃马扬鞭_BR_loop_20260627_152217_ai_group_15.png
[2026-06-27 15:24:27] SENT group=16/22 ids=6273419292,6107792788,6328307078 method=enter-fallback typed=True screenshot=C:\Users\Admin\PycharmProjects\MercadoApp\bit\跃马扬鞭_BR_loop_20260627_152217_ai_group_16.png
[2026-06-27 15:24:35] SENT group=17/22 ids=4385901999,6107525314,4392218123 method=enter-fallback typed=True screenshot=C:\Users\Admin\PycharmProjects\MercadoApp\bit\跃马扬鞭_BR_loop_20260627_152217_ai_group_17.png
[2026-06-27 15:24:43] SENT group=18/22 ids=4447520625,4566699745,6530755390 method=enter-fallback typed=True screenshot=C:\Users\Admin\PycharmProjects\MercadoApp\bit\跃马扬鞭_BR_loop_20260627_152217_ai_group_18.png
[2026-06-27 15:24:51] SENT group=19/22 ids=6530656488,4379405861,4530001545 method=enter-fallback typed=True screenshot=C:\Users\Admin\PycharmProjects\MercadoApp\bit\跃马扬鞭_BR_loop_20260627_152217_ai_group_19.png
[2026-06-27 15:24:58] SENT group=20/22 ids=6444077292,6443865202,6426073740 method=enter-fallback typed=True screenshot=C:\Users\Admin\PycharmProjects\MercadoApp\bit\跃马扬鞭_BR_loop_20260627_152217_ai_group_20.png
[2026-06-27 15:25:06] SENT group=21/22 ids=6087035048,4432416123,4443240057 method=enter-fallback typed=True screenshot=C:\Users\Admin\PycharmProjects\MercadoApp\bit\跃马扬鞭_BR_loop_20260627_152217_ai_group_21.png
[2026-06-27 15:25:14] SENT group=22/22 ids=6158192696,4421876747 method=enter-fallback typed=True screenshot=C:\Users\Admin\PycharmProjects\MercadoApp\bit\跃马扬鞭_BR_loop_20260627_152217_ai_group_22.png
[2026-06-27 15:25:14] DONE ids=65 sent_groups=22
[2026-06-27 15:29:42] START window=跃马扬鞭 site=BR
[2026-06-27 15:30:38] COLLECTED ids=65 groups=22
[2026-06-27 15:30:50] SENT group=1/22 ids=6782142216,4500278569,6871324606 method=enter-fallback typed=True screenshot=C:\Users\Admin\PycharmProjects\MercadoApp\bit\跃马扬鞭_BR_loop_20260627_153038_ai_group_1.png
[2026-06-27 15:30:58] SENT group=2/22 ids=6247651816,6823523342,6816324084 method=enter-fallback typed=True screenshot=C:\Users\Admin\PycharmProjects\MercadoApp\bit\跃马扬鞭_BR_loop_20260627_153038_ai_group_2.png
[2026-06-27 15:31:05] SENT group=3/22 ids=6816092368,6782108752,6782086038 method=enter-fallback typed=True screenshot=C:\Users\Admin\PycharmProjects\MercadoApp\bit\跃马扬鞭_BR_loop_20260627_153038_ai_group_3.png
[2026-06-27 15:31:13] SENT group=4/22 ids=6782075896,6256291768,6207099882 method=enter-fallback typed=True screenshot=C:\Users\Admin\PycharmProjects\MercadoApp\bit\跃马扬鞭_BR_loop_20260627_153038_ai_group_4.png
[2026-06-27 15:31:21] SENT group=5/22 ids=4529976111,6636102802,6635994752 method=enter-fallback typed=True screenshot=C:\Users\Admin\PycharmProjects\MercadoApp\bit\跃马扬鞭_BR_loop_20260627_153038_ai_group_5.png
[2026-06-27 15:31:28] SENT group=6/22 ids=6636102844,6636102812,6635994722 method=enter-fallback typed=True screenshot=C:\Users\Admin\PycharmProjects\MercadoApp\bit\跃马扬鞭_BR_loop_20260627_153038_ai_group_6.png
[2026-06-27 15:31:36] SENT group=7/22 ids=6636077666,6635994660,6636090270 method=enter-fallback typed=True screenshot=C:\Users\Admin\PycharmProjects\MercadoApp\bit\跃马扬鞭_BR_loop_20260627_153038_ai_group_7.png
[2026-06-27 15:31:44] SENT group=8/22 ids=6635994668,6631312950,6631421766 method=enter-fallback typed=True screenshot=C:\Users\Admin\PycharmProjects\MercadoApp\bit\跃马扬鞭_BR_loop_20260627_153038_ai_group_8.png
[2026-06-27 15:31:51] SENT group=9/22 ids=4612951769,6631248858,6631308762 method=enter-fallback typed=True screenshot=C:\Users\Admin\PycharmProjects\MercadoApp\bit\跃马扬鞭_BR_loop_20260627_153038_ai_group_9.png
[2026-06-27 15:31:59] SENT group=10/22 ids=6631247728,6631308332,6631308288 method=enter-fallback typed=True screenshot=C:\Users\Admin\PycharmProjects\MercadoApp\bit\跃马扬鞭_BR_loop_20260627_153038_ai_group_10.png
[2026-06-27 15:32:07] SENT group=11/22 ids=6631247700,6631308208,6631144870 method=enter-fallback typed=True screenshot=C:\Users\Admin\PycharmProjects\MercadoApp\bit\跃马扬鞭_BR_loop_20260627_153038_ai_group_11.png
[2026-06-27 15:32:14] SENT group=12/22 ids=4612866923,6631246670,4612866887 method=enter-fallback typed=True screenshot=C:\Users\Admin\PycharmProjects\MercadoApp\bit\跃马扬鞭_BR_loop_20260627_153038_ai_group_12.png
[2026-06-27 15:32:22] SENT group=13/22 ids=6631143318,4612866205,6631143200 method=enter-fallback typed=True screenshot=C:\Users\Admin\PycharmProjects\MercadoApp\bit\跃马扬鞭_BR_loop_20260627_153038_ai_group_13.png
[2026-06-27 15:32:30] SENT group=14/22 ids=4476953283,6127671802,6107767340 method=enter-fallback typed=True screenshot=C:\Users\Admin\PycharmProjects\MercadoApp\bit\跃马扬鞭_BR_loop_20260627_153038_ai_group_14.png
[2026-06-27 15:32:38] SENT group=15/22 ids=6120906798,4447701763,4381937041 method=enter-fallback typed=True screenshot=C:\Users\Admin\PycharmProjects\MercadoApp\bit\跃马扬鞭_BR_loop_20260627_153038_ai_group_15.png
[2026-06-27 15:32:45] SENT group=16/22 ids=6273419292,6107792788,6328307078 method=enter-fallback typed=True screenshot=C:\Users\Admin\PycharmProjects\MercadoApp\bit\跃马扬鞭_BR_loop_20260627_153038_ai_group_16.png
[2026-06-27 15:32:53] SENT group=17/22 ids=4385901999,6107525314,4392218123 method=enter-fallback typed=True screenshot=C:\Users\Admin\PycharmProjects\MercadoApp\bit\跃马扬鞭_BR_loop_20260627_153038_ai_group_17.png
[2026-06-27 15:33:01] SENT group=18/22 ids=4447520625,4566699745,6530755390 method=enter-fallback typed=True screenshot=C:\Users\Admin\PycharmProjects\MercadoApp\bit\跃马扬鞭_BR_loop_20260627_153038_ai_group_18.png
[2026-06-27 15:33:08] SENT group=19/22 ids=6530656488,4379405861,4530001545 method=shadow-button typed=True screenshot=C:\Users\Admin\PycharmProjects\MercadoApp\bit\跃马扬鞭_BR_loop_20260627_153038_ai_group_19.png
[2026-06-27 15:33:16] SENT group=20/22 ids=6444077292,6443865202,6426073740 method=enter-fallback typed=True screenshot=C:\Users\Admin\PycharmProjects\MercadoApp\bit\跃马扬鞭_BR_loop_20260627_153038_ai_group_20.png
[2026-06-27 15:33:24] SENT group=21/22 ids=6087035048,4432416123,4443240057 method=enter-fallback typed=True screenshot=C:\Users\Admin\PycharmProjects\MercadoApp\bit\跃马扬鞭_BR_loop_20260627_153038_ai_group_21.png
[2026-06-27 15:33:31] SENT group=22/22 ids=6158192696,4421876747 method=enter-fallback typed=True screenshot=C:\Users\Admin\PycharmProjects\MercadoApp\bit\跃马扬鞭_BR_loop_20260627_153038_ai_group_22.png
[2026-06-27 15:33:31] DONE ids=65 sent_groups=22
[2026-06-27 15:51:13] START window=跃马扬鞭 site=BR
[2026-06-27 15:52:05] COLLECTED ids=65 groups=22
[2026-06-27 15:52:17] SENT group=1/22 ids=6782142216,4500278569,6871324606 method=enter-fallback typed=True screenshot=C:\Users\Admin\PycharmProjects\MercadoApp\bit\跃马扬鞭_BR_loop_20260627_155205_ai_group_1.png
[2026-06-27 15:52:25] SENT group=2/22 ids=6247651816,6823523342,6816324084 method=enter-fallback typed=True screenshot=C:\Users\Admin\PycharmProjects\MercadoApp\bit\跃马扬鞭_BR_loop_20260627_155205_ai_group_2.png
[2026-06-27 15:52:32] SENT group=3/22 ids=6816092368,6782108752,6782086038 method=enter-fallback typed=True screenshot=C:\Users\Admin\PycharmProjects\MercadoApp\bit\跃马扬鞭_BR_loop_20260627_155205_ai_group_3.png
[2026-06-27 15:52:40] SENT group=4/22 ids=6782075896,6256291768,6207099882 method=enter-fallback typed=True screenshot=C:\Users\Admin\PycharmProjects\MercadoApp\bit\跃马扬鞭_BR_loop_20260627_155205_ai_group_4.png
[2026-06-27 15:52:48] SENT group=5/22 ids=4529976111,6636102802,6635994752 method=enter-fallback typed=True screenshot=C:\Users\Admin\PycharmProjects\MercadoApp\bit\跃马扬鞭_BR_loop_20260627_155205_ai_group_5.png
[2026-06-27 15:52:56] SENT group=6/22 ids=6636102844,6636102812,6635994722 method=enter-fallback typed=True screenshot=C:\Users\Admin\PycharmProjects\MercadoApp\bit\跃马扬鞭_BR_loop_20260627_155205_ai_group_6.png
[2026-06-27 15:53:03] SENT group=7/22 ids=6636077666,6635994660,6636090270 method=enter-fallback typed=True screenshot=C:\Users\Admin\PycharmProjects\MercadoApp\bit\跃马扬鞭_BR_loop_20260627_155205_ai_group_7.png
[2026-06-27 15:53:11] SENT group=8/22 ids=6635994668,6631312950,6631421766 method=enter-fallback typed=True screenshot=C:\Users\Admin\PycharmProjects\MercadoApp\bit\跃马扬鞭_BR_loop_20260627_155205_ai_group_8.png
[2026-06-27 15:53:19] SENT group=9/22 ids=4612951769,6631248858,6631308762 method=enter-fallback typed=True screenshot=C:\Users\Admin\PycharmProjects\MercadoApp\bit\跃马扬鞭_BR_loop_20260627_155205_ai_group_9.png
[2026-06-27 15:53:26] SENT group=10/22 ids=6631247728,6631308332,6631308288 method=enter-fallback typed=True screenshot=C:\Users\Admin\PycharmProjects\MercadoApp\bit\跃马扬鞭_BR_loop_20260627_155205_ai_group_10.png
[2026-06-27 15:53:34] SENT group=11/22 ids=6631247700,6631308208,6631144870 method=enter-fallback typed=True screenshot=C:\Users\Admin\PycharmProjects\MercadoApp\bit\跃马扬鞭_BR_loop_20260627_155205_ai_group_11.png
[2026-06-27 15:53:42] SENT group=12/22 ids=4612866923,6631246670,4612866887 method=enter-fallback typed=True screenshot=C:\Users\Admin\PycharmProjects\MercadoApp\bit\跃马扬鞭_BR_loop_20260627_155205_ai_group_12.png
[2026-06-27 15:53:50] SENT group=13/22 ids=6631143318,4612866205,6631143200 method=enter-fallback typed=True screenshot=C:\Users\Admin\PycharmProjects\MercadoApp\bit\跃马扬鞭_BR_loop_20260627_155205_ai_group_13.png
[2026-06-27 15:53:57] SENT group=14/22 ids=4476953283,6127671802,6107767340 method=enter-fallback typed=True screenshot=C:\Users\Admin\PycharmProjects\MercadoApp\bit\跃马扬鞭_BR_loop_20260627_155205_ai_group_14.png
[2026-06-27 15:54:05] SENT group=15/22 ids=6120906798,4447701763,4381937041 method=enter-fallback typed=True screenshot=C:\Users\Admin\PycharmProjects\MercadoApp\bit\跃马扬鞭_BR_loop_20260627_155205_ai_group_15.png
[2026-06-27 15:54:13] SENT group=16/22 ids=6273419292,6107792788,6328307078 method=enter-fallback typed=True screenshot=C:\Users\Admin\PycharmProjects\MercadoApp\bit\跃马扬鞭_BR_loop_20260627_155205_ai_group_16.png
[2026-06-27 15:54:20] SENT group=17/22 ids=4385901999,6107525314,4392218123 method=enter-fallback typed=True screenshot=C:\Users\Admin\PycharmProjects\MercadoApp\bit\跃马扬鞭_BR_loop_20260627_155205_ai_group_17.png
[2026-06-27 15:54:28] SENT group=18/22 ids=4447520625,4566699745,6530755390 method=enter-fallback typed=True screenshot=C:\Users\Admin\PycharmProjects\MercadoApp\bit\跃马扬鞭_BR_loop_20260627_155205_ai_group_18.png
[2026-06-27 15:54:36] SENT group=19/22 ids=6530656488,4379405861,4530001545 method=enter-fallback typed=True screenshot=C:\Users\Admin\PycharmProjects\MercadoApp\bit\跃马扬鞭_BR_loop_20260627_155205_ai_group_19.png
[2026-06-27 15:54:44] SENT group=20/22 ids=6444077292,6443865202,6426073740 method=enter-fallback typed=True screenshot=C:\Users\Admin\PycharmProjects\MercadoApp\bit\跃马扬鞭_BR_loop_20260627_155205_ai_group_20.png
[2026-06-27 15:54:51] SENT group=21/22 ids=6087035048,4432416123,4443240057 method=enter-fallback typed=True screenshot=C:\Users\Admin\PycharmProjects\MercadoApp\bit\跃马扬鞭_BR_loop_20260627_155205_ai_group_21.png
[2026-06-27 15:54:59] SENT group=22/22 ids=6158192696,4421876747 method=enter-fallback typed=True screenshot=C:\Users\Admin\PycharmProjects\MercadoApp\bit\跃马扬鞭_BR_loop_20260627_155205_ai_group_22.png
[2026-06-27 15:54:59] DONE ids=65 sent_groups=22
[2026-06-27 15:56:13] START window=跃马扬鞭 site=BR
[2026-06-27 15:57:01] COLLECTED ids=65 groups=22
[2026-06-27 15:57:13] SENT group=1/22 ids=6782142216,4500278569,6871324606 method=enter-fallback typed=True screenshot=C:\Users\Admin\PycharmProjects\MercadoApp\bit\跃马扬鞭_BR_loop_20260627_155701_ai_group_1.png
[2026-06-27 15:57:21] SENT group=2/22 ids=6247651816,6823523342,6816324084 method=enter-fallback typed=True screenshot=C:\Users\Admin\PycharmProjects\MercadoApp\bit\跃马扬鞭_BR_loop_20260627_155701_ai_group_2.png
[2026-06-27 15:57:28] SENT group=3/22 ids=6816092368,6782108752,6782086038 method=enter-fallback typed=True screenshot=C:\Users\Admin\PycharmProjects\MercadoApp\bit\跃马扬鞭_BR_loop_20260627_155701_ai_group_3.png
[2026-06-27 15:57:36] SENT group=4/22 ids=6782075896,6256291768,6207099882 method=enter-fallback typed=True screenshot=C:\Users\Admin\PycharmProjects\MercadoApp\bit\跃马扬鞭_BR_loop_20260627_155701_ai_group_4.png
[2026-06-27 15:57:44] SENT group=5/22 ids=4529976111,6636102802,6635994752 method=enter-fallback typed=True screenshot=C:\Users\Admin\PycharmProjects\MercadoApp\bit\跃马扬鞭_BR_loop_20260627_155701_ai_group_5.png
[2026-06-27 15:57:51] SENT group=6/22 ids=6636102844,6636102812,6635994722 method=enter-fallback typed=True screenshot=C:\Users\Admin\PycharmProjects\MercadoApp\bit\跃马扬鞭_BR_loop_20260627_155701_ai_group_6.png
[2026-06-27 15:57:59] SENT group=7/22 ids=6636077666,6635994660,6636090270 method=enter-fallback typed=True screenshot=C:\Users\Admin\PycharmProjects\MercadoApp\bit\跃马扬鞭_BR_loop_20260627_155701_ai_group_7.png
[2026-06-27 15:58:07] SENT group=8/22 ids=6635994668,6631312950,6631421766 method=enter-fallback typed=True screenshot=C:\Users\Admin\PycharmProjects\MercadoApp\bit\跃马扬鞭_BR_loop_20260627_155701_ai_group_8.png
[2026-06-27 15:58:15] SENT group=9/22 ids=4612951769,6631248858,6631308762 method=enter-fallback typed=True screenshot=C:\Users\Admin\PycharmProjects\MercadoApp\bit\跃马扬鞭_BR_loop_20260627_155701_ai_group_9.png
[2026-06-27 15:58:22] SENT group=10/22 ids=6631247728,6631308332,6631308288 method=enter-fallback typed=True screenshot=C:\Users\Admin\PycharmProjects\MercadoApp\bit\跃马扬鞭_BR_loop_20260627_155701_ai_group_10.png
[2026-06-27 15:58:30] SENT group=11/22 ids=6631247700,6631308208,6631144870 method=enter-fallback typed=True screenshot=C:\Users\Admin\PycharmProjects\MercadoApp\bit\跃马扬鞭_BR_loop_20260627_155701_ai_group_11.png
[2026-06-27 15:58:38] SENT group=12/22 ids=4612866923,6631246670,4612866887 method=enter-fallback typed=True screenshot=C:\Users\Admin\PycharmProjects\MercadoApp\bit\跃马扬鞭_BR_loop_20260627_155701_ai_group_12.png
[2026-06-27 15:58:45] SENT group=13/22 ids=6631143318,4612866205,6631143200 method=enter-fallback typed=True screenshot=C:\Users\Admin\PycharmProjects\MercadoApp\bit\跃马扬鞭_BR_loop_20260627_155701_ai_group_13.png
[2026-06-27 15:58:53] SENT group=14/22 ids=4476953283,6127671802,6107767340 method=enter-fallback typed=True screenshot=C:\Users\Admin\PycharmProjects\MercadoApp\bit\跃马扬鞭_BR_loop_20260627_155701_ai_group_14.png
[2026-06-27 15:59:01] SENT group=15/22 ids=6120906798,4447701763,4381937041 method=enter-fallback typed=True screenshot=C:\Users\Admin\PycharmProjects\MercadoApp\bit\跃马扬鞭_BR_loop_20260627_155701_ai_group_15.png
[2026-06-27 15:59:09] SENT group=16/22 ids=6273419292,6107792788,6328307078 method=enter-fallback typed=True screenshot=C:\Users\Admin\PycharmProjects\MercadoApp\bit\跃马扬鞭_BR_loop_20260627_155701_ai_group_16.png
[2026-06-27 15:59:16] SENT group=17/22 ids=4385901999,6107525314,4392218123 method=enter-fallback typed=True screenshot=C:\Users\Admin\PycharmProjects\MercadoApp\bit\跃马扬鞭_BR_loop_20260627_155701_ai_group_17.png
[2026-06-27 15:59:24] SENT group=18/22 ids=4447520625,4566699745,6530755390 method=enter-fallback typed=True screenshot=C:\Users\Admin\PycharmProjects\MercadoApp\bit\跃马扬鞭_BR_loop_20260627_155701_ai_group_18.png
[2026-06-27 15:59:32] SENT group=19/22 ids=6530656488,4379405861,4530001545 method=enter-fallback typed=True screenshot=C:\Users\Admin\PycharmProjects\MercadoApp\bit\跃马扬鞭_BR_loop_20260627_155701_ai_group_19.png
[2026-06-27 15:59:39] SENT group=20/22 ids=6444077292,6443865202,6426073740 method=enter-fallback typed=True screenshot=C:\Users\Admin\PycharmProjects\MercadoApp\bit\跃马扬鞭_BR_loop_20260627_155701_ai_group_20.png
[2026-06-27 15:59:47] SENT group=21/22 ids=6087035048,4432416123,4443240057 method=enter-fallback typed=True screenshot=C:\Users\Admin\PycharmProjects\MercadoApp\bit\跃马扬鞭_BR_loop_20260627_155701_ai_group_21.png
[2026-06-27 15:59:55] SENT group=22/22 ids=6158192696,4421876747 method=enter-fallback typed=True screenshot=C:\Users\Admin\PycharmProjects\MercadoApp\bit\跃马扬鞭_BR_loop_20260627_155701_ai_group_22.png
[2026-06-27 15:59:55] DONE ids=65 sent_groups=22
